Square_id,Time_Interval,Internet_Activity
4159,2013-10-31 23:00:00,224.80853
4159,2013-10-31 23:10:00,183.50499
4159,2013-10-31 23:20:00,204.4313
4159,2013-10-31 23:30:00,212.37405
4159,2013-10-31 23:40:00,195.768
4159,2013-10-31 23:50:00,211.8606
4159,2013-11-01 00:00:00,218.11395
4159,2013-11-01 00:10:00,261.68927
4159,2013-11-01 00:20:00,175.93375
4159,2013-11-01 00:30:00,204.93506
4159,2013-11-01 00:40:00,175.95897
4159,2013-11-01 00:50:00,188.50415
4159,2013-11-01 01:00:00,185.85257
4159,2013-11-01 01:10:00,210.17012
4159,2013-11-01 01:20:00,193.34804
4159,2013-11-01 01:30:00,181.34715
4159,2013-11-01 01:40:00,193.0342
4159,2013-11-01 01:50:00,179.21008
4159,2013-11-01 02:00:00,178.50423
4159,2013-11-01 02:10:00,213.55557
4159,2013-11-01 02:20:00,206.8106
4159,2013-11-01 02:30:00,175.17155
4159,2013-11-01 02:40:00,197.03378
4159,2013-11-01 02:50:00,168.97226
4159,2013-11-01 03:00:00,164.46248
4159,2013-11-01 03:10:00,159.40231
4159,2013-11-01 03:20:00,169.21748
4159,2013-11-01 03:30:00,149.31512
4159,2013-11-01 03:40:00,168.92844
4159,2013-11-01 03:50:00,155.45425
4159,2013-11-01 04:00:00,155.57454
4159,2013-11-01 04:10:00,199.38121
4159,2013-11-01 04:20:00,148.11186
4159,2013-11-01 04:30:00,144.12645
4159,2013-11-01 04:40:00,159.8122
4159,2013-11-01 04:50:00,138.16702
4159,2013-11-01 05:00:00,137.11569
4159,2013-11-01 05:10:00,148.21376
4159,2013-11-01 05:20:00,141.27867
4159,2013-11-01 05:30:00,125.014984
4159,2013-11-01 05:40:00,165.19193
4159,2013-11-01 05:50:00,122.0555
4159,2013-11-01 06:00:00,126.15569
4159,2013-11-01 06:10:00,130.9877
4159,2013-11-01 06:20:00,127.05454
4159,2013-11-01 06:30:00,136.49104
4159,2013-11-01 06:40:00,128.79324
4159,2013-11-01 06:50:00,122.9359
4159,2013-11-01 07:00:00,120.78218
4159,2013-11-01 07:10:00,128.98831
4159,2013-11-01 07:20:00,147.3943
4159,2013-11-01 07:30:00,134.18338
4159,2013-11-01 07:40:00,131.78539
4159,2013-11-01 07:50:00,134.874
4159,2013-11-01 08:00:00,139.11931
4159,2013-11-01 08:10:00,131.35843
4159,2013-11-01 08:20:00,147.19934
4159,2013-11-01 08:30:00,139.27963
4159,2013-11-01 08:40:00,153.12152
4159,2013-11-01 08:50:00,148.70712
4159,2013-11-01 09:00:00,175.84048
4159,2013-11-01 09:10:00,219.75519
4159,2013-11-01 09:20:00,136.86684
4159,2013-11-01 09:30:00,142.26685
4159,2013-11-01 09:40:00,142.70291
4159,2013-11-01 09:50:00,127.402176
4159,2013-11-01 10:00:00,159.0622
4159,2013-11-01 10:10:00,207.259
4159,2013-11-01 10:20:00,177.97113
4159,2013-11-01 10:30:00,180.69073
4159,2013-11-01 10:40:00,184.70868
4159,2013-11-01 10:50:00,127.59932
4159,2013-11-01 11:00:00,142.40486
4159,2013-11-01 11:10:00,158.01833
4159,2013-11-01 11:20:00,172.7982
4159,2013-11-01 11:30:00,194.51517
4159,2013-11-01 11:40:00,175.64897
4159,2013-11-01 11:50:00,139.47574
4159,2013-11-01 12:00:00,181.07513
4159,2013-11-01 12:10:00,165.60515
4159,2013-11-01 12:20:00,158.2177
4159,2013-11-01 12:30:00,132.5066
4159,2013-11-01 12:40:00,147.85144
4159,2013-11-01 12:50:00,151.09845
4159,2013-11-01 13:00:00,148.91452
4159,2013-11-01 13:10:00,140.86243
4159,2013-11-01 13:20:00,157.93304
4159,2013-11-01 13:30:00,203.51265
4159,2013-11-01 13:40:00,196.21806
4159,2013-11-01 13:50:00,189.43748
4159,2013-11-01 14:00:00,151.52654
4159,2013-11-01 14:10:00,204.06906
4159,2013-11-01 14:20:00,145.47203
4159,2013-11-01 14:30:00,165.5997
4159,2013-11-01 14:40:00,184.54575
4159,2013-11-01 14:50:00,184.59526
4159,2013-11-01 15:00:00,196.18489
4159,2013-11-01 15:10:00,176.23978
4159,2013-11-01 15:20:00,193.04834
4159,2013-11-01 15:30:00,168.1584
4159,2013-11-01 15:40:00,187.02719
4159,2013-11-01 15:50:00,238.50496
4159,2013-11-01 16:00:00,233.15718
4159,2013-11-01 16:10:00,220.70149
4159,2013-11-01 16:20:00,166.37546
4159,2013-11-01 16:30:00,204.85233
4159,2013-11-01 16:40:00,166.41988
4159,2013-11-01 16:50:00,131.19708
4159,2013-11-01 17:00:00,124.10627
4159,2013-11-01 17:10:00,134.76952
4159,2013-11-01 17:20:00,124.01504
4159,2013-11-01 17:30:00,176.11624
4159,2013-11-01 17:40:00,160.50745
4159,2013-11-01 17:50:00,148.32321
4159,2013-11-01 18:00:00,135.54861
4159,2013-11-01 18:10:00,140.46239
4159,2013-11-01 18:20:00,164.86469
4159,2013-11-01 18:30:00,147.72122
4159,2013-11-01 18:40:00,176.92067
4159,2013-11-01 18:50:00,132.95479
4159,2013-11-01 19:00:00,143.12581
4159,2013-11-01 19:10:00,172.8504
4159,2013-11-01 19:20:00,145.92496
4159,2013-11-01 19:30:00,200.47539
4159,2013-11-01 19:40:00,139.7828
4159,2013-11-01 19:50:00,148.1339
4159,2013-11-01 20:00:00,137.63098
4159,2013-11-01 20:10:00,150.1835
4159,2013-11-01 20:20:00,138.3986
4159,2013-11-01 20:30:00,151.9266
4159,2013-11-01 20:40:00,168.35033
4159,2013-11-01 20:50:00,140.04597
4159,2013-11-01 21:00:00,129.30383
4159,2013-11-01 21:10:00,147.39427
4159,2013-11-01 21:20:00,142.45624
4159,2013-11-01 21:30:00,136.114
4159,2013-11-01 21:40:00,129.94257
4159,2013-11-01 21:50:00,140.5279
4159,2013-11-01 22:00:00,145.98947
4159,2013-11-01 22:10:00,208.15216
4159,2013-11-01 22:20:00,162.32779
4159,2013-11-01 22:30:00,147.60649
4159,2013-11-01 22:40:00,145.56383
4159,2013-11-01 22:50:00,143.8314
4159,2013-11-01 23:00:00,189.51863
4159,2013-11-01 23:10:00,144.22232
4159,2013-11-01 23:20:00,167.56119
4159,2013-11-01 23:30:00,181.39635
4159,2013-11-01 23:40:00,164.30121
4159,2013-11-01 23:50:00,141.18533
4159,2013-11-02 00:00:00,152.1406
4159,2013-11-02 00:10:00,146.03006
4159,2013-11-02 00:20:00,127.6552
4159,2013-11-02 00:30:00,134.00441
4159,2013-11-02 00:40:00,116.42611
4159,2013-11-02 00:50:00,112.56753
4159,2013-11-02 01:00:00,119.70527
4159,2013-11-02 01:10:00,109.83044
4159,2013-11-02 01:20:00,107.53997
4159,2013-11-02 01:30:00,112.06507
4159,2013-11-02 01:40:00,105.89937
4159,2013-11-02 01:50:00,101.38106
4159,2013-11-02 02:00:00,105.701904
4159,2013-11-02 02:10:00,95.36801
4159,2013-11-02 02:20:00,97.65385
4159,2013-11-02 02:30:00,97.14236
4159,2013-11-02 02:40:00,100.729546
4159,2013-11-02 02:50:00,92.296745
4159,2013-11-02 03:00:00,94.79659
4159,2013-11-02 03:10:00,92.89135
4159,2013-11-02 03:20:00,90.04638
4159,2013-11-02 03:30:00,95.19556
4159,2013-11-02 03:40:00,89.9528
4159,2013-11-02 03:50:00,89.18651
4159,2013-11-02 04:00:00,88.494286
4159,2013-11-02 04:10:00,90.42279
4159,2013-11-02 04:20:00,80.28643
4159,2013-11-02 04:30:00,81.28852
4159,2013-11-02 04:40:00,91.552505
4159,2013-11-02 04:50:00,88.11791
4159,2013-11-02 05:00:00,88.75357
4159,2013-11-02 05:10:00,89.58513
4159,2013-11-02 05:20:00,92.3825
4159,2013-11-02 05:30:00,89.790344
4159,2013-11-02 05:40:00,86.61322
4159,2013-11-02 05:50:00,87.313
4159,2013-11-02 06:00:00,86.89168
4159,2013-11-02 06:10:00,89.908676
4159,2013-11-02 06:20:00,101.09314
4159,2013-11-02 06:30:00,99.79095
4159,2013-11-02 06:40:00,116.97414
4159,2013-11-02 06:50:00,129.55136
4159,2013-11-02 07:00:00,116.48285
4159,2013-11-02 07:10:00,116.35505
4159,2013-11-02 07:20:00,105.05546
4159,2013-11-02 07:30:00,102.57538
4159,2013-11-02 07:40:00,125.133095
4159,2013-11-02 07:50:00,130.57654
4159,2013-11-02 08:00:00,122.80347
4159,2013-11-02 08:10:00,133.11862
4159,2013-11-02 08:20:00,227.68887
4159,2013-11-02 08:30:00,239.46698
4159,2013-11-02 08:40:00,145.75937
4159,2013-11-02 08:50:00,132.52505
4159,2013-11-02 09:00:00,173.86734
4159,2013-11-02 09:10:00,158.89767
4159,2013-11-02 09:20:00,163.37007
4159,2013-11-02 09:30:00,161.90662
4159,2013-11-02 09:40:00,158.73622
4159,2013-11-02 09:50:00,195.23303
4159,2013-11-02 10:00:00,137.36575
4159,2013-11-02 10:10:00,145.3056
4159,2013-11-02 10:20:00,148.94182
4159,2013-11-02 10:30:00,154.95995
4159,2013-11-02 10:40:00,155.89906
4159,2013-11-02 10:50:00,178.3788
4159,2013-11-02 11:00:00,161.48305
4159,2013-11-02 11:10:00,168.52805
4159,2013-11-02 11:20:00,173.32236
4159,2013-11-02 11:30:00,155.21754
4159,2013-11-02 11:40:00,135.23857
4159,2013-11-02 11:50:00,133.61467
4159,2013-11-02 12:00:00,119.187416
4159,2013-11-02 12:10:00,122.66864
4159,2013-11-02 12:20:00,116.16541
4159,2013-11-02 12:30:00,126.929565
4159,2013-11-02 12:40:00,112.47042
4159,2013-11-02 12:50:00,115.299255
4159,2013-11-02 13:00:00,123.12801
4159,2013-11-02 13:10:00,136.41135
4159,2013-11-02 13:20:00,143.64928
4159,2013-11-02 13:30:00,147.19772
4159,2013-11-02 13:40:00,189.80164
4159,2013-11-02 13:50:00,161.74797
4159,2013-11-02 14:00:00,138.46428
4159,2013-11-02 14:10:00,138.57553
4159,2013-11-02 14:20:00,146.48541
4159,2013-11-02 14:30:00,162.49567
4159,2013-11-02 14:40:00,197.28085
4159,2013-11-02 14:50:00,124.15399
4159,2013-11-02 15:00:00,184.0926
4159,2013-11-02 15:10:00,166.23256
4159,2013-11-02 15:20:00,147.49635
4159,2013-11-02 15:30:00,201.02345
4159,2013-11-02 15:40:00,134.369
4159,2013-11-02 15:50:00,135.29811
4159,2013-11-02 16:00:00,153.41235
4159,2013-11-02 16:10:00,151.82492
4159,2013-11-02 16:20:00,150.47005
4159,2013-11-02 16:30:00,188.38063
4159,2013-11-02 16:40:00,163.32014
4159,2013-11-02 16:50:00,143.5571
4159,2013-11-02 17:00:00,159.08669
4159,2013-11-02 17:10:00,164.30365
4159,2013-11-02 17:20:00,155.13005
4159,2013-11-02 17:30:00,164.84015
4159,2013-11-02 17:40:00,246.79556
4159,2013-11-02 17:50:00,160.23425
4159,2013-11-02 18:00:00,191.71901
4159,2013-11-02 18:10:00,184.49774
4159,2013-11-02 18:20:00,182.29973
4159,2013-11-02 18:30:00,178.13104
4159,2013-11-02 18:40:00,188.9515
4159,2013-11-02 18:50:00,185.64436
4159,2013-11-02 19:00:00,205.4895
4159,2013-11-02 19:10:00,183.47433
4159,2013-11-02 19:20:00,162.03555
4159,2013-11-02 19:30:00,189.87282
4159,2013-11-02 19:40:00,175.27496
4159,2013-11-02 19:50:00,148.33006
4159,2013-11-02 20:00:00,175.83391
4159,2013-11-02 20:10:00,145.55556
4159,2013-11-02 20:20:00,180.83516
4159,2013-11-02 20:30:00,149.85567
4159,2013-11-02 20:40:00,160.43665
4159,2013-11-02 20:50:00,153.92587
4159,2013-11-02 21:00:00,201.57283
4159,2013-11-02 21:10:00,177.26921
4159,2013-11-02 21:20:00,156.7703
4159,2013-11-02 21:30:00,195.22803
4159,2013-11-02 21:40:00,175.51595
4159,2013-11-02 21:50:00,143.11284
4159,2013-11-02 22:00:00,155.34288
4159,2013-11-02 22:10:00,192.86595
4159,2013-11-02 22:20:00,182.32802
4159,2013-11-02 22:30:00,173.37337
4159,2013-11-02 22:40:00,187.34656
4159,2013-11-02 22:50:00,126.910835
4159,2013-11-02 23:00:00,149.97098
4159,2013-11-02 23:10:00,158.43474
4159,2013-11-02 23:20:00,141.6209
4159,2013-11-02 23:30:00,178.16417
4159,2013-11-02 23:40:00,164.91246
4159,2013-11-02 23:50:00,152.6383
4159,2013-11-03 00:00:00,181.04521
4159,2013-11-03 00:10:00,172.87062
4159,2013-11-03 00:20:00,153.16524
4159,2013-11-03 00:30:00,250.48335
4159,2013-11-03 00:40:00,165.98026
4159,2013-11-03 00:50:00,172.35239
4159,2013-11-03 01:00:00,167.66037
4159,2013-11-03 01:10:00,152.35843
4159,2013-11-03 01:20:00,154.51852
4159,2013-11-03 01:30:00,168.66385
4159,2013-11-03 01:40:00,152.68051
4159,2013-11-03 01:50:00,142.17479
4159,2013-11-03 02:00:00,160.56306
4159,2013-11-03 02:10:00,153.6427
4159,2013-11-03 02:20:00,141.8523
4159,2013-11-03 02:30:00,138.11003
4159,2013-11-03 02:40:00,141.25214
4159,2013-11-03 02:50:00,137.3991
4159,2013-11-03 03:00:00,136.95444
4159,2013-11-03 03:10:00,132.60817
4159,2013-11-03 03:20:00,122.31549
4159,2013-11-03 03:30:00,128.69495
4159,2013-11-03 03:40:00,116.82861
4159,2013-11-03 03:50:00,123.57646
4159,2013-11-03 04:00:00,125.06671
4159,2013-11-03 04:10:00,113.14375
4159,2013-11-03 04:20:00,111.89051
4159,2013-11-03 04:30:00,113.90645
4159,2013-11-03 04:40:00,116.58249
4159,2013-11-03 04:50:00,108.24938
4159,2013-11-03 05:00:00,110.595375
4159,2013-11-03 05:10:00,116.29055
4159,2013-11-03 05:20:00,96.76384
4159,2013-11-03 05:30:00,97.78314
4159,2013-11-03 05:40:00,90.94608
4159,2013-11-03 05:50:00,101.382706
4159,2013-11-03 06:00:00,100.17104
4159,2013-11-03 06:10:00,98.05949
4159,2013-11-03 06:20:00,99.35465
4159,2013-11-03 06:30:00,96.84711
4159,2013-11-03 06:40:00,95.93254
4159,2013-11-03 06:50:00,94.45428
4159,2013-11-03 07:00:00,93.0411
4159,2013-11-03 07:10:00,97.35428
4159,2013-11-03 07:20:00,103.38119
4159,2013-11-03 07:30:00,106.63818
4159,2013-11-03 07:40:00,99.85609
4159,2013-11-03 07:50:00,106.59425
4159,2013-11-03 08:00:00,134.53464
4159,2013-11-03 08:10:00,115.138504
4159,2013-11-03 08:20:00,132.25746
4159,2013-11-03 08:30:00,133.39384
4159,2013-11-03 08:40:00,116.65032
4159,2013-11-03 08:50:00,143.01698
4159,2013-11-03 09:00:00,141.0888
4159,2013-11-03 09:10:00,123.13446
4159,2013-11-03 09:20:00,122.62403
4159,2013-11-03 09:30:00,171.65752
4159,2013-11-03 09:40:00,131.70651
4159,2013-11-03 09:50:00,190.08655
4159,2013-11-03 10:00:00,132.80884
4159,2013-11-03 10:10:00,191.91054
4159,2013-11-03 10:20:00,156.76648
4159,2013-11-03 10:30:00,134.1345
4159,2013-11-03 10:40:00,147.45078
4159,2013-11-03 10:50:00,182.08823
4159,2013-11-03 11:00:00,141.04335
4159,2013-11-03 11:10:00,149.81613
4159,2013-11-03 11:20:00,146.47409
4159,2013-11-03 11:30:00,159.47777
4159,2013-11-03 11:40:00,156.22269
4159,2013-11-03 11:50:00,163.2555
4159,2013-11-03 12:00:00,180.96806
4159,2013-11-03 12:10:00,171.89241
4159,2013-11-03 12:20:00,174.92578
4159,2013-11-03 12:30:00,143.68294
4159,2013-11-03 12:40:00,150.59384
4159,2013-11-03 12:50:00,160.74026
4159,2013-11-03 13:00:00,160.22313
4159,2013-11-03 13:10:00,163.84428
4159,2013-11-03 13:20:00,178.86366
4159,2013-11-03 13:30:00,193.47983
4159,2013-11-03 13:40:00,174.79697
4159,2013-11-03 13:50:00,180.09062
4159,2013-11-03 14:00:00,176.19926
4159,2013-11-03 14:10:00,159.60193
4159,2013-11-03 14:20:00,149.51596
4159,2013-11-03 14:30:00,166.03886
4159,2013-11-03 14:40:00,136.24294
4159,2013-11-03 14:50:00,190.89482
4159,2013-11-03 15:00:00,204.98311
4159,2013-11-03 15:10:00,167.92822
4159,2013-11-03 15:20:00,149.47507
4159,2013-11-03 15:30:00,246.94298
4159,2013-11-03 15:40:00,165.88988
4159,2013-11-03 15:50:00,177.96413
4159,2013-11-03 16:00:00,196.77545
4159,2013-11-03 16:10:00,176.95645
4159,2013-11-03 16:20:00,185.68913
4159,2013-11-03 16:30:00,175.76411
4159,2013-11-03 16:40:00,176.20474
4159,2013-11-03 16:50:00,179.74864
4159,2013-11-03 17:00:00,214.10098
4159,2013-11-03 17:10:00,177.49466
4159,2013-11-03 17:20:00,217.03914
4159,2013-11-03 17:30:00,198.94276
4159,2013-11-03 17:40:00,193.61801
4159,2013-11-03 17:50:00,181.4357
4159,2013-11-03 18:00:00,201.19289
4159,2013-11-03 18:10:00,180.99223
4159,2013-11-03 18:20:00,195.68935
4159,2013-11-03 18:30:00,193.65593
4159,2013-11-03 18:40:00,220.36496
4159,2013-11-03 18:50:00,185.35811
4159,2013-11-03 19:00:00,214.74391
4159,2013-11-03 19:10:00,232.42157
4159,2013-11-03 19:20:00,187.44336
4159,2013-11-03 19:30:00,205.6312
4159,2013-11-03 19:40:00,221.3138
4159,2013-11-03 19:50:00,261.44913
4159,2013-11-03 20:00:00,204.30397
4159,2013-11-03 20:10:00,219.30388
4159,2013-11-03 20:20:00,220.35052
4159,2013-11-03 20:30:00,353.0042
4159,2013-11-03 20:40:00,282.13675
4159,2013-11-03 20:50:00,204.81294
4159,2013-11-03 21:00:00,204.0484
4159,2013-11-03 21:10:00,234.29352
4159,2013-11-03 21:20:00,183.78174
4159,2013-11-03 21:30:00,226.34384
4159,2013-11-03 21:40:00,234.47255
4159,2013-11-03 21:50:00,189.83937
4159,2013-11-03 22:00:00,196.8078
4159,2013-11-03 22:10:00,205.11812
4159,2013-11-03 22:20:00,227.95953
4159,2013-11-03 22:30:00,228.91144
4159,2013-11-03 22:40:00,185.03365
4159,2013-11-03 22:50:00,164.7944
4159,2013-11-03 23:00:00,200.00069
4159,2013-11-03 23:10:00,163.94667
4159,2013-11-03 23:20:00,172.96353
4159,2013-11-03 23:30:00,191.32492
4159,2013-11-03 23:40:00,173.43068
4159,2013-11-03 23:50:00,163.72665
4159,2013-11-04 00:00:00,151.5075
4159,2013-11-04 00:10:00,173.59184
4159,2013-11-04 00:20:00,149.70766
4159,2013-11-04 00:30:00,154.45564
4159,2013-11-04 00:40:00,146.69983
4159,2013-11-04 00:50:00,146.1208
4159,2013-11-04 01:00:00,147.67741
4159,2013-11-04 01:10:00,141.66174
4159,2013-11-04 01:20:00,144.20107
4159,2013-11-04 01:30:00,129.08842
4159,2013-11-04 01:40:00,136.44136
4159,2013-11-04 01:50:00,127.66844
4159,2013-11-04 02:00:00,126.18672
4159,2013-11-04 02:10:00,134.19356
4159,2013-11-04 02:20:00,134.95366
4159,2013-11-04 02:30:00,132.51964
4159,2013-11-04 02:40:00,147.23923
4159,2013-11-04 02:50:00,162.89195
4159,2013-11-04 03:00:00,129.56166
4159,2013-11-04 03:10:00,128.46683
4159,2013-11-04 03:20:00,132.98695
4159,2013-11-04 03:30:00,118.86364
4159,2013-11-04 03:40:00,120.775566
4159,2013-11-04 03:50:00,124.600494
4159,2013-11-04 04:00:00,119.1688
4159,2013-11-04 04:10:00,121.55251
4159,2013-11-04 04:20:00,126.228325
4159,2013-11-04 04:30:00,124.361626
4159,2013-11-04 04:40:00,123.77182
4159,2013-11-04 04:50:00,128.87485
4159,2013-11-04 05:00:00,136.63545
4159,2013-11-04 05:10:00,123.97351
4159,2013-11-04 05:20:00,139.74678
4159,2013-11-04 05:30:00,148.62021
4159,2013-11-04 05:40:00,143.30975
4159,2013-11-04 05:50:00,153.45042
4159,2013-11-04 06:00:00,176.43587
4159,2013-11-04 06:10:00,183.72351
4159,2013-11-04 06:20:00,197.79422
4159,2013-11-04 06:30:00,218.18507
4159,2013-11-04 06:40:00,231.42332
4159,2013-11-04 06:50:00,267.3203
4159,2013-11-04 07:00:00,383.3658
4159,2013-11-04 07:10:00,284.88013
4159,2013-11-04 07:20:00,421.24197
4159,2013-11-04 07:30:00,527.93134
4159,2013-11-04 07:40:00,431.23538
4159,2013-11-04 07:50:00,469.53613
4159,2013-11-04 08:00:00,482.58118
4159,2013-11-04 08:10:00,339.63007
4159,2013-11-04 08:20:00,426.06488
4159,2013-11-04 08:30:00,438.3667
4159,2013-11-04 08:40:00,417.0983
4159,2013-11-04 08:50:00,456.57928
4159,2013-11-04 09:00:00,459.307
4159,2013-11-04 09:10:00,501.2381
4159,2013-11-04 09:20:00,585.0346
4159,2013-11-04 09:30:00,542.69586
4159,2013-11-04 09:40:00,472.59668
4159,2013-11-04 09:50:00,528.8368
4159,2013-11-04 10:00:00,534.004
4159,2013-11-04 10:10:00,495.08224
4159,2013-11-04 10:20:00,492.70615
4159,2013-11-04 10:30:00,528.2993
4159,2013-11-04 10:40:00,479.19614
4159,2013-11-04 10:50:00,527.8937
4159,2013-11-04 11:00:00,640.29126
4159,2013-11-04 11:10:00,592.3667
4159,2013-11-04 11:20:00,703.82794
4159,2013-11-04 11:30:00,696.0407
4159,2013-11-04 11:40:00,624.52454
4159,2013-11-04 11:50:00,619.5478
4159,2013-11-04 12:00:00,663.0654
4159,2013-11-04 12:10:00,598.129
4159,2013-11-04 12:20:00,683.8503
4159,2013-11-04 12:30:00,630.3454
4159,2013-11-04 12:40:00,594.3654
4159,2013-11-04 12:50:00,743.31665
4159,2013-11-04 13:00:00,762.228
4159,2013-11-04 13:10:00,668.40594
4159,2013-11-04 13:20:00,678.1585
4159,2013-11-04 13:30:00,644.99097
4159,2013-11-04 13:40:00,603.9824
4159,2013-11-04 13:50:00,575.57764
4159,2013-11-04 14:00:00,595.6998
4159,2013-11-04 14:10:00,598.20233
4159,2013-11-04 14:20:00,620.86816
4159,2013-11-04 14:30:00,528.86597
4159,2013-11-04 14:40:00,509.62515
4159,2013-11-04 14:50:00,571.143
4159,2013-11-04 15:00:00,613.1434
4159,2013-11-04 15:10:00,707.68396
4159,2013-11-04 15:20:00,570.5777
4159,2013-11-04 15:30:00,566.7175
4159,2013-11-04 15:40:00,505.53757
4159,2013-11-04 15:50:00,479.48532
4159,2013-11-04 16:00:00,521.23846
4159,2013-11-04 16:10:00,491.4509
4159,2013-11-04 16:20:00,474.45642
4159,2013-11-04 16:30:00,516.87427
4159,2013-11-04 16:40:00,567.3686
4159,2013-11-04 16:50:00,523.12683
4159,2013-11-04 17:00:00,488.13425
4159,2013-11-04 17:10:00,851.05145
4159,2013-11-04 17:20:00,516.09985
4159,2013-11-04 17:30:00,422.8407
4159,2013-11-04 17:40:00,444.83185
4159,2013-11-04 17:50:00,499.83807
4159,2013-11-04 18:00:00,505.12796
4159,2013-11-04 18:10:00,633.85895
4159,2013-11-04 18:20:00,464.27814
4159,2013-11-04 18:30:00,388.2386
4159,2013-11-04 18:40:00,362.57578
4159,2013-11-04 18:50:00,421.26212
4159,2013-11-04 19:00:00,414.29752
4159,2013-11-04 19:10:00,358.4215
4159,2013-11-04 19:20:00,270.3681
4159,2013-11-04 19:30:00,318.41144
4159,2013-11-04 19:40:00,276.51584
4159,2013-11-04 19:50:00,337.71207
4159,2013-11-04 20:00:00,417.66107
4159,2013-11-04 20:10:00,308.96558
4159,2013-11-04 20:20:00,240.64032
4159,2013-11-04 20:30:00,342.6899
4159,2013-11-04 20:40:00,314.84753
4159,2013-11-04 20:50:00,386.51813
4159,2013-11-04 21:00:00,348.4697
4159,2013-11-04 21:10:00,325.03046
4159,2013-11-04 21:20:00,278.90466
4159,2013-11-04 21:30:00,297.31018
4159,2013-11-04 21:40:00,333.99982
4159,2013-11-04 21:50:00,306.98157
4159,2013-11-04 22:00:00,283.03983
4159,2013-11-04 22:10:00,230.54527
4159,2013-11-04 22:20:00,241.23695
4159,2013-11-04 22:30:00,277.81436
4159,2013-11-04 22:40:00,238.39342
4159,2013-11-04 22:50:00,238.72285
4159,2013-11-04 23:00:00,207.49419
4159,2013-11-04 23:10:00,201.09172
4159,2013-11-04 23:20:00,192.69548
4159,2013-11-04 23:30:00,215.41267
4159,2013-11-04 23:40:00,160.9956
4159,2013-11-04 23:50:00,165.6331
4159,2013-11-05 00:00:00,176.49176
4159,2013-11-05 00:10:00,155.0251
4159,2013-11-05 00:20:00,143.60738
4159,2013-11-05 00:30:00,158.78154
4159,2013-11-05 00:40:00,146.05716
4159,2013-11-05 00:50:00,143.97032
4159,2013-11-05 01:00:00,149.17424
4159,2013-11-05 01:10:00,144.896
4159,2013-11-05 01:20:00,130.8931
4159,2013-11-05 01:30:00,141.0333
4159,2013-11-05 01:40:00,137.1821
4159,2013-11-05 01:50:00,134.77315
4159,2013-11-05 02:00:00,143.93423
4159,2013-11-05 02:10:00,128.6939
4159,2013-11-05 02:20:00,121.964226
4159,2013-11-05 02:30:00,148.0907
4159,2013-11-05 02:40:00,124.54469
4159,2013-11-05 02:50:00,121.03723
4159,2013-11-05 03:00:00,134.76688
4159,2013-11-05 03:10:00,118.26776
4159,2013-11-05 03:20:00,121.85186
4159,2013-11-05 03:30:00,136.82387
4159,2013-11-05 03:40:00,120.48939
4159,2013-11-05 03:50:00,125.86823
4159,2013-11-05 04:00:00,139.35818
4159,2013-11-05 04:10:00,132.80035
4159,2013-11-05 04:20:00,120.84961
4159,2013-11-05 04:30:00,139.06038
4159,2013-11-05 04:40:00,304.20023
4159,2013-11-05 04:50:00,161.47588
4159,2013-11-05 05:00:00,146.89348
4159,2013-11-05 05:10:00,137.06723
4159,2013-11-05 05:20:00,140.91833
4159,2013-11-05 05:30:00,157.8139
4159,2013-11-05 05:40:00,159.48073
4159,2013-11-05 05:50:00,159.17073
4159,2013-11-05 06:00:00,217.18983
4159,2013-11-05 06:10:00,184.39589
4159,2013-11-05 06:20:00,241.60109
4159,2013-11-05 06:30:00,241.13052
4159,2013-11-05 06:40:00,244.47377
4159,2013-11-05 06:50:00,313.42902
4159,2013-11-05 07:00:00,337.50177
4159,2013-11-05 07:10:00,296.14362
4159,2013-11-05 07:20:00,293.3334
4159,2013-11-05 07:30:00,357.94794
4159,2013-11-05 07:40:00,385.6193
4159,2013-11-05 07:50:00,498.78745
4159,2013-11-05 08:00:00,474.13177
4159,2013-11-05 08:10:00,470.73846
4159,2013-11-05 08:20:00,516.16833
4159,2013-11-05 08:30:00,438.67087
4159,2013-11-05 08:40:00,455.71216
4159,2013-11-05 08:50:00,438.6428
4159,2013-11-05 09:00:00,467.58005
4159,2013-11-05 09:10:00,524.94684
4159,2013-11-05 09:20:00,576.45984
4159,2013-11-05 09:30:00,542.6952
4159,2013-11-05 09:40:00,530.96027
4159,2013-11-05 09:50:00,544.0896
4159,2013-11-05 10:00:00,494.62497
4159,2013-11-05 10:10:00,492.12427
4159,2013-11-05 10:20:00,572.35706
4159,2013-11-05 10:30:00,534.95856
4159,2013-11-05 10:40:00,562.612
4159,2013-11-05 10:50:00,628.17255
4159,2013-11-05 11:00:00,673.8365
4159,2013-11-05 11:10:00,625.8295
4159,2013-11-05 11:20:00,591.7769
4159,2013-11-05 11:30:00,567.54486
4159,2013-11-05 11:40:00,565.3278
4159,2013-11-05 11:50:00,563.0111
4159,2013-11-05 12:00:00,600.82404
4159,2013-11-05 12:10:00,561.3042
4159,2013-11-05 12:20:00,540.82495
4159,2013-11-05 12:30:00,527.15564
4159,2013-11-05 12:40:00,538.2495
4159,2013-11-05 12:50:00,609.9399
4159,2013-11-05 13:00:00,624.33075
4159,2013-11-05 13:10:00,611.41327
4159,2013-11-05 13:20:00,701.591
4159,2013-11-05 13:30:00,561.2812
4159,2013-11-05 13:40:00,607.6915
4159,2013-11-05 13:50:00,526.4994
4159,2013-11-05 14:00:00,596.7618
4159,2013-11-05 14:10:00,559.744
4159,2013-11-05 14:20:00,482.74417
4159,2013-11-05 14:30:00,503.59363
4159,2013-11-05 14:40:00,513.453
4159,2013-11-05 14:50:00,505.79333
4159,2013-11-05 15:00:00,632.56067
4159,2013-11-05 15:10:00,621.13605
4159,2013-11-05 15:20:00,527.4236
4159,2013-11-05 15:30:00,502.73428
4159,2013-11-05 15:40:00,581.04266
4159,2013-11-05 15:50:00,524.4608
4159,2013-11-05 16:00:00,582.64575
4159,2013-11-05 16:10:00,615.5107
4159,2013-11-05 16:20:00,595.81775
4159,2013-11-05 16:30:00,604.2856
4159,2013-11-05 16:40:00,568.04614
4159,2013-11-05 16:50:00,582.5681
4159,2013-11-05 17:00:00,662.5054
4159,2013-11-05 17:10:00,529.7038
4159,2013-11-05 17:20:00,504.183
4159,2013-11-05 17:30:00,474.33224
4159,2013-11-05 17:40:00,492.95325
4159,2013-11-05 17:50:00,532.5455
4159,2013-11-05 18:00:00,450.14124
4159,2013-11-05 18:10:00,436.74152
4159,2013-11-05 18:20:00,384.4729
4159,2013-11-05 18:30:00,373.4115
4159,2013-11-05 18:40:00,327.04956
4159,2013-11-05 18:50:00,323.75204
4159,2013-11-05 19:00:00,355.2388
4159,2013-11-05 19:10:00,298.37067
4159,2013-11-05 19:20:00,294.5519
4159,2013-11-05 19:30:00,289.39206
4159,2013-11-05 19:40:00,255.22029
4159,2013-11-05 19:50:00,271.59686
4159,2013-11-05 20:00:00,358.0898
4159,2013-11-05 20:10:00,257.2638
4159,2013-11-05 20:20:00,280.1673
4159,2013-11-05 20:30:00,322.1717
4159,2013-11-05 20:40:00,357.63858
4159,2013-11-05 20:50:00,281.36407
4159,2013-11-05 21:00:00,261.29376
4159,2013-11-05 21:10:00,276.26132
4159,2013-11-05 21:20:00,306.63907
4159,2013-11-05 21:30:00,415.63922
4159,2013-11-05 21:40:00,301.28085
4159,2013-11-05 21:50:00,282.2825
4159,2013-11-05 22:00:00,222.1347
4159,2013-11-05 22:10:00,218.88652
4159,2013-11-05 22:20:00,246.8712
4159,2013-11-05 22:30:00,288.08435
4159,2013-11-05 22:40:00,212.11394
4159,2013-11-05 22:50:00,222.25919
4159,2013-11-05 23:00:00,233.51045
4159,2013-11-05 23:10:00,185.16748
4159,2013-11-05 23:20:00,207.55667
4159,2013-11-05 23:30:00,242.95944
4159,2013-11-05 23:40:00,196.88243
4159,2013-11-05 23:50:00,209.51018
4159,2013-11-06 00:00:00,194.69293
4159,2013-11-06 00:10:00,172.007
4159,2013-11-06 00:20:00,171.28671
4159,2013-11-06 00:30:00,165.78831
4159,2013-11-06 00:40:00,156.893
4159,2013-11-06 00:50:00,169.49904
4159,2013-11-06 01:00:00,158.76341
4159,2013-11-06 01:10:00,171.58458
4159,2013-11-06 01:20:00,161.82585
4159,2013-11-06 01:30:00,153.57275
4159,2013-11-06 01:40:00,151.33852
4159,2013-11-06 01:50:00,137.37268
4159,2013-11-06 02:00:00,138.84836
4159,2013-11-06 02:10:00,127.401245
4159,2013-11-06 02:20:00,142.13872
4159,2013-11-06 02:30:00,134.21877
4159,2013-11-06 02:40:00,146.42714
4159,2013-11-06 02:50:00,126.16555
4159,2013-11-06 03:00:00,123.618965
4159,2013-11-06 03:10:00,120.62131
4159,2013-11-06 03:20:00,121.03055
4159,2013-11-06 03:30:00,122.79312
4159,2013-11-06 03:40:00,120.606224
4159,2013-11-06 03:50:00,125.080864
4159,2013-11-06 04:00:00,127.38473
4159,2013-11-06 04:10:00,114.453125
4159,2013-11-06 04:20:00,127.31125
4159,2013-11-06 04:30:00,133.81128
4159,2013-11-06 04:40:00,125.77706
4159,2013-11-06 04:50:00,131.46194
4159,2013-11-06 05:00:00,133.19197
4159,2013-11-06 05:10:00,132.21875
4159,2013-11-06 05:20:00,133.36485
4159,2013-11-06 05:30:00,138.44447
4159,2013-11-06 05:40:00,162.197
4159,2013-11-06 05:50:00,158.7336
4159,2013-11-06 06:00:00,168.2723
4159,2013-11-06 06:10:00,178.10527
4159,2013-11-06 06:20:00,184.73195
4159,2013-11-06 06:30:00,217.34933
4159,2013-11-06 06:40:00,247.95021
4159,2013-11-06 06:50:00,265.89624
4159,2013-11-06 07:00:00,384.5067
4159,2013-11-06 07:10:00,331.2367
4159,2013-11-06 07:20:00,338.05612
4159,2013-11-06 07:30:00,495.402
4159,2013-11-06 07:40:00,475.3882
4159,2013-11-06 07:50:00,430.65018
4159,2013-11-06 08:00:00,452.4421
4159,2013-11-06 08:10:00,475.7563
4159,2013-11-06 08:20:00,484.48917
4159,2013-11-06 08:30:00,490.48834
4159,2013-11-06 08:40:00,500.70615
4159,2013-11-06 08:50:00,512.7588
4159,2013-11-06 09:00:00,494.36288
4159,2013-11-06 09:10:00,564.0646
4159,2013-11-06 09:20:00,694.09143
4159,2013-11-06 09:30:00,617.2234
4159,2013-11-06 09:40:00,627.91974
4159,2013-11-06 09:50:00,611.2802
4159,2013-11-06 10:00:00,615.2729
4159,2013-11-06 10:10:00,578.04913
4159,2013-11-06 10:20:00,547.43304
4159,2013-11-06 10:30:00,556.9875
4159,2013-11-06 10:40:00,528.07056
4159,2013-11-06 10:50:00,620.6816
4159,2013-11-06 11:00:00,790.3338
4159,2013-11-06 11:10:00,732.36597
4159,2013-11-06 11:20:00,674.7951
4159,2013-11-06 11:30:00,701.4908
4159,2013-11-06 11:40:00,643.67566
4159,2013-11-06 11:50:00,605.6645
4159,2013-11-06 12:00:00,696.7669
4159,2013-11-06 12:10:00,676.5817
4159,2013-11-06 12:20:00,721.1113
4159,2013-11-06 12:30:00,665.9476
4159,2013-11-06 12:40:00,722.5338
4159,2013-11-06 12:50:00,757.1941
4159,2013-11-06 13:00:00,736.0354
4159,2013-11-06 13:10:00,638.7254
4159,2013-11-06 13:20:00,669.62964
4159,2013-11-06 13:30:00,626.5728
4159,2013-11-06 13:40:00,643.2955
4159,2013-11-06 13:50:00,625.7572
4159,2013-11-06 14:00:00,593.1311
4159,2013-11-06 14:10:00,620.9429
4159,2013-11-06 14:20:00,630.74023
4159,2013-11-06 14:30:00,581.8893
4159,2013-11-06 14:40:00,608.77856
4159,2013-11-06 14:50:00,600.305
4159,2013-11-06 15:00:00,642.1194
4159,2013-11-06 15:10:00,673.51587
4159,2013-11-06 15:20:00,646.64435
4159,2013-11-06 15:30:00,561.21564
4159,2013-11-06 15:40:00,610.63153
4159,2013-11-06 15:50:00,607.5735
4159,2013-11-06 16:00:00,515.6873
4159,2013-11-06 16:10:00,544.14856
4159,2013-11-06 16:20:00,579.5475
4159,2013-11-06 16:30:00,547.2433
4159,2013-11-06 16:40:00,624.9876
4159,2013-11-06 16:50:00,601.6831
4159,2013-11-06 17:00:00,526.67737
4159,2013-11-06 17:10:00,560.8758
4159,2013-11-06 17:20:00,476.48053
4159,2013-11-06 17:30:00,449.18842
4159,2013-11-06 17:40:00,440.65955
4159,2013-11-06 17:50:00,399.50464
4159,2013-11-06 18:00:00,443.25687
4159,2013-11-06 18:10:00,425.1191
4159,2013-11-06 18:20:00,397.57693
4159,2013-11-06 18:30:00,396.3141
4159,2013-11-06 18:40:00,393.33527
4159,2013-11-06 18:50:00,335.8108
4159,2013-11-06 19:00:00,301.41486
4159,2013-11-06 19:10:00,372.99942
4159,2013-11-06 19:20:00,342.52722
4159,2013-11-06 19:30:00,315.5538
4159,2013-11-06 19:40:00,341.43762
4159,2013-11-06 19:50:00,395.32245
4159,2013-11-06 20:00:00,289.13858
4159,2013-11-06 20:10:00,325.51035
4159,2013-11-06 20:20:00,305.40036
4159,2013-11-06 20:30:00,287.12503
4159,2013-11-06 20:40:00,297.64365
4159,2013-11-06 20:50:00,333.46375
4159,2013-11-06 21:00:00,246.31137
4159,2013-11-06 21:10:00,255.84882
4159,2013-11-06 21:20:00,265.88196
4159,2013-11-06 21:30:00,244.47243
4159,2013-11-06 21:40:00,306.051
4159,2013-11-06 21:50:00,268.46207
4159,2013-11-06 22:00:00,236.44557
4159,2013-11-06 22:10:00,299.64377
4159,2013-11-06 22:20:00,236.97357
4159,2013-11-06 22:30:00,234.4363
4159,2013-11-06 22:40:00,251.71916
4159,2013-11-06 22:50:00,256.17358
4159,2013-11-06 23:00:00,268.80502
4159,2013-11-06 23:10:00,284.98694
4159,2013-11-06 23:20:00,256.80502
4159,2013-11-06 23:30:00,217.61108
4159,2013-11-06 23:40:00,221.46338
4159,2013-11-06 23:50:00,223.01523
4159,2013-11-07 00:00:00,226.95935
4159,2013-11-07 00:10:00,172.1217
4159,2013-11-07 00:20:00,152.67393
4159,2013-11-07 00:30:00,157.31415
4159,2013-11-07 00:40:00,158.89922
4159,2013-11-07 00:50:00,140.72916
4159,2013-11-07 01:00:00,147.33548
4159,2013-11-07 01:10:00,142.99478
4159,2013-11-07 01:20:00,136.1284
4159,2013-11-07 01:30:00,128.38737
4159,2013-11-07 01:40:00,138.81032
4159,2013-11-07 01:50:00,130.7992
4159,2013-11-07 02:00:00,134.39948
4159,2013-11-07 02:10:00,139.04623
4159,2013-11-07 02:20:00,127.05037
4159,2013-11-07 02:30:00,131.06293
4159,2013-11-07 02:40:00,141.51424
4159,2013-11-07 02:50:00,130.1656
4159,2013-11-07 03:00:00,123.806
4159,2013-11-07 03:10:00,136.28792
4159,2013-11-07 03:20:00,129.27512
4159,2013-11-07 03:30:00,134.82452
4159,2013-11-07 03:40:00,186.03134
4159,2013-11-07 03:50:00,170.9966
4159,2013-11-07 04:00:00,155.41954
4159,2013-11-07 04:10:00,133.83826
4159,2013-11-07 04:20:00,121.27755
4159,2013-11-07 04:30:00,123.96192
4159,2013-11-07 04:40:00,130.3259
4159,2013-11-07 04:50:00,122.30021
4159,2013-11-07 05:00:00,118.88892
4159,2013-11-07 05:10:00,129.30428
4159,2013-11-07 05:20:00,127.437584
4159,2013-11-07 05:30:00,132.20224
4159,2013-11-07 05:40:00,155.05675
4159,2013-11-07 05:50:00,147.9941
4159,2013-11-07 06:00:00,165.18214
4159,2013-11-07 06:10:00,200.50137
4159,2013-11-07 06:20:00,176.6063
4159,2013-11-07 06:30:00,222.45216
4159,2013-11-07 06:40:00,228.0537
4159,2013-11-07 06:50:00,301.58548
4159,2013-11-07 07:00:00,313.86005
4159,2013-11-07 07:10:00,309.3599
4159,2013-11-07 07:20:00,326.5336
4159,2013-11-07 07:30:00,349.79776
4159,2013-11-07 07:40:00,433.2975
4159,2013-11-07 07:50:00,456.19617
4159,2013-11-07 08:00:00,406.77628
4159,2013-11-07 08:10:00,450.67838
4159,2013-11-07 08:20:00,470.74377
4159,2013-11-07 08:30:00,434.8389
4159,2013-11-07 08:40:00,464.26578
4159,2013-11-07 08:50:00,512.3583
4159,2013-11-07 09:00:00,462.74417
4159,2013-11-07 09:10:00,634.1228
4159,2013-11-07 09:20:00,643.952
4159,2013-11-07 09:30:00,605.23035
4159,2013-11-07 09:40:00,561.7232
4159,2013-11-07 09:50:00,615.5068
4159,2013-11-07 10:00:00,509.18823
4159,2013-11-07 10:10:00,504.7616
4159,2013-11-07 10:20:00,501.2049
4159,2013-11-07 10:30:00,530.1281
4159,2013-11-07 10:40:00,547.18634
4159,2013-11-07 10:50:00,527.2049
4159,2013-11-07 11:00:00,648.73175
4159,2013-11-07 11:10:00,613.2849
4159,2013-11-07 11:20:00,765.915
4159,2013-11-07 11:30:00,744.44086
4159,2013-11-07 11:40:00,704.68524
4159,2013-11-07 11:50:00,788.1481
4159,2013-11-07 12:00:00,691.2262
4159,2013-11-07 12:10:00,668.67035
4159,2013-11-07 12:20:00,636.8682
4159,2013-11-07 12:30:00,626.56616
4159,2013-11-07 12:40:00,678.52466
4159,2013-11-07 12:50:00,644.1173
4159,2013-11-07 13:00:00,707.4776
4159,2013-11-07 13:10:00,796.34894
4159,2013-11-07 13:20:00,731.1514
4159,2013-11-07 13:30:00,613.5862
4159,2013-11-07 13:40:00,717.0405
4159,2013-11-07 13:50:00,692.97406
4159,2013-11-07 14:00:00,574.1822
4159,2013-11-07 14:10:00,662.67725
4159,2013-11-07 14:20:00,575.91437
4159,2013-11-07 14:30:00,647.2291
4159,2013-11-07 14:40:00,719.54816
4159,2013-11-07 14:50:00,633.94183
4159,2013-11-07 15:00:00,634.31683
4159,2013-11-07 15:10:00,787.4187
4159,2013-11-07 15:20:00,564.685
4159,2013-11-07 15:30:00,522.6594
4159,2013-11-07 15:40:00,584.92993
4159,2013-11-07 15:50:00,533.1925
4159,2013-11-07 16:00:00,528.78845
4159,2013-11-07 16:10:00,506.8325
4159,2013-11-07 16:20:00,491.4497
4159,2013-11-07 16:30:00,563.1967
4159,2013-11-07 16:40:00,600.0818
4159,2013-11-07 16:50:00,586.401
4159,2013-11-07 17:00:00,647.19995
4159,2013-11-07 17:10:00,547.8621
4159,2013-11-07 17:20:00,575.2314
4159,2013-11-07 17:30:00,428.8983
4159,2013-11-07 17:40:00,491.0337
4159,2013-11-07 17:50:00,449.5763
4159,2013-11-07 18:00:00,469.2379
4159,2013-11-07 18:10:00,494.24564
4159,2013-11-07 18:20:00,453.4473
4159,2013-11-07 18:30:00,435.89587
4159,2013-11-07 18:40:00,366.00076
4159,2013-11-07 18:50:00,385.86514
4159,2013-11-07 19:00:00,318.57086
4159,2013-11-07 19:10:00,393.72583
4159,2013-11-07 19:20:00,294.33643
4159,2013-11-07 19:30:00,308.33844
4159,2013-11-07 19:40:00,418.4852
4159,2013-11-07 19:50:00,290.81818
4159,2013-11-07 20:00:00,285.9907
4159,2013-11-07 20:10:00,301.89926
4159,2013-11-07 20:20:00,268.17233
4159,2013-11-07 20:30:00,336.59683
4159,2013-11-07 20:40:00,265.72757
4159,2013-11-07 20:50:00,295.0542
4159,2013-11-07 21:00:00,235.10158
4159,2013-11-07 21:10:00,264.93732
4159,2013-11-07 21:20:00,323.7403
4159,2013-11-07 21:30:00,279.01202
4159,2013-11-07 21:40:00,243.37274
4159,2013-11-07 21:50:00,250.22041
4159,2013-11-07 22:00:00,252.3571
4159,2013-11-07 22:10:00,295.82266
4159,2013-11-07 22:20:00,270.17105
4159,2013-11-07 22:30:00,218.78387
4159,2013-11-07 22:40:00,257.60828
4159,2013-11-07 22:50:00,245.98717
4159,2013-11-07 23:00:00,269.727
4159,2013-11-07 23:10:00,261.59488
4159,2013-11-07 23:20:00,299.04788
4159,2013-11-07 23:30:00,206.14488
4159,2013-11-07 23:40:00,198.4195
4159,2013-11-07 23:50:00,185.81035
4159,2013-11-08 00:00:00,178.34296
4159,2013-11-08 00:10:00,224.67859
4159,2013-11-08 00:20:00,169.69174
4159,2013-11-08 00:30:00,163.81778
4159,2013-11-08 00:40:00,200.15211
4159,2013-11-08 00:50:00,183.96582
4159,2013-11-08 01:00:00,156.24464
4159,2013-11-08 01:10:00,168.49622
4159,2013-11-08 01:20:00,150.03871
4159,2013-11-08 01:30:00,147.11308
4159,2013-11-08 01:40:00,165.42442
4159,2013-11-08 01:50:00,146.6996
4159,2013-11-08 02:00:00,270.44138
4159,2013-11-08 02:10:00,152.45045
4159,2013-11-08 02:20:00,141.03365
4159,2013-11-08 02:30:00,148.39174
4159,2013-11-08 02:40:00,153.99818
4159,2013-11-08 02:50:00,140.96272
4159,2013-11-08 03:00:00,138.80989
4159,2013-11-08 03:10:00,140.2711
4159,2013-11-08 03:20:00,133.22305
4159,2013-11-08 03:30:00,127.98585
4159,2013-11-08 03:40:00,144.12581
4159,2013-11-08 03:50:00,135.90575
4159,2013-11-08 04:00:00,132.58856
4159,2013-11-08 04:10:00,141.69995
4159,2013-11-08 04:20:00,144.8251
4159,2013-11-08 04:30:00,130.00314
4159,2013-11-08 04:40:00,147.05083
4159,2013-11-08 04:50:00,137.72485
4159,2013-11-08 05:00:00,136.51491
4159,2013-11-08 05:10:00,147.59651
4159,2013-11-08 05:20:00,143.78107
4159,2013-11-08 05:30:00,133.4251
4159,2013-11-08 05:40:00,168.5506
4159,2013-11-08 05:50:00,160.7812
4159,2013-11-08 06:00:00,182.68044
4159,2013-11-08 06:10:00,205.20642
4159,2013-11-08 06:20:00,211.06487
4159,2013-11-08 06:30:00,239.46529
4159,2013-11-08 06:40:00,244.53087
4159,2013-11-08 06:50:00,240.89282
4159,2013-11-08 07:00:00,279.03183
4159,2013-11-08 07:10:00,313.3175
4159,2013-11-08 07:20:00,280.27463
4159,2013-11-08 07:30:00,373.50653
4159,2013-11-08 07:40:00,485.7838
4159,2013-11-08 07:50:00,485.8652
4159,2013-11-08 08:00:00,450.13718
4159,2013-11-08 08:10:00,482.8605
4159,2013-11-08 08:20:00,401.90863
4159,2013-11-08 08:30:00,453.3214
4159,2013-11-08 08:40:00,452.04437
4159,2013-11-08 08:50:00,494.7881
4159,2013-11-08 09:00:00,563.4128
4159,2013-11-08 09:10:00,561.16693
4159,2013-11-08 09:20:00,591.96204
4159,2013-11-08 09:30:00,487.345
4159,2013-11-08 09:40:00,557.5657
4159,2013-11-08 09:50:00,518.87537
4159,2013-11-08 10:00:00,555.2578
4159,2013-11-08 10:10:00,537.73566
4159,2013-11-08 10:20:00,541.4771
4159,2013-11-08 10:30:00,518.8966
4159,2013-11-08 10:40:00,533.62604
4159,2013-11-08 10:50:00,568.0038
4159,2013-11-08 11:00:00,613.0525
4159,2013-11-08 11:10:00,618.29126
4159,2013-11-08 11:20:00,681.42175
4159,2013-11-08 11:30:00,598.3633
4159,2013-11-08 11:40:00,629.89557
4159,2013-11-08 11:50:00,606.69965
4159,2013-11-08 12:00:00,810.1875
4159,2013-11-08 12:10:00,629.45337
4159,2013-11-08 12:20:00,656.5167
4159,2013-11-08 12:30:00,715.17694
4159,2013-11-08 12:40:00,660.953
4159,2013-11-08 12:50:00,579.78424
4159,2013-11-08 13:00:00,605.9571
4159,2013-11-08 13:10:00,646.6907
4159,2013-11-08 13:20:00,685.45074
4159,2013-11-08 13:30:00,595.73236
4159,2013-11-08 13:40:00,568.1066
4159,2013-11-08 13:50:00,558.5466
4159,2013-11-08 14:00:00,501.10846
4159,2013-11-08 14:10:00,551.3169
4159,2013-11-08 14:20:00,477.36746
4159,2013-11-08 14:30:00,513.61224
4159,2013-11-08 14:40:00,573.9094
4159,2013-11-08 14:50:00,485.3166
4159,2013-11-08 15:00:00,515.912
4159,2013-11-08 15:10:00,504.57108
4159,2013-11-08 15:20:00,565.2103
4159,2013-11-08 15:30:00,486.73907
4159,2013-11-08 15:40:00,548.7669
4159,2013-11-08 15:50:00,513.1496
4159,2013-11-08 16:00:00,453.38904
4159,2013-11-08 16:10:00,512.4432
4159,2013-11-08 16:20:00,471.30627
4159,2013-11-08 16:30:00,594.9513
4159,2013-11-08 16:40:00,540.6283
4159,2013-11-08 16:50:00,424.23874
4159,2013-11-08 17:00:00,427.60236
4159,2013-11-08 17:10:00,397.08368
4159,2013-11-08 17:20:00,491.76266
4159,2013-11-08 17:30:00,437.5855
4159,2013-11-08 17:40:00,379.91345
4159,2013-11-08 17:50:00,351.24155
4159,2013-11-08 18:00:00,370.17496
4159,2013-11-08 18:10:00,348.114
4159,2013-11-08 18:20:00,357.03333
4159,2013-11-08 18:30:00,343.91068
4159,2013-11-08 18:40:00,320.17114
4159,2013-11-08 18:50:00,294.825
4159,2013-11-08 19:00:00,326.20267
4159,2013-11-08 19:10:00,313.28436
4159,2013-11-08 19:20:00,294.13916
4159,2013-11-08 19:30:00,265.41077
4159,2013-11-08 19:40:00,313.29803
4159,2013-11-08 19:50:00,258.05005
4159,2013-11-08 20:00:00,242.62912
4159,2013-11-08 20:10:00,231.09605
4159,2013-11-08 20:20:00,306.28082
4159,2013-11-08 20:30:00,225.75688
4159,2013-11-08 20:40:00,279.39
4159,2013-11-08 20:50:00,244.84317
4159,2013-11-08 21:00:00,210.9454
4159,2013-11-08 21:10:00,268.37674
4159,2013-11-08 21:20:00,256.57266
4159,2013-11-08 21:30:00,255.44939
4159,2013-11-08 21:40:00,211.59515
4159,2013-11-08 21:50:00,216.69656
4159,2013-11-08 22:00:00,197.2811
4159,2013-11-08 22:10:00,203.8825
4159,2013-11-08 22:20:00,212.29585
4159,2013-11-08 22:30:00,259.7208
4159,2013-11-08 22:40:00,218.66331
4159,2013-11-08 22:50:00,222.0299
4159,2013-11-08 23:00:00,232.77795
4159,2013-11-08 23:10:00,234.21094
4159,2013-11-08 23:20:00,224.82356
4159,2013-11-08 23:30:00,210.21129
4159,2013-11-08 23:40:00,259.60214
4159,2013-11-08 23:50:00,194.74521
4159,2013-11-09 00:00:00,191.43237
4159,2013-11-09 00:10:00,269.8707
4159,2013-11-09 00:20:00,217.24953
4159,2013-11-09 00:30:00,188.97037
4159,2013-11-09 00:40:00,187.70552
4159,2013-11-09 00:50:00,175.87958
4159,2013-11-09 01:00:00,161.19852
4159,2013-11-09 01:10:00,173.7108
4159,2013-11-09 01:20:00,161.55167
4159,2013-11-09 01:30:00,183.69893
4159,2013-11-09 01:40:00,167.4367
4159,2013-11-09 01:50:00,165.50058
4159,2013-11-09 02:00:00,163.76082
4159,2013-11-09 02:10:00,168.88138
4159,2013-11-09 02:20:00,157.45215
4159,2013-11-09 02:30:00,151.48012
4159,2013-11-09 02:40:00,147.50075
4159,2013-11-09 02:50:00,145.66849
4159,2013-11-09 03:00:00,143.93057
4159,2013-11-09 03:10:00,152.72571
4159,2013-11-09 03:20:00,137.39534
4159,2013-11-09 03:30:00,138.55501
4159,2013-11-09 03:40:00,138.18347
4159,2013-11-09 03:50:00,135.74081
4159,2013-11-09 04:00:00,140.80437
4159,2013-11-09 04:10:00,130.25458
4159,2013-11-09 04:20:00,134.795
4159,2013-11-09 04:30:00,125.159874
4159,2013-11-09 04:40:00,128.74419
4159,2013-11-09 04:50:00,120.20175
4159,2013-11-09 05:00:00,122.863045
4159,2013-11-09 05:10:00,129.18779
4159,2013-11-09 05:20:00,118.67926
4159,2013-11-09 05:30:00,128.72551
4159,2013-11-09 05:40:00,135.59274
4159,2013-11-09 05:50:00,138.03288
4159,2013-11-09 06:00:00,147.97346
4159,2013-11-09 06:10:00,148.70938
4159,2013-11-09 06:20:00,148.4169
4159,2013-11-09 06:30:00,157.54276
4159,2013-11-09 06:40:00,149.97464
4159,2013-11-09 06:50:00,181.21027
4159,2013-11-09 07:00:00,193.4947
4159,2013-11-09 07:10:00,206.29813
4159,2013-11-09 07:20:00,174.03932
4159,2013-11-09 07:30:00,183.46011
4159,2013-11-09 07:40:00,214.61905
4159,2013-11-09 07:50:00,202.9609
4159,2013-11-09 08:00:00,187.50816
4159,2013-11-09 08:10:00,196.3857
4159,2013-11-09 08:20:00,216.54677
4159,2013-11-09 08:30:00,233.48929
4159,2013-11-09 08:40:00,219.6039
4159,2013-11-09 08:50:00,261.37927
4159,2013-11-09 09:00:00,194.42334
4159,2013-11-09 09:10:00,253.65977
4159,2013-11-09 09:20:00,250.94144
4159,2013-11-09 09:30:00,239.49437
4159,2013-11-09 09:40:00,250.40184
4159,2013-11-09 09:50:00,221.02417
4159,2013-11-09 10:00:00,257.81647
4159,2013-11-09 10:10:00,245.52913
4159,2013-11-09 10:20:00,345.68204
4159,2013-11-09 10:30:00,328.18976
4159,2013-11-09 10:40:00,314.4544
4159,2013-11-09 10:50:00,291.7998
4159,2013-11-09 11:00:00,317.31985
4159,2013-11-09 11:10:00,296.58572
4159,2013-11-09 11:20:00,284.81604
4159,2013-11-09 11:30:00,339.9044
4159,2013-11-09 11:40:00,315.36893
4159,2013-11-09 11:50:00,351.57635
4159,2013-11-09 12:00:00,279.07593
4159,2013-11-09 12:10:00,288.02948
4159,2013-11-09 12:20:00,308.15256
4159,2013-11-09 12:30:00,251.85164
4159,2013-11-09 12:40:00,293.88226
4159,2013-11-09 12:50:00,251.80553
4159,2013-11-09 13:00:00,256.02414
4159,2013-11-09 13:10:00,284.94196
4159,2013-11-09 13:20:00,263.25888
4159,2013-11-09 13:30:00,259.94208
4159,2013-11-09 13:40:00,254.41711
4159,2013-11-09 13:50:00,285.68933
4159,2013-11-09 14:00:00,287.16315
4159,2013-11-09 14:10:00,274.8736
4159,2013-11-09 14:20:00,269.97998
4159,2013-11-09 14:30:00,252.22528
4159,2013-11-09 14:40:00,235.62927
4159,2013-11-09 14:50:00,270.51202
4159,2013-11-09 15:00:00,245.06274
4159,2013-11-09 15:10:00,273.94943
4159,2013-11-09 15:20:00,260.63843
4159,2013-11-09 15:30:00,250.15092
4159,2013-11-09 15:40:00,294.20752
4159,2013-11-09 15:50:00,359.17743
4159,2013-11-09 16:00:00,303.98962
4159,2013-11-09 16:10:00,278.8698
4159,2013-11-09 16:20:00,252.48007
4159,2013-11-09 16:30:00,243.97333
4159,2013-11-09 16:40:00,311.02362
4159,2013-11-09 16:50:00,284.8741
4159,2013-11-09 17:00:00,293.6574
4159,2013-11-09 17:10:00,263.7403
4159,2013-11-09 17:20:00,254.0221
4159,2013-11-09 17:30:00,344.33182
4159,2013-11-09 17:40:00,268.14832
4159,2013-11-09 17:50:00,280.97006
4159,2013-11-09 18:00:00,271.82437
4159,2013-11-09 18:10:00,263.00763
4159,2013-11-09 18:20:00,235.99619
4159,2013-11-09 18:30:00,242.02332
4159,2013-11-09 18:40:00,251.93205
4159,2013-11-09 18:50:00,225.11409
4159,2013-11-09 19:00:00,234.09473
4159,2013-11-09 19:10:00,273.37897
4159,2013-11-09 19:20:00,255.42279
4159,2013-11-09 19:30:00,251.288
4159,2013-11-09 19:40:00,234.72504
4159,2013-11-09 19:50:00,249.1949
4159,2013-11-09 20:00:00,204.405
4159,2013-11-09 20:10:00,225.2655
4159,2013-11-09 20:20:00,216.30902
4159,2013-11-09 20:30:00,198.22226
4159,2013-11-09 20:40:00,215.55157
4159,2013-11-09 20:50:00,229.24803
4159,2013-11-09 21:00:00,212.31972
4159,2013-11-09 21:10:00,208.12369
4159,2013-11-09 21:20:00,203.56862
4159,2013-11-09 21:30:00,296.8849
4159,2013-11-09 21:40:00,262.10287
4159,2013-11-09 21:50:00,229.58704
4159,2013-11-09 22:00:00,210.01614
4159,2013-11-09 22:10:00,241.35641
4159,2013-11-09 22:20:00,243.0586
4159,2013-11-09 22:30:00,222.38603
4159,2013-11-09 22:40:00,219.68222
4159,2013-11-09 22:50:00,247.9285
4159,2013-11-09 23:00:00,245.68054
4159,2013-11-09 23:10:00,233.44633
4159,2013-11-09 23:20:00,255.31136
4159,2013-11-09 23:30:00,221.5938
4159,2013-11-09 23:40:00,220.6963
4159,2013-11-09 23:50:00,312.8552
4159,2013-11-10 00:00:00,271.65262
4159,2013-11-10 00:10:00,218.96039
4159,2013-11-10 00:20:00,255.10968
4159,2013-11-10 00:30:00,232.87564
4159,2013-11-10 00:40:00,291.0693
4159,2013-11-10 00:50:00,234.89233
4159,2013-11-10 01:00:00,238.12712
4159,2013-11-10 01:10:00,204.82373
4159,2013-11-10 01:20:00,208.26605
4159,2013-11-10 01:30:00,199.0133
4159,2013-11-10 01:40:00,198.92859
4159,2013-11-10 01:50:00,218.50143
4159,2013-11-10 02:00:00,246.02043
4159,2013-11-10 02:10:00,163.71288
4159,2013-11-10 02:20:00,222.77634
4159,2013-11-10 02:30:00,194.60648
4159,2013-11-10 02:40:00,190.21999
4159,2013-11-10 02:50:00,178.2047
4159,2013-11-10 03:00:00,153.30095
4159,2013-11-10 03:10:00,209.7246
4159,2013-11-10 03:20:00,145.74693
4159,2013-11-10 03:30:00,148.60603
4159,2013-11-10 03:40:00,128.3713
4159,2013-11-10 03:50:00,135.99852
4159,2013-11-10 04:00:00,132.75838
4159,2013-11-10 04:10:00,120.16023
4159,2013-11-10 04:20:00,130.28418
4159,2013-11-10 04:30:00,132.77838
4159,2013-11-10 04:40:00,118.54649
4159,2013-11-10 04:50:00,142.23578
4159,2013-11-10 05:00:00,143.47098
4159,2013-11-10 05:10:00,124.95229
4159,2013-11-10 05:20:00,135.04338
4159,2013-11-10 05:30:00,136.23663
4159,2013-11-10 05:40:00,122.86539
4159,2013-11-10 05:50:00,124.77336
4159,2013-11-10 06:00:00,133.43744
4159,2013-11-10 06:10:00,133.46214
4159,2013-11-10 06:20:00,134.33058
4159,2013-11-10 06:30:00,148.3793
4159,2013-11-10 06:40:00,141.74919
4159,2013-11-10 06:50:00,149.33572
4159,2013-11-10 07:00:00,159.0144
4159,2013-11-10 07:10:00,158.18208
4159,2013-11-10 07:20:00,159.45488
4159,2013-11-10 07:30:00,156.08386
4159,2013-11-10 07:40:00,192.13834
4159,2013-11-10 07:50:00,165.08322
4159,2013-11-10 08:00:00,218.38629
4159,2013-11-10 08:10:00,434.80545
4159,2013-11-10 08:20:00,223.08002
4159,2013-11-10 08:30:00,172.8301
4159,2013-11-10 08:40:00,187.79344
4159,2013-11-10 08:50:00,168.87361
4159,2013-11-10 09:00:00,242.41202
4159,2013-11-10 09:10:00,320.67676
4159,2013-11-10 09:20:00,216.97804
4159,2013-11-10 09:30:00,248.22585
4159,2013-11-10 09:40:00,240.69728
4159,2013-11-10 09:50:00,219.6562
4159,2013-11-10 10:00:00,229.33528
4159,2013-11-10 10:10:00,288.6641
4159,2013-11-10 10:20:00,311.87885
4159,2013-11-10 10:30:00,273.8703
4159,2013-11-10 10:40:00,267.74524
4159,2013-11-10 10:50:00,183.79202
4159,2013-11-10 11:00:00,198.16345
4159,2013-11-10 11:10:00,204.42705
4159,2013-11-10 11:20:00,199.12743
4159,2013-11-10 11:30:00,204.23744
4159,2013-11-10 11:40:00,263.65942
4159,2013-11-10 11:50:00,201.1215
4159,2013-11-10 12:00:00,224.54346
4159,2013-11-10 12:10:00,240.73454
4159,2013-11-10 12:20:00,220.35771
4159,2013-11-10 12:30:00,274.4503
4159,2013-11-10 12:40:00,245.77818
4159,2013-11-10 12:50:00,208.52357
4159,2013-11-10 13:00:00,296.23206
4159,2013-11-10 13:10:00,221.09225
4159,2013-11-10 13:20:00,218.80241
4159,2013-11-10 13:30:00,223.42201
4159,2013-11-10 13:40:00,225.33301
4159,2013-11-10 13:50:00,220.66095
4159,2013-11-10 14:00:00,211.46146
4159,2013-11-10 14:10:00,194.9353
4159,2013-11-10 14:20:00,216.41216
4159,2013-11-10 14:30:00,223.79903
4159,2013-11-10 14:40:00,209.56668
4159,2013-11-10 14:50:00,258.28848
4159,2013-11-10 15:00:00,181.71227
4159,2013-11-10 15:10:00,238.21835
4159,2013-11-10 15:20:00,250.73567
4159,2013-11-10 15:30:00,225.38847
4159,2013-11-10 15:40:00,255.80383
4159,2013-11-10 15:50:00,247.51445
4159,2013-11-10 16:00:00,264.88028
4159,2013-11-10 16:10:00,223.88622
4159,2013-11-10 16:20:00,248.04454
4159,2013-11-10 16:30:00,244.6337
4159,2013-11-10 16:40:00,235.60661
4159,2013-11-10 16:50:00,259.37357
4159,2013-11-10 17:00:00,278.69452
4159,2013-11-10 17:10:00,233.81932
4159,2013-11-10 17:20:00,275.13876
4159,2013-11-10 17:30:00,267.87823
4159,2013-11-10 17:40:00,273.1334
4159,2013-11-10 17:50:00,236.77374
4159,2013-11-10 18:00:00,313.86
4159,2013-11-10 18:10:00,265.45804
4159,2013-11-10 18:20:00,234.8644
4159,2013-11-10 18:30:00,242.90948
4159,2013-11-10 18:40:00,271.5776
4159,2013-11-10 18:50:00,343.3023
4159,2013-11-10 19:00:00,260.35568
4159,2013-11-10 19:10:00,237.0196
4159,2013-11-10 19:20:00,226.6572
4159,2013-11-10 19:30:00,227.08542
4159,2013-11-10 19:40:00,265.56104
4159,2013-11-10 19:50:00,246.93477
4159,2013-11-10 20:00:00,250.85446
4159,2013-11-10 20:10:00,241.97997
4159,2013-11-10 20:20:00,201.99338
4159,2013-11-10 20:30:00,245.29846
4159,2013-11-10 20:40:00,226.50264
4159,2013-11-10 20:50:00,207.67574
4159,2013-11-10 21:00:00,239.52199
4159,2013-11-10 21:10:00,243.00404
4159,2013-11-10 21:20:00,225.5034
4159,2013-11-10 21:30:00,259.93277
4159,2013-11-10 21:40:00,240.47047
4159,2013-11-10 21:50:00,254.55049
4159,2013-11-10 22:00:00,263.95444
4159,2013-11-10 22:10:00,225.2624
4159,2013-11-10 22:20:00,242.42937
4159,2013-11-10 22:30:00,206.8789
4159,2013-11-10 22:40:00,191.36174
4159,2013-11-10 22:50:00,212.82077
4159,2013-11-10 23:00:00,193.20052
4159,2013-11-10 23:10:00,191.66096
4159,2013-11-10 23:20:00,197.62837
4159,2013-11-10 23:30:00,185.96307
4159,2013-11-10 23:40:00,191.90388
4159,2013-11-10 23:50:00,172.57433
4159,2013-11-11 00:00:00,151.25412
4159,2013-11-11 00:10:00,143.57625
4159,2013-11-11 00:20:00,163.29361
4159,2013-11-11 00:30:00,166.22523
4159,2013-11-11 00:40:00,155.8972
4159,2013-11-11 00:50:00,159.5307
4159,2013-11-11 01:00:00,154.22804
4159,2013-11-11 01:10:00,154.51425
4159,2013-11-11 01:20:00,150.79097
4159,2013-11-11 01:30:00,135.37045
4159,2013-11-11 01:40:00,142.97531
4159,2013-11-11 01:50:00,139.36763
4159,2013-11-11 02:00:00,131.74467
4159,2013-11-11 02:10:00,132.03754
4159,2013-11-11 02:20:00,141.81097
4159,2013-11-11 02:30:00,122.7284
4159,2013-11-11 02:40:00,138.3229
4159,2013-11-11 02:50:00,131.17424
4159,2013-11-11 03:00:00,124.16013
4159,2013-11-11 03:10:00,136.87233
4159,2013-11-11 03:20:00,125.004105
4159,2013-11-11 03:30:00,127.28417
4159,2013-11-11 03:40:00,131.44916
4159,2013-11-11 03:50:00,125.8989
4159,2013-11-11 04:00:00,122.96976
4159,2013-11-11 04:10:00,123.01532
4159,2013-11-11 04:20:00,125.24744
4159,2013-11-11 04:30:00,136.97014
4159,2013-11-11 04:40:00,126.44744
4159,2013-11-11 04:50:00,138.59224
4159,2013-11-11 05:00:00,130.63753
4159,2013-11-11 05:10:00,138.17679
4159,2013-11-11 05:20:00,146.16582
4159,2013-11-11 05:30:00,154.63893
4159,2013-11-11 05:40:00,153.61523
4159,2013-11-11 05:50:00,150.82597
4159,2013-11-11 06:00:00,149.08124
4159,2013-11-11 06:10:00,159.40202
4159,2013-11-11 06:20:00,174.75967
4159,2013-11-11 06:30:00,201.25218
4159,2013-11-11 06:40:00,236.84366
4159,2013-11-11 06:50:00,235.92238
4159,2013-11-11 07:00:00,263.79608
4159,2013-11-11 07:10:00,337.37863
4159,2013-11-11 07:20:00,331.6651
4159,2013-11-11 07:30:00,344.39285
4159,2013-11-11 07:40:00,374.1966
4159,2013-11-11 07:50:00,411.79718
4159,2013-11-11 08:00:00,411.80405
4159,2013-11-11 08:10:00,423.26324
4159,2013-11-11 08:20:00,429.0834
4159,2013-11-11 08:30:00,402.73303
4159,2013-11-11 08:40:00,467.7541
4159,2013-11-11 08:50:00,461.8455
4159,2013-11-11 09:00:00,523.9577
4159,2013-11-11 09:10:00,630.1661
4159,2013-11-11 09:20:00,737.89594
4159,2013-11-11 09:30:00,552.30145
4159,2013-11-11 09:40:00,500.17297
4159,2013-11-11 09:50:00,566.09296
4159,2013-11-11 10:00:00,503.19904
4159,2013-11-11 10:10:00,527.75806
4159,2013-11-11 10:20:00,539.8085
4159,2013-11-11 10:30:00,531.9645
4159,2013-11-11 10:40:00,571.29095
4159,2013-11-11 10:50:00,540.3232
4159,2013-11-11 11:00:00,655.8233
4159,2013-11-11 11:10:00,679.6037
4159,2013-11-11 11:20:00,683.5072
4159,2013-11-11 11:30:00,607.70233
4159,2013-11-11 11:40:00,652.2916
4159,2013-11-11 11:50:00,630.437
4159,2013-11-11 12:00:00,602.55096
4159,2013-11-11 12:10:00,693.8414
4159,2013-11-11 12:20:00,547.68396
4159,2013-11-11 12:30:00,679.38043
4159,2013-11-11 12:40:00,705.9985
4159,2013-11-11 12:50:00,631.119
4159,2013-11-11 13:00:00,722.0237
4159,2013-11-11 13:10:00,632.7944
4159,2013-11-11 13:20:00,647.2848
4159,2013-11-11 13:30:00,631.5181
4159,2013-11-11 13:40:00,709.9516
4159,2013-11-11 13:50:00,635.05597
4159,2013-11-11 14:00:00,590.61285
4159,2013-11-11 14:10:00,619.5044
4159,2013-11-11 14:20:00,578.10156
4159,2013-11-11 14:30:00,616.3599
4159,2013-11-11 14:40:00,578.08215
4159,2013-11-11 14:50:00,612.7246
4159,2013-11-11 15:00:00,736.2326
4159,2013-11-11 15:10:00,793.7785
4159,2013-11-11 15:20:00,646.3483
4159,2013-11-11 15:30:00,625.97833
4159,2013-11-11 15:40:00,718.3771
4159,2013-11-11 15:50:00,591.7078
4159,2013-11-11 16:00:00,543.70984
4159,2013-11-11 16:10:00,641.31244
4159,2013-11-11 16:20:00,675.3866
4159,2013-11-11 16:30:00,653.17175
4159,2013-11-11 16:40:00,627.63885
4159,2013-11-11 16:50:00,614.4397
4159,2013-11-11 17:00:00,620.6373
4159,2013-11-11 17:10:00,641.91595
4159,2013-11-11 17:20:00,496.0057
4159,2013-11-11 17:30:00,558.7431
4159,2013-11-11 17:40:00,484.97775
4159,2013-11-11 17:50:00,520.10846
4159,2013-11-11 18:00:00,519.9446
4159,2013-11-11 18:10:00,470.15442
4159,2013-11-11 18:20:00,427.33728
4159,2013-11-11 18:30:00,484.17105
4159,2013-11-11 18:40:00,460.19653
4159,2013-11-11 18:50:00,398.01993
4159,2013-11-11 19:00:00,357.93954
4159,2013-11-11 19:10:00,338.96094
4159,2013-11-11 19:20:00,339.88043
4159,2013-11-11 19:30:00,309.52374
4159,2013-11-11 19:40:00,349.52176
4159,2013-11-11 19:50:00,437.1809
4159,2013-11-11 20:00:00,344.06125
4159,2013-11-11 20:10:00,316.9966
4159,2013-11-11 20:20:00,317.82507
4159,2013-11-11 20:30:00,316.5693
4159,2013-11-11 20:40:00,349.21475
4159,2013-11-11 20:50:00,344.68982
4159,2013-11-11 21:00:00,307.29974
4159,2013-11-11 21:10:00,343.83826
4159,2013-11-11 21:20:00,314.65814
4159,2013-11-11 21:30:00,284.8462
4159,2013-11-11 21:40:00,254.43896
4159,2013-11-11 21:50:00,247.91367
4159,2013-11-11 22:00:00,323.9561
4159,2013-11-11 22:10:00,253.63347
4159,2013-11-11 22:20:00,225.27722
4159,2013-11-11 22:30:00,278.4613
4159,2013-11-11 22:40:00,294.83475
4159,2013-11-11 22:50:00,239.23181
4159,2013-11-11 23:00:00,224.8907
4159,2013-11-11 23:10:00,228.94676
4159,2013-11-11 23:20:00,234.6768
4159,2013-11-11 23:30:00,196.9953
4159,2013-11-11 23:40:00,195.2952
4159,2013-11-11 23:50:00,207.38058
4159,2013-11-12 00:00:00,183.20988
4159,2013-11-12 00:10:00,186.21626
4159,2013-11-12 00:20:00,172.61652
4159,2013-11-12 00:30:00,173.91316
4159,2013-11-12 00:40:00,183.79907
4159,2013-11-12 00:50:00,182.95677
4159,2013-11-12 01:00:00,179.32166
4159,2013-11-12 01:10:00,173.00229
4159,2013-11-12 01:20:00,156.95589
4159,2013-11-12 01:30:00,183.59734
4159,2013-11-12 01:40:00,169.60576
4159,2013-11-12 01:50:00,163.21364
4159,2013-11-12 02:00:00,179.93417
4159,2013-11-12 02:10:00,181.75323
4159,2013-11-12 02:20:00,154.62991
4159,2013-11-12 02:30:00,152.97266
4159,2013-11-12 02:40:00,160.80669
4159,2013-11-12 02:50:00,147.11339
4159,2013-11-12 03:00:00,156.19667
4159,2013-11-12 03:10:00,153.70284
4159,2013-11-12 03:20:00,145.5146
4159,2013-11-12 03:30:00,150.72435
4159,2013-11-12 03:40:00,153.06744
4159,2013-11-12 03:50:00,135.04286
4159,2013-11-12 04:00:00,143.80609
4159,2013-11-12 04:10:00,148.77795
4159,2013-11-12 04:20:00,141.54855
4159,2013-11-12 04:30:00,146.43889
4159,2013-11-12 04:40:00,152.6265
4159,2013-11-12 04:50:00,142.64284
4159,2013-11-12 05:00:00,144.20549
4159,2013-11-12 05:10:00,149.79512
4159,2013-11-12 05:20:00,145.36911
4159,2013-11-12 05:30:00,151.57654
4159,2013-11-12 05:40:00,153.46922
4159,2013-11-12 05:50:00,150.49538
4159,2013-11-12 06:00:00,185.81296
4159,2013-11-12 06:10:00,212.73532
4159,2013-11-12 06:20:00,177.44609
4159,2013-11-12 06:30:00,208.05914
4159,2013-11-12 06:40:00,229.12938
4159,2013-11-12 06:50:00,282.8745
4159,2013-11-12 07:00:00,324.25818
4159,2013-11-12 07:10:00,358.82306
4159,2013-11-12 07:20:00,339.5399
4159,2013-11-12 07:30:00,403.7724
4159,2013-11-12 07:40:00,455.4844
4159,2013-11-12 07:50:00,523.66296
4159,2013-11-12 08:00:00,460.96567
4159,2013-11-12 08:10:00,467.17242
4159,2013-11-12 08:20:00,524.336
4159,2013-11-12 08:30:00,600.7032
4159,2013-11-12 08:40:00,581.93854
4159,2013-11-12 08:50:00,639.1845
4159,2013-11-12 09:00:00,573.57495
4159,2013-11-12 09:10:00,599.4815
4159,2013-11-12 09:20:00,714.5716
4159,2013-11-12 09:30:00,640.29114
4159,2013-11-12 09:40:00,621.6391
4159,2013-11-12 09:50:00,678.75916
4159,2013-11-12 10:00:00,593.9512
4159,2013-11-12 10:10:00,599.2029
4159,2013-11-12 10:20:00,645.3077
4159,2013-11-12 10:30:00,666.48816
4159,2013-11-12 10:40:00,688.9916
4159,2013-11-12 10:50:00,681.07635
4159,2013-11-12 11:00:00,721.2829
4159,2013-11-12 11:10:00,670.9815
4159,2013-11-12 11:20:00,679.9492
4159,2013-11-12 11:30:00,659.5308
4159,2013-11-12 11:40:00,668.5093
4159,2013-11-12 11:50:00,674.8945
4159,2013-11-12 12:00:00,744.797
4159,2013-11-12 12:10:00,722.40356
4159,2013-11-12 12:20:00,670.30756
4159,2013-11-12 12:30:00,649.34686
4159,2013-11-12 12:40:00,636.0186
4159,2013-11-12 12:50:00,582.05316
4159,2013-11-12 13:00:00,677.33014
4159,2013-11-12 13:10:00,700.34607
4159,2013-11-12 13:20:00,742.51855
4159,2013-11-12 13:30:00,690.5811
4159,2013-11-12 13:40:00,645.3787
4159,2013-11-12 13:50:00,636.1203
4159,2013-11-12 14:00:00,607.775
4159,2013-11-12 14:10:00,588.5693
4159,2013-11-12 14:20:00,587.6215
4159,2013-11-12 14:30:00,677.0341
4159,2013-11-12 14:40:00,650.8912
4159,2013-11-12 14:50:00,587.3062
4159,2013-11-12 15:00:00,684.3877
4159,2013-11-12 15:10:00,738.0659
4159,2013-11-12 15:20:00,709.4693
4159,2013-11-12 15:30:00,603.15137
4159,2013-11-12 15:40:00,723.1405
4159,2013-11-12 15:50:00,685.1015
4159,2013-11-12 16:00:00,570.2293
4159,2013-11-12 16:10:00,755.574
4159,2013-11-12 16:20:00,657.2789
4159,2013-11-12 16:30:00,572.5718
4159,2013-11-12 16:40:00,652.1771
4159,2013-11-12 16:50:00,642.8309
4159,2013-11-12 17:00:00,609.93414
4159,2013-11-12 17:10:00,613.1676
4159,2013-11-12 17:20:00,560.49567
4159,2013-11-12 17:30:00,571.8838
4159,2013-11-12 17:40:00,519.7896
4159,2013-11-12 17:50:00,521.05115
4159,2013-11-12 18:00:00,460.30527
4159,2013-11-12 18:10:00,476.40417
4159,2013-11-12 18:20:00,447.01
4159,2013-11-12 18:30:00,415.70886
4159,2013-11-12 18:40:00,470.66107
4159,2013-11-12 18:50:00,529.23126
4159,2013-11-12 19:00:00,452.74615
4159,2013-11-12 19:10:00,363.31802
4159,2013-11-12 19:20:00,357.42288
4159,2013-11-12 19:30:00,359.13367
4159,2013-11-12 19:40:00,405.17282
4159,2013-11-12 19:50:00,349.90646
4159,2013-11-12 20:00:00,309.65338
4159,2013-11-12 20:10:00,320.0055
4159,2013-11-12 20:20:00,318.8266
4159,2013-11-12 20:30:00,308.43588
4159,2013-11-12 20:40:00,306.2001
4159,2013-11-12 20:50:00,327.2756
4159,2013-11-12 21:00:00,332.7452
4159,2013-11-12 21:10:00,340.9503
4159,2013-11-12 21:20:00,266.76047
4159,2013-11-12 21:30:00,261.49634
4159,2013-11-12 21:40:00,273.6521
4159,2013-11-12 21:50:00,260.506
4159,2013-11-12 22:00:00,260.1155
4159,2013-11-12 22:10:00,228.20723
4159,2013-11-12 22:20:00,221.73724
4159,2013-11-12 22:30:00,247.37419
4159,2013-11-12 22:40:00,204.24512
4159,2013-11-12 22:50:00,220.54646
4159,2013-11-12 23:00:00,217.8957
4159,2013-11-12 23:10:00,212.05994
4159,2013-11-12 23:20:00,181.23466
4159,2013-11-12 23:30:00,190.93605
4159,2013-11-12 23:40:00,180.94629
4159,2013-11-12 23:50:00,183.62216
4159,2013-11-13 00:00:00,176.04681
4159,2013-11-13 00:10:00,184.0053
4159,2013-11-13 00:20:00,185.19855
4159,2013-11-13 00:30:00,181.13855
4159,2013-11-13 00:40:00,187.81512
4159,2013-11-13 00:50:00,164.3856
4159,2013-11-13 01:00:00,188.17422
4159,2013-11-13 01:10:00,267.9158
4159,2013-11-13 01:20:00,153.4447
4159,2013-11-13 01:30:00,156.28874
4159,2013-11-13 01:40:00,145.71494
4159,2013-11-13 01:50:00,156.80624
4159,2013-11-13 02:00:00,150.60374
4159,2013-11-13 02:10:00,156.82893
4159,2013-11-13 02:20:00,139.9218
4159,2013-11-13 02:30:00,135.91605
4159,2013-11-13 02:40:00,140.552
4159,2013-11-13 02:50:00,133.04156
4159,2013-11-13 03:00:00,126.34792
4159,2013-11-13 03:10:00,131.87361
4159,2013-11-13 03:20:00,124.3814
4159,2013-11-13 03:30:00,131.40091
4159,2013-11-13 03:40:00,140.14728
4159,2013-11-13 03:50:00,126.38764
4159,2013-11-13 04:00:00,133.604
4159,2013-11-13 04:10:00,135.38087
4159,2013-11-13 04:20:00,126.25988
4159,2013-11-13 04:30:00,125.65428
4159,2013-11-13 04:40:00,134.34239
4159,2013-11-13 04:50:00,128.83278
4159,2013-11-13 05:00:00,137.40681
4159,2013-11-13 05:10:00,154.44856
4159,2013-11-13 05:20:00,134.30792
4159,2013-11-13 05:30:00,155.09483
4159,2013-11-13 05:40:00,164.01033
4159,2013-11-13 05:50:00,150.05058
4159,2013-11-13 06:00:00,165.80089
4159,2013-11-13 06:10:00,175.91675
4159,2013-11-13 06:20:00,183.34967
4159,2013-11-13 06:30:00,204.08994
4159,2013-11-13 06:40:00,223.97937
4159,2013-11-13 06:50:00,232.27023
4159,2013-11-13 07:00:00,340.88132
4159,2013-11-13 07:10:00,281.25473
4159,2013-11-13 07:20:00,334.83365
4159,2013-11-13 07:30:00,388.91675
4159,2013-11-13 07:40:00,470.32947
4159,2013-11-13 07:50:00,390.37888
4159,2013-11-13 08:00:00,463.45795
4159,2013-11-13 08:10:00,459.81274
4159,2013-11-13 08:20:00,450.16965
4159,2013-11-13 08:30:00,473.80823
4159,2013-11-13 08:40:00,527.7276
4159,2013-11-13 08:50:00,499.72867
4159,2013-11-13 09:00:00,580.5339
4159,2013-11-13 09:10:00,654.8762
4159,2013-11-13 09:20:00,683.9309
4159,2013-11-13 09:30:00,661.4132
4159,2013-11-13 09:40:00,596.13007
4159,2013-11-13 09:50:00,533.55347
4159,2013-11-13 10:00:00,570.4313
4159,2013-11-13 10:10:00,526.55273
4159,2013-11-13 10:20:00,565.58594
4159,2013-11-13 10:30:00,550.4392
4159,2013-11-13 10:40:00,546.8914
4159,2013-11-13 10:50:00,688.75806
4159,2013-11-13 11:00:00,743.6965
4159,2013-11-13 11:10:00,777.8721
4159,2013-11-13 11:20:00,702.07666
4159,2013-11-13 11:30:00,656.66833
4159,2013-11-13 11:40:00,667.1443
4159,2013-11-13 11:50:00,628.9364
4159,2013-11-13 12:00:00,718.7966
4159,2013-11-13 12:10:00,666.4647
4159,2013-11-13 12:20:00,686.65546
4159,2013-11-13 12:30:00,672.6788
4159,2013-11-13 12:40:00,695.80786
4159,2013-11-13 12:50:00,687.6913
4159,2013-11-13 13:00:00,701.84393
4159,2013-11-13 13:10:00,700.0544
4159,2013-11-13 13:20:00,712.9327
4159,2013-11-13 13:30:00,818.7219
4159,2013-11-13 13:40:00,582.022
4159,2013-11-13 13:50:00,566.4335
4159,2013-11-13 14:00:00,609.36816
4159,2013-11-13 14:10:00,662.47656
4159,2013-11-13 14:20:00,556.0582
4159,2013-11-13 14:30:00,709.9612
4159,2013-11-13 14:40:00,602.4693
4159,2013-11-13 14:50:00,643.62463
4159,2013-11-13 15:00:00,676.9302
4159,2013-11-13 15:10:00,731.759
4159,2013-11-13 15:20:00,722.5169
4159,2013-11-13 15:30:00,765.80676
4159,2013-11-13 15:40:00,662.04724
4159,2013-11-13 15:50:00,597.26624
4159,2013-11-13 16:00:00,574.7852
4159,2013-11-13 16:10:00,585.8311
4159,2013-11-13 16:20:00,606.84216
4159,2013-11-13 16:30:00,590.82196
4159,2013-11-13 16:40:00,636.7813
4159,2013-11-13 16:50:00,553.6238
4159,2013-11-13 17:00:00,537.2643
4159,2013-11-13 17:10:00,506.27563
4159,2013-11-13 17:20:00,526.5444
4159,2013-11-13 17:30:00,523.937
4159,2013-11-13 17:40:00,461.88568
4159,2013-11-13 17:50:00,469.50848
4159,2013-11-13 18:00:00,474.94067
4159,2013-11-13 18:10:00,501.05344
4159,2013-11-13 18:20:00,462.79935
4159,2013-11-13 18:30:00,437.80264
4159,2013-11-13 18:40:00,467.99667
4159,2013-11-13 18:50:00,378.7957
4159,2013-11-13 19:00:00,384.88226
4159,2013-11-13 19:10:00,377.17416
4159,2013-11-13 19:20:00,314.70926
4159,2013-11-13 19:30:00,277.03107
4159,2013-11-13 19:40:00,292.11816
4159,2013-11-13 19:50:00,288.60693
4159,2013-11-13 20:00:00,279.06378
4159,2013-11-13 20:10:00,349.4143
4159,2013-11-13 20:20:00,334.0245
4159,2013-11-13 20:30:00,296.9587
4159,2013-11-13 20:40:00,271.20865
4159,2013-11-13 20:50:00,261.4801
4159,2013-11-13 21:00:00,250.59702
4159,2013-11-13 21:10:00,244.79012
4159,2013-11-13 21:20:00,323.04352
4159,2013-11-13 21:30:00,267.70282
4159,2013-11-13 21:40:00,285.50705
4159,2013-11-13 21:50:00,372.6857
4159,2013-11-13 22:00:00,248.09512
4159,2013-11-13 22:10:00,240.42593
4159,2013-11-13 22:20:00,225.12997
4159,2013-11-13 22:30:00,221.00778
4159,2013-11-13 22:40:00,223.77277
4159,2013-11-13 22:50:00,268.88107
4159,2013-11-13 23:00:00,234.84029
4159,2013-11-13 23:10:00,237.32716
4159,2013-11-13 23:20:00,201.01088
4159,2013-11-13 23:30:00,285.2214
4159,2013-11-13 23:40:00,388.65848
4159,2013-11-13 23:50:00,193.41696
4159,2013-11-14 00:00:00,238.21284
4159,2013-11-14 00:10:00,182.46501
4159,2013-11-14 00:20:00,191.59444
4159,2013-11-14 00:30:00,193.48236
4159,2013-11-14 00:40:00,230.77008
4159,2013-11-14 00:50:00,248.79948
4159,2013-11-14 01:00:00,224.11452
4159,2013-11-14 01:10:00,148.52101
4159,2013-11-14 01:20:00,165.25348
4159,2013-11-14 01:30:00,161.91818
4159,2013-11-14 01:40:00,151.47733
4159,2013-11-14 01:50:00,151.26086
4159,2013-11-14 02:00:00,134.45364
4159,2013-11-14 02:10:00,135.15039
4159,2013-11-14 02:20:00,148.3628
4159,2013-11-14 02:30:00,147.78162
4159,2013-11-14 02:40:00,144.49638
4159,2013-11-14 02:50:00,162.27963
4159,2013-11-14 03:00:00,149.01605
4159,2013-11-14 03:10:00,127.70335
4159,2013-11-14 03:20:00,169.65071
4159,2013-11-14 03:30:00,124.06522
4159,2013-11-14 03:40:00,128.66711
4159,2013-11-14 03:50:00,133.36163
4159,2013-11-14 04:00:00,132.42885
4159,2013-11-14 04:10:00,133.4133
4159,2013-11-14 04:20:00,135.24214
4159,2013-11-14 04:30:00,122.97155
4159,2013-11-14 04:40:00,215.00797
4159,2013-11-14 04:50:00,161.59032
4159,2013-11-14 05:00:00,124.53806
4159,2013-11-14 05:10:00,131.41797
4159,2013-11-14 05:20:00,135.43803
4159,2013-11-14 05:30:00,130.38104
4159,2013-11-14 05:40:00,140.45706
4159,2013-11-14 05:50:00,146.90425
4159,2013-11-14 06:00:00,176.78307
4159,2013-11-14 06:10:00,161.74434
4159,2013-11-14 06:20:00,186.95326
4159,2013-11-14 06:30:00,222.45694
4159,2013-11-14 06:40:00,253.02141
4159,2013-11-14 06:50:00,226.07275
4159,2013-11-14 07:00:00,267.49106
4159,2013-11-14 07:10:00,319.81284
4159,2013-11-14 07:20:00,320.68845
4159,2013-11-14 07:30:00,365.23682
4159,2013-11-14 07:40:00,427.4844
4159,2013-11-14 07:50:00,438.7113
4159,2013-11-14 08:00:00,469.5377
4159,2013-11-14 08:10:00,465.7546
4159,2013-11-14 08:20:00,489.4929
4159,2013-11-14 08:30:00,449.60855
4159,2013-11-14 08:40:00,472.73642
4159,2013-11-14 08:50:00,494.18268
4159,2013-11-14 09:00:00,523.7623
4159,2013-11-14 09:10:00,540.7748
4159,2013-11-14 09:20:00,597.0273
4159,2013-11-14 09:30:00,643.6569
4159,2013-11-14 09:40:00,646.14874
4159,2013-11-14 09:50:00,584.3688
4159,2013-11-14 10:00:00,559.92883
4159,2013-11-14 10:10:00,511.32764
4159,2013-11-14 10:20:00,537.72626
4159,2013-11-14 10:30:00,534.7858
4159,2013-11-14 10:40:00,583.62134
4159,2013-11-14 10:50:00,565.05566
4159,2013-11-14 11:00:00,635.9859
4159,2013-11-14 11:10:00,724.29236
4159,2013-11-14 11:20:00,695.8085
4159,2013-11-14 11:30:00,673.365
4159,2013-11-14 11:40:00,778.78503
4159,2013-11-14 11:50:00,794.1906
4159,2013-11-14 12:00:00,732.52203
4159,2013-11-14 12:10:00,801.4557
4159,2013-11-14 12:20:00,628.5312
4159,2013-11-14 12:30:00,618.46313
4159,2013-11-14 12:40:00,642.8729
4159,2013-11-14 12:50:00,633.7111
4159,2013-11-14 13:00:00,666.5913
4159,2013-11-14 13:10:00,680.88763
4159,2013-11-14 13:20:00,682.54517
4159,2013-11-14 13:30:00,717.09485
4159,2013-11-14 13:40:00,668.95935
4159,2013-11-14 13:50:00,576.0413
4159,2013-11-14 14:00:00,584.8482
4159,2013-11-14 14:10:00,647.3846
4159,2013-11-14 14:20:00,555.5754
4159,2013-11-14 14:30:00,533.69934
4159,2013-11-14 14:40:00,546.12604
4159,2013-11-14 14:50:00,616.79047
4159,2013-11-14 15:00:00,631.87366
4159,2013-11-14 15:10:00,669.24365
4159,2013-11-14 15:20:00,625.238
4159,2013-11-14 15:30:00,605.76483
4159,2013-11-14 15:40:00,666.2308
4159,2013-11-14 15:50:00,548.68976
4159,2013-11-14 16:00:00,568.109
4159,2013-11-14 16:10:00,591.1359
4159,2013-11-14 16:20:00,589.92786
4159,2013-11-14 16:30:00,552.58215
4159,2013-11-14 16:40:00,589.6461
4159,2013-11-14 16:50:00,669.27924
4159,2013-11-14 17:00:00,582.0318
4159,2013-11-14 17:10:00,549.6226
4159,2013-11-14 17:20:00,503.4388
4159,2013-11-14 17:30:00,503.42575
4159,2013-11-14 17:40:00,548.10114
4159,2013-11-14 17:50:00,506.011
4159,2013-11-14 18:00:00,503.9668
4159,2013-11-14 18:10:00,553.54285
4159,2013-11-14 18:20:00,511.1898
4159,2013-11-14 18:30:00,455.59567
4159,2013-11-14 18:40:00,491.68887
4159,2013-11-14 18:50:00,395.06097
4159,2013-11-14 19:00:00,353.16763
4159,2013-11-14 19:10:00,331.8257
4159,2013-11-14 19:20:00,335.05453
4159,2013-11-14 19:30:00,310.35855
4159,2013-11-14 19:40:00,297.93024
4159,2013-11-14 19:50:00,329.92923
4159,2013-11-14 20:00:00,301.41104
4159,2013-11-14 20:10:00,341.0587
4159,2013-11-14 20:20:00,306.85754
4159,2013-11-14 20:30:00,352.3998
4159,2013-11-14 20:40:00,359.65656
4159,2013-11-14 20:50:00,341.50748
4159,2013-11-14 21:00:00,362.7813
4159,2013-11-14 21:10:00,510.04327
4159,2013-11-14 21:20:00,325.77966
4159,2013-11-14 21:30:00,309.9244
4159,2013-11-14 21:40:00,305.26965
4159,2013-11-14 21:50:00,243.66579
4159,2013-11-14 22:00:00,259.55777
4159,2013-11-14 22:10:00,281.4958
4159,2013-11-14 22:20:00,289.1655
4159,2013-11-14 22:30:00,412.5074
4159,2013-11-14 22:40:00,307.47668
4159,2013-11-14 22:50:00,301.6898
4159,2013-11-14 23:00:00,219.17606
4159,2013-11-14 23:10:00,218.84622
4159,2013-11-14 23:20:00,223.62561
4159,2013-11-14 23:30:00,221.61963
4159,2013-11-14 23:40:00,201.64178
4159,2013-11-14 23:50:00,188.31459
4159,2013-11-15 00:00:00,187.71562
4159,2013-11-15 00:10:00,178.4444
4159,2013-11-15 00:20:00,169.00076
4159,2013-11-15 00:30:00,176.64478
4159,2013-11-15 00:40:00,156.2314
4159,2013-11-15 00:50:00,148.5958
4159,2013-11-15 01:00:00,174.20036
4159,2013-11-15 01:10:00,148.31944
4159,2013-11-15 01:20:00,147.17458
4159,2013-11-15 01:30:00,162.18875
4159,2013-11-15 01:40:00,144.72424
4159,2013-11-15 01:50:00,148.89624
4159,2013-11-15 02:00:00,157.36069
4159,2013-11-15 02:10:00,141.33125
4159,2013-11-15 02:20:00,171.1289
4159,2013-11-15 02:30:00,165.95116
4159,2013-11-15 02:40:00,144.02321
4159,2013-11-15 02:50:00,141.11705
4159,2013-11-15 03:00:00,142.65353
4159,2013-11-15 03:10:00,151.16646
4159,2013-11-15 03:20:00,138.78987
4159,2013-11-15 03:30:00,144.475
4159,2013-11-15 03:40:00,141.1758
4159,2013-11-15 03:50:00,138.52516
4159,2013-11-15 04:00:00,151.6403
4159,2013-11-15 04:10:00,142.21834
4159,2013-11-15 04:20:00,133.54852
4159,2013-11-15 04:30:00,143.677
4159,2013-11-15 04:40:00,126.75202
4159,2013-11-15 04:50:00,145.168
4159,2013-11-15 05:00:00,169.5712
4159,2013-11-15 05:10:00,127.97103
4159,2013-11-15 05:20:00,153.58563
4159,2013-11-15 05:30:00,148.21837
4159,2013-11-15 05:40:00,139.90161
4159,2013-11-15 05:50:00,156.16797
4159,2013-11-15 06:00:00,167.74687
4159,2013-11-15 06:10:00,174.90005
4159,2013-11-15 06:20:00,221.4315
4159,2013-11-15 06:30:00,281.77798
4159,2013-11-15 06:40:00,205.24463
4159,2013-11-15 06:50:00,239.93175
4159,2013-11-15 07:00:00,245.05994
4159,2013-11-15 07:10:00,276.5594
4159,2013-11-15 07:20:00,296.77777
4159,2013-11-15 07:30:00,323.99155
4159,2013-11-15 07:40:00,513.2414
4159,2013-11-15 07:50:00,399.22855
4159,2013-11-15 08:00:00,485.16876
4159,2013-11-15 08:10:00,447.753
4159,2013-11-15 08:20:00,446.79355
4159,2013-11-15 08:30:00,437.498
4159,2013-11-15 08:40:00,446.34042
4159,2013-11-15 08:50:00,431.23035
4159,2013-11-15 09:00:00,531.69855
4159,2013-11-15 09:10:00,586.5034
4159,2013-11-15 09:20:00,558.05084
4159,2013-11-15 09:30:00,584.78613
4159,2013-11-15 09:40:00,566.10693
4159,2013-11-15 09:50:00,561.94165
4159,2013-11-15 10:00:00,536.63165
4159,2013-11-15 10:10:00,583.7305
4159,2013-11-15 10:20:00,665.2868
4159,2013-11-15 10:30:00,504.48706
4159,2013-11-15 10:40:00,580.83636
4159,2013-11-15 10:50:00,573.1378
4159,2013-11-15 11:00:00,629.64197
4159,2013-11-15 11:10:00,576.6004
4159,2013-11-15 11:20:00,611.2363
4159,2013-11-15 11:30:00,665.6369
4159,2013-11-15 11:40:00,596.50507
4159,2013-11-15 11:50:00,581.2487
4159,2013-11-15 12:00:00,658.5891
4159,2013-11-15 12:10:00,673.53827
4159,2013-11-15 12:20:00,607.0655
4159,2013-11-15 12:30:00,611.04724
4159,2013-11-15 12:40:00,716.01324
4159,2013-11-15 12:50:00,582.82513
4159,2013-11-15 13:00:00,638.105
4159,2013-11-15 13:10:00,594.83734
4159,2013-11-15 13:20:00,571.2422
4159,2013-11-15 13:30:00,578.4753
4159,2013-11-15 13:40:00,575.69006
4159,2013-11-15 13:50:00,583.43085
4159,2013-11-15 14:00:00,581.69727
4159,2013-11-15 14:10:00,502.8541
4159,2013-11-15 14:20:00,472.08914
4159,2013-11-15 14:30:00,518.7523
4159,2013-11-15 14:40:00,521.0789
4159,2013-11-15 14:50:00,494.58386
4159,2013-11-15 15:00:00,540.8444
4159,2013-11-15 15:10:00,527.66833
4159,2013-11-15 15:20:00,468.58026
4159,2013-11-15 15:30:00,499.47992
4159,2013-11-15 15:40:00,484.629
4159,2013-11-15 15:50:00,493.41748
4159,2013-11-15 16:00:00,583.80286
4159,2013-11-15 16:10:00,504.1643
4159,2013-11-15 16:20:00,465.1863
4159,2013-11-15 16:30:00,492.08627
4159,2013-11-15 16:40:00,490.84485
4159,2013-11-15 16:50:00,583.10065
4159,2013-11-15 17:00:00,449.9698
4159,2013-11-15 17:10:00,702.7045
4159,2013-11-15 17:20:00,426.80432
4159,2013-11-15 17:30:00,358.24838
4159,2013-11-15 17:40:00,447.38797
4159,2013-11-15 17:50:00,381.33392
4159,2013-11-15 18:00:00,358.13425
4159,2013-11-15 18:10:00,322.0475
4159,2013-11-15 18:20:00,315.0971
4159,2013-11-15 18:30:00,342.63196
4159,2013-11-15 18:40:00,317.4557
4159,2013-11-15 18:50:00,462.6615
4159,2013-11-15 19:00:00,360.26938
4159,2013-11-15 19:10:00,266.32956
4159,2013-11-15 19:20:00,327.6309
4159,2013-11-15 19:30:00,276.86118
4159,2013-11-15 19:40:00,244.50443
4159,2013-11-15 19:50:00,280.0572
4159,2013-11-15 20:00:00,476.0675
4159,2013-11-15 20:10:00,364.7946
4159,2013-11-15 20:20:00,273.5851
4159,2013-11-15 20:30:00,233.36984
4159,2013-11-15 20:40:00,236.01445
4159,2013-11-15 20:50:00,246.14558
4159,2013-11-15 21:00:00,236.24643
4159,2013-11-15 21:10:00,253.2639
4159,2013-11-15 21:20:00,328.44556
4159,2013-11-15 21:30:00,288.57578
4159,2013-11-15 21:40:00,276.293
4159,2013-11-15 21:50:00,308.69348
4159,2013-11-15 22:00:00,249.02066
4159,2013-11-15 22:10:00,222.38641
4159,2013-11-15 22:20:00,245.69766
4159,2013-11-15 22:30:00,243.0682
4159,2013-11-15 22:40:00,184.59789
4159,2013-11-15 22:50:00,191.09805
4159,2013-11-15 23:00:00,199.71082
4159,2013-11-15 23:10:00,170.62192
4159,2013-11-15 23:20:00,267.48624
4159,2013-11-15 23:30:00,192.53249
4159,2013-11-15 23:40:00,154.68628
4159,2013-11-15 23:50:00,191.79153
4159,2013-11-16 00:00:00,191.31493
4159,2013-11-16 00:10:00,186.47243
4159,2013-11-16 00:20:00,179.90938
4159,2013-11-16 00:30:00,173.01555
4159,2013-11-16 00:40:00,156.76562
4159,2013-11-16 00:50:00,165.53893
4159,2013-11-16 01:00:00,161.36009
4159,2013-11-16 01:10:00,150.77792
4159,2013-11-16 01:20:00,155.75217
4159,2013-11-16 01:30:00,153.4869
4159,2013-11-16 01:40:00,132.47072
4159,2013-11-16 01:50:00,165.33736
4159,2013-11-16 02:00:00,147.68446
4159,2013-11-16 02:10:00,122.991
4159,2013-11-16 02:20:00,157.67784
4159,2013-11-16 02:30:00,175.71825
4159,2013-11-16 02:40:00,140.36441
4159,2013-11-16 02:50:00,148.44307
4159,2013-11-16 03:00:00,133.50337
4159,2013-11-16 03:10:00,125.54136
4159,2013-11-16 03:20:00,146.7487
4159,2013-11-16 03:30:00,126.7748
4159,2013-11-16 03:40:00,125.4339
4159,2013-11-16 03:50:00,138.32399
4159,2013-11-16 04:00:00,128.13133
4159,2013-11-16 04:10:00,133.61823
4159,2013-11-16 04:20:00,125.87884
4159,2013-11-16 04:30:00,119.685
4159,2013-11-16 04:40:00,110.80617
4159,2013-11-16 04:50:00,111.680305
4159,2013-11-16 05:00:00,120.108604
4159,2013-11-16 05:10:00,115.49098
4159,2013-11-16 05:20:00,111.23934
4159,2013-11-16 05:30:00,122.010086
4159,2013-11-16 05:40:00,113.798775
4159,2013-11-16 05:50:00,125.47604
4159,2013-11-16 06:00:00,118.65521
4159,2013-11-16 06:10:00,125.16475
4159,2013-11-16 06:20:00,132.73619
4159,2013-11-16 06:30:00,164.52045
4159,2013-11-16 06:40:00,145.81715
4159,2013-11-16 06:50:00,177.14192
4159,2013-11-16 07:00:00,163.67627
4159,2013-11-16 07:10:00,165.58093
4159,2013-11-16 07:20:00,169.93758
4159,2013-11-16 07:30:00,196.698
4159,2013-11-16 07:40:00,223.92238
4159,2013-11-16 07:50:00,228.90108
4159,2013-11-16 08:00:00,209.62054
4159,2013-11-16 08:10:00,279.90875
4159,2013-11-16 08:20:00,209.25877
4159,2013-11-16 08:30:00,200.07935
4159,2013-11-16 08:40:00,194.9115
4159,2013-11-16 08:50:00,229.81297
4159,2013-11-16 09:00:00,248.12004
4159,2013-11-16 09:10:00,223.85764
4159,2013-11-16 09:20:00,267.9834
4159,2013-11-16 09:30:00,285.39154
4159,2013-11-16 09:40:00,316.3979
4159,2013-11-16 09:50:00,252.98112
4159,2013-11-16 10:00:00,248.43422
4159,2013-11-16 10:10:00,265.30182
4159,2013-11-16 10:20:00,283.72925
4159,2013-11-16 10:30:00,244.5966
4159,2013-11-16 10:40:00,226.69218
4159,2013-11-16 10:50:00,248.49635
4159,2013-11-16 11:00:00,256.05756
4159,2013-11-16 11:10:00,291.8613
4159,2013-11-16 11:20:00,281.61993
4159,2013-11-16 11:30:00,216.19366
4159,2013-11-16 11:40:00,255.12907
4159,2013-11-16 11:50:00,264.46524
4159,2013-11-16 12:00:00,337.76398
4159,2013-11-16 12:10:00,252.1561
4159,2013-11-16 12:20:00,259.6401
4159,2013-11-16 12:30:00,264.12537
4159,2013-11-16 12:40:00,266.95865
4159,2013-11-16 12:50:00,281.91553
4159,2013-11-16 13:00:00,273.24197
4159,2013-11-16 13:10:00,301.1457
4159,2013-11-16 13:20:00,346.9679
4159,2013-11-16 13:30:00,309.2903
4159,2013-11-16 13:40:00,249.25246
4159,2013-11-16 13:50:00,256.45502
4159,2013-11-16 14:00:00,304.6545
4159,2013-11-16 14:10:00,252.75984
4159,2013-11-16 14:20:00,333.00244
4159,2013-11-16 14:30:00,260.47174
4159,2013-11-16 14:40:00,256.47488
4159,2013-11-16 14:50:00,284.79266
4159,2013-11-16 15:00:00,312.07193
4159,2013-11-16 15:10:00,300.70425
4159,2013-11-16 15:20:00,318.8493
4159,2013-11-16 15:30:00,305.20828
4159,2013-11-16 15:40:00,285.49136
4159,2013-11-16 15:50:00,271.4623
4159,2013-11-16 16:00:00,310.76636
4159,2013-11-16 16:10:00,321.3836
4159,2013-11-16 16:20:00,321.60312
4159,2013-11-16 16:30:00,294.6272
4159,2013-11-16 16:40:00,346.21094
4159,2013-11-16 16:50:00,282.31442
4159,2013-11-16 17:00:00,344.50488
4159,2013-11-16 17:10:00,247.14433
4159,2013-11-16 17:20:00,268.1761
4159,2013-11-16 17:30:00,396.4853
4159,2013-11-16 17:40:00,235.20499
4159,2013-11-16 17:50:00,251.90233
4159,2013-11-16 18:00:00,258.1209
4159,2013-11-16 18:10:00,225.02509
4159,2013-11-16 18:20:00,233.49022
4159,2013-11-16 18:30:00,212.94342
4159,2013-11-16 18:40:00,267.38327
4159,2013-11-16 18:50:00,212.3708
4159,2013-11-16 19:00:00,222.32018
4159,2013-11-16 19:10:00,230.25948
4159,2013-11-16 19:20:00,249.95157
4159,2013-11-16 19:30:00,227.95955
4159,2013-11-16 19:40:00,239.77069
4159,2013-11-16 19:50:00,211.76898
4159,2013-11-16 20:00:00,262.84705
4159,2013-11-16 20:10:00,279.86038
4159,2013-11-16 20:20:00,225.26329
4159,2013-11-16 20:30:00,219.97293
4159,2013-11-16 20:40:00,199.1553
4159,2013-11-16 20:50:00,219.97353
4159,2013-11-16 21:00:00,209.47266
4159,2013-11-16 21:10:00,197.11472
4159,2013-11-16 21:20:00,215.44504
4159,2013-11-16 21:30:00,215.65828
4159,2013-11-16 21:40:00,209.5618
4159,2013-11-16 21:50:00,194.26364
4159,2013-11-16 22:00:00,218.78917
4159,2013-11-16 22:10:00,245.52559
4159,2013-11-16 22:20:00,220.93446
4159,2013-11-16 22:30:00,237.89653
4159,2013-11-16 22:40:00,209.84422
4159,2013-11-16 22:50:00,218.65787
4159,2013-11-16 23:00:00,260.44604
4159,2013-11-16 23:10:00,224.79588
4159,2013-11-16 23:20:00,251.36253
4159,2013-11-16 23:30:00,208.34412
4159,2013-11-16 23:40:00,235.92134
4159,2013-11-16 23:50:00,237.03746
4159,2013-11-17 00:00:00,384.12146
4159,2013-11-17 00:10:00,240.3237
4159,2013-11-17 00:20:00,229.75868
4159,2013-11-17 00:30:00,223.89458
4159,2013-11-17 00:40:00,221.17413
4159,2013-11-17 00:50:00,236.4298
4159,2013-11-17 01:00:00,222.18747
4159,2013-11-17 01:10:00,216.64235
4159,2013-11-17 01:20:00,225.57027
4159,2013-11-17 01:30:00,225.41154
4159,2013-11-17 01:40:00,246.01765
4159,2013-11-17 01:50:00,239.82571
4159,2013-11-17 02:00:00,233.05453
4159,2013-11-17 02:10:00,223.37747
4159,2013-11-17 02:20:00,214.51003
4159,2013-11-17 02:30:00,211.38257
4159,2013-11-17 02:40:00,195.803
4159,2013-11-17 02:50:00,209.17828
4159,2013-11-17 03:00:00,212.90837
4159,2013-11-17 03:10:00,182.8723
4159,2013-11-17 03:20:00,187.24577
4159,2013-11-17 03:30:00,226.15102
4159,2013-11-17 03:40:00,160.12378
4159,2013-11-17 03:50:00,162.34624
4159,2013-11-17 04:00:00,153.30164
4159,2013-11-17 04:10:00,156.14018
4159,2013-11-17 04:20:00,131.16489
4159,2013-11-17 04:30:00,162.31439
4159,2013-11-17 04:40:00,145.6209
4159,2013-11-17 04:50:00,125.78961
4159,2013-11-17 05:00:00,143.26437
4159,2013-11-17 05:10:00,150.43843
4159,2013-11-17 05:20:00,105.98437
4159,2013-11-17 05:30:00,117.593414
4159,2013-11-17 05:40:00,107.423325
4159,2013-11-17 05:50:00,105.78603
4159,2013-11-17 06:00:00,114.40997
4159,2013-11-17 06:10:00,108.36042
4159,2013-11-17 06:20:00,108.79271
4159,2013-11-17 06:30:00,125.55044
4159,2013-11-17 06:40:00,114.96464
4159,2013-11-17 06:50:00,112.8199
4159,2013-11-17 07:00:00,129.48068
4159,2013-11-17 07:10:00,117.58322
4159,2013-11-17 07:20:00,116.72203
4159,2013-11-17 07:30:00,141.7035
4159,2013-11-17 07:40:00,123.38894
4159,2013-11-17 07:50:00,122.169716
4159,2013-11-17 08:00:00,131.31819
4159,2013-11-17 08:10:00,137.78418
4159,2013-11-17 08:20:00,131.01738
4159,2013-11-17 08:30:00,178.20139
4159,2013-11-17 08:40:00,160.57257
4159,2013-11-17 08:50:00,131.77817
4159,2013-11-17 09:00:00,148.73482
4159,2013-11-17 09:10:00,164.98936
4159,2013-11-17 09:20:00,181.45103
4159,2013-11-17 09:30:00,184.51138
4159,2013-11-17 09:40:00,157.8181
4159,2013-11-17 09:50:00,173.23811
4159,2013-11-17 10:00:00,167.22685
4159,2013-11-17 10:10:00,177.6152
4159,2013-11-17 10:20:00,186.27507
4159,2013-11-17 10:30:00,199.09969
4159,2013-11-17 10:40:00,196.49693
4159,2013-11-17 10:50:00,207.11441
4159,2013-11-17 11:00:00,208.77289
4159,2013-11-17 11:10:00,239.23569
4159,2013-11-17 11:20:00,188.37692
4159,2013-11-17 11:30:00,171.712
4159,2013-11-17 11:40:00,172.2513
4159,2013-11-17 11:50:00,193.8259
4159,2013-11-17 12:00:00,192.40695
4159,2013-11-17 12:10:00,188.04053
4159,2013-11-17 12:20:00,193.86989
4159,2013-11-17 12:30:00,234.05495
4159,2013-11-17 12:40:00,248.76205
4159,2013-11-17 12:50:00,192.05692
4159,2013-11-17 13:00:00,190.87152
4159,2013-11-17 13:10:00,180.27379
4159,2013-11-17 13:20:00,183.29683
4159,2013-11-17 13:30:00,205.51657
4159,2013-11-17 13:40:00,217.1162
4159,2013-11-17 13:50:00,239.75905
4159,2013-11-17 14:00:00,245.09225
4159,2013-11-17 14:10:00,239.73769
4159,2013-11-17 14:20:00,248.43141
4159,2013-11-17 14:30:00,247.75087
4159,2013-11-17 14:40:00,232.5193
4159,2013-11-17 14:50:00,231.59718
4159,2013-11-17 15:00:00,201.09114
4159,2013-11-17 15:10:00,226.51608
4159,2013-11-17 15:20:00,204.20789
4159,2013-11-17 15:30:00,236.41827
4159,2013-11-17 15:40:00,311.49747
4159,2013-11-17 15:50:00,281.1317
4159,2013-11-17 16:00:00,205.6579
4159,2013-11-17 16:10:00,220.65746
4159,2013-11-17 16:20:00,266.941
4159,2013-11-17 16:30:00,190.78984
4159,2013-11-17 16:40:00,216.24844
4159,2013-11-17 16:50:00,200.65613
4159,2013-11-17 17:00:00,211.76178
4159,2013-11-17 17:10:00,205.9327
4159,2013-11-17 17:20:00,190.36986
4159,2013-11-17 17:30:00,208.79236
4159,2013-11-17 17:40:00,213.46733
4159,2013-11-17 17:50:00,215.28325
4159,2013-11-17 18:00:00,215.53368
4159,2013-11-17 18:10:00,275.5996
4159,2013-11-17 18:20:00,240.20811
4159,2013-11-17 18:30:00,299.9808
4159,2013-11-17 18:40:00,235.79364
4159,2013-11-17 18:50:00,227.31075
4159,2013-11-17 19:00:00,304.81873
4159,2013-11-17 19:10:00,231.31345
4159,2013-11-17 19:20:00,243.42015
4159,2013-11-17 19:30:00,258.9262
4159,2013-11-17 19:40:00,292.30435
4159,2013-11-17 19:50:00,245.54759
4159,2013-11-17 20:00:00,228.88449
4159,2013-11-17 20:10:00,218.01775
4159,2013-11-17 20:20:00,229.91551
4159,2013-11-17 20:30:00,262.9755
4159,2013-11-17 20:40:00,350.54895
4159,2013-11-17 20:50:00,380.43665
4159,2013-11-17 21:00:00,243.14612
4159,2013-11-17 21:10:00,210.68489
4159,2013-11-17 21:20:00,206.74411
4159,2013-11-17 21:30:00,221.89009
4159,2013-11-17 21:40:00,215.85774
4159,2013-11-17 21:50:00,209.0278
4159,2013-11-17 22:00:00,201.1615
4159,2013-11-17 22:10:00,192.54007
4159,2013-11-17 22:20:00,192.67047
4159,2013-11-17 22:30:00,199.71835
4159,2013-11-17 22:40:00,212.08844
4159,2013-11-17 22:50:00,187.91866
4159,2013-11-17 23:00:00,160.68994
4159,2013-11-17 23:10:00,195.40434
4159,2013-11-17 23:20:00,155.34654
4159,2013-11-17 23:30:00,224.73167
4159,2013-11-17 23:40:00,227.9678
4159,2013-11-17 23:50:00,163.8813
4159,2013-11-18 00:00:00,152.07625
4159,2013-11-18 00:10:00,177.42598
4159,2013-11-18 00:20:00,187.86092
4159,2013-11-18 00:30:00,179.08682
4159,2013-11-18 00:40:00,182.74026
4159,2013-11-18 00:50:00,135.07683
4159,2013-11-18 01:00:00,133.31174
4159,2013-11-18 01:10:00,124.374695
4159,2013-11-18 01:20:00,125.96727
4159,2013-11-18 01:30:00,120.157364
4159,2013-11-18 01:40:00,116.487
4159,2013-11-18 01:50:00,151.2123
4159,2013-11-18 02:00:00,121.78843
4159,2013-11-18 02:10:00,119.21055
4159,2013-11-18 02:20:00,118.1573
4159,2013-11-18 02:30:00,120.18147
4159,2013-11-18 02:40:00,121.20045
4159,2013-11-18 02:50:00,122.69848
4159,2013-11-18 03:00:00,112.49897
4159,2013-11-18 03:10:00,112.91075
4159,2013-11-18 03:20:00,112.14813
4159,2013-11-18 03:30:00,110.299065
4159,2013-11-18 03:40:00,109.90705
4159,2013-11-18 03:50:00,118.557236
4159,2013-11-18 04:00:00,108.447525
4159,2013-11-18 04:10:00,122.27199
4159,2013-11-18 04:20:00,115.20725
4159,2013-11-18 04:30:00,110.47049
4159,2013-11-18 04:40:00,121.45658
4159,2013-11-18 04:50:00,126.92895
4159,2013-11-18 05:00:00,116.00675
4159,2013-11-18 05:10:00,116.86846
4159,2013-11-18 05:20:00,123.28967
4159,2013-11-18 05:30:00,136.15115
4159,2013-11-18 05:40:00,135.56935
4159,2013-11-18 05:50:00,126.97348
4159,2013-11-18 06:00:00,152.86086
4159,2013-11-18 06:10:00,204.88272
4159,2013-11-18 06:20:00,171.0055
4159,2013-11-18 06:30:00,189.1546
4159,2013-11-18 06:40:00,210.6219
4159,2013-11-18 06:50:00,219.5444
4159,2013-11-18 07:00:00,240.36317
4159,2013-11-18 07:10:00,295.74963
4159,2013-11-18 07:20:00,305.7274
4159,2013-11-18 07:30:00,353.6628
4159,2013-11-18 07:40:00,363.8261
4159,2013-11-18 07:50:00,395.42505
4159,2013-11-18 08:00:00,421.01993
4159,2013-11-18 08:10:00,428.50284
4159,2013-11-18 08:20:00,480.56326
4159,2013-11-18 08:30:00,486.9672
4159,2013-11-18 08:40:00,452.3959
4159,2013-11-18 08:50:00,497.65402
4159,2013-11-18 09:00:00,511.03882
4159,2013-11-18 09:10:00,630.699
4159,2013-11-18 09:20:00,656.7886
4159,2013-11-18 09:30:00,632.92584
4159,2013-11-18 09:40:00,612.60315
4159,2013-11-18 09:50:00,553.10754
4159,2013-11-18 10:00:00,608.86865
4159,2013-11-18 10:10:00,623.65955
4159,2013-11-18 10:20:00,591.29895
4159,2013-11-18 10:30:00,574.7441
4159,2013-11-18 10:40:00,688.46716
4159,2013-11-18 10:50:00,611.61993
4159,2013-11-18 11:00:00,680.7174
4159,2013-11-18 11:10:00,720.82715
4159,2013-11-18 11:20:00,629.50397
4159,2013-11-18 11:30:00,625.19696
4159,2013-11-18 11:40:00,619.1366
4159,2013-11-18 11:50:00,761.6805
4159,2013-11-18 12:00:00,745.6325
4159,2013-11-18 12:10:00,737.3432
4159,2013-11-18 12:20:00,728.6031
4159,2013-11-18 12:30:00,651.24634
4159,2013-11-18 12:40:00,708.88403
4159,2013-11-18 12:50:00,784.6336
4159,2013-11-18 13:00:00,802.2576
4159,2013-11-18 13:10:00,790.2505
4159,2013-11-18 13:20:00,717.3147
4159,2013-11-18 13:30:00,679.00793
4159,2013-11-18 13:40:00,621.3092
4159,2013-11-18 13:50:00,645.7396
4159,2013-11-18 14:00:00,594.6809
4159,2013-11-18 14:10:00,633.3265
4159,2013-11-18 14:20:00,627.86896
4159,2013-11-18 14:30:00,590.0953
4159,2013-11-18 14:40:00,579.92896
4159,2013-11-18 14:50:00,670.22375
4159,2013-11-18 15:00:00,732.88336
4159,2013-11-18 15:10:00,744.24506
4159,2013-11-18 15:20:00,621.87616
4159,2013-11-18 15:30:00,720.8997
4159,2013-11-18 15:40:00,664.24396
4159,2013-11-18 15:50:00,703.2948
4159,2013-11-18 16:00:00,632.28503
4159,2013-11-18 16:10:00,588.96954
4159,2013-11-18 16:20:00,598.143
4159,2013-11-18 16:30:00,634.2469
4159,2013-11-18 16:40:00,698.4322
4159,2013-11-18 16:50:00,673.8652
4159,2013-11-18 17:00:00,580.0357
4159,2013-11-18 17:10:00,619.55176
4159,2013-11-18 17:20:00,548.2697
4159,2013-11-18 17:30:00,488.37964
4159,2013-11-18 17:40:00,486.82474
4159,2013-11-18 17:50:00,439.81937
4159,2013-11-18 18:00:00,499.4399
4159,2013-11-18 18:10:00,437.68536
4159,2013-11-18 18:20:00,404.74988
4159,2013-11-18 18:30:00,510.6802
4159,2013-11-18 18:40:00,428.39047
4159,2013-11-18 18:50:00,360.38174
4159,2013-11-18 19:00:00,412.89798
4159,2013-11-18 19:10:00,348.16882
4159,2013-11-18 19:20:00,317.66412
4159,2013-11-18 19:30:00,325.10205
4159,2013-11-18 19:40:00,303.09927
4159,2013-11-18 19:50:00,287.96567
4159,2013-11-18 20:00:00,328.33853
4159,2013-11-18 20:10:00,382.6853
4159,2013-11-18 20:20:00,264.333
4159,2013-11-18 20:30:00,311.00937
4159,2013-11-18 20:40:00,271.40213
4159,2013-11-18 20:50:00,283.9056
4159,2013-11-18 21:00:00,267.98218
4159,2013-11-18 21:10:00,282.5688
4159,2013-11-18 21:20:00,246.38332
4159,2013-11-18 21:30:00,285.70236
4159,2013-11-18 21:40:00,249.99106
4159,2013-11-18 21:50:00,236.38522
4159,2013-11-18 22:00:00,231.59941
4159,2013-11-18 22:10:00,220.94835
4159,2013-11-18 22:20:00,261.00916
4159,2013-11-18 22:30:00,227.90729
4159,2013-11-18 22:40:00,228.74823
4159,2013-11-18 22:50:00,212.34009
4159,2013-11-18 23:00:00,207.50719
4159,2013-11-18 23:10:00,214.51747
4159,2013-11-18 23:20:00,284.85553
4159,2013-11-18 23:30:00,193.85414
4159,2013-11-18 23:40:00,186.1754
4159,2013-11-18 23:50:00,164.53912
4159,2013-11-19 00:00:00,152.99529
4159,2013-11-19 00:10:00,165.69835
4159,2013-11-19 00:20:00,154.76309
4159,2013-11-19 00:30:00,142.43742
4159,2013-11-19 00:40:00,162.3542
4159,2013-11-19 00:50:00,140.87363
4159,2013-11-19 01:00:00,143.40407
4159,2013-11-19 01:10:00,150.2688
4159,2013-11-19 01:20:00,157.75356
4159,2013-11-19 01:30:00,137.17905
4159,2013-11-19 01:40:00,136.04953
4159,2013-11-19 01:50:00,137.6855
4159,2013-11-19 02:00:00,128.15913
4159,2013-11-19 02:10:00,135.32027
4159,2013-11-19 02:20:00,122.441444
4159,2013-11-19 02:30:00,131.49115
4159,2013-11-19 02:40:00,136.80632
4159,2013-11-19 02:50:00,122.768845
4159,2013-11-19 03:00:00,124.22796
4159,2013-11-19 03:10:00,120.639595
4159,2013-11-19 03:20:00,119.99664
4159,2013-11-19 03:30:00,120.65576
4159,2013-11-19 03:40:00,118.50539
4159,2013-11-19 03:50:00,121.64239
4159,2013-11-19 04:00:00,116.45533
4159,2013-11-19 04:10:00,121.65666
4159,2013-11-19 04:20:00,125.32096
4159,2013-11-19 04:30:00,118.20817
4159,2013-11-19 04:40:00,132.10435
4159,2013-11-19 04:50:00,122.93207
4159,2013-11-19 05:00:00,118.920525
4159,2013-11-19 05:10:00,123.74339
4159,2013-11-19 05:20:00,131.69652
4159,2013-11-19 05:30:00,137.2786
4159,2013-11-19 05:40:00,145.25534
4159,2013-11-19 05:50:00,159.59973
4159,2013-11-19 06:00:00,153.4337
4159,2013-11-19 06:10:00,189.66148
4159,2013-11-19 06:20:00,170.35568
4159,2013-11-19 06:30:00,193.51233
4159,2013-11-19 06:40:00,210.08649
4159,2013-11-19 06:50:00,239.73323
4159,2013-11-19 07:00:00,253.79504
4159,2013-11-19 07:10:00,304.8883
4159,2013-11-19 07:20:00,321.5222
4159,2013-11-19 07:30:00,314.4623
4159,2013-11-19 07:40:00,421.30157
4159,2013-11-19 07:50:00,396.2672
4159,2013-11-19 08:00:00,456.2989
4159,2013-11-19 08:10:00,447.17615
4159,2013-11-19 08:20:00,493.14062
4159,2013-11-19 08:30:00,493.999
4159,2013-11-19 08:40:00,475.09775
4159,2013-11-19 08:50:00,574.9016
4159,2013-11-19 09:00:00,558.1235
4159,2013-11-19 09:10:00,653.26074
4159,2013-11-19 09:20:00,703.7849
4159,2013-11-19 09:30:00,687.5211
4159,2013-11-19 09:40:00,611.5768
4159,2013-11-19 09:50:00,678.1409
4159,2013-11-19 10:00:00,651.23346
4159,2013-11-19 10:10:00,631.78796
4159,2013-11-19 10:20:00,641.04553
4159,2013-11-19 10:30:00,689.4354
4159,2013-11-19 10:40:00,617.4113
4159,2013-11-19 10:50:00,710.73737
4159,2013-11-19 11:00:00,723.47186
4159,2013-11-19 11:10:00,736.4813
4159,2013-11-19 11:20:00,804.0971
4159,2013-11-19 11:30:00,839.82983
4159,2013-11-19 11:40:00,896.93115
4159,2013-11-19 11:50:00,778.3014
4159,2013-11-19 12:00:00,836.4036
4159,2013-11-19 12:10:00,717.726
4159,2013-11-19 12:20:00,651.87933
4159,2013-11-19 12:30:00,709.8188
4159,2013-11-19 12:40:00,635.6324
4159,2013-11-19 12:50:00,851.8767
4159,2013-11-19 13:00:00,868.06354
4159,2013-11-19 13:10:00,716.73596
4159,2013-11-19 13:20:00,664.7178
4159,2013-11-19 13:30:00,661.452
4159,2013-11-19 13:40:00,642.03424
4159,2013-11-19 13:50:00,575.10614
4159,2013-11-19 14:00:00,623.00256
4159,2013-11-19 14:10:00,653.55365
4159,2013-11-19 14:20:00,632.4841
4159,2013-11-19 14:30:00,612.6081
4159,2013-11-19 14:40:00,618.36615
4159,2013-11-19 14:50:00,647.8045
4159,2013-11-19 15:00:00,711.6774
4159,2013-11-19 15:10:00,712.5366
4159,2013-11-19 15:20:00,639.2385
4159,2013-11-19 15:30:00,610.43066
4159,2013-11-19 15:40:00,714.0087
4159,2013-11-19 15:50:00,629.8057
4159,2013-11-19 16:00:00,618.05286
4159,2013-11-19 16:10:00,620.9943
4159,2013-11-19 16:20:00,616.5555
4159,2013-11-19 16:30:00,597.0553
4159,2013-11-19 16:40:00,698.37115
4159,2013-11-19 16:50:00,659.1604
4159,2013-11-19 17:00:00,618.40894
4159,2013-11-19 17:10:00,558.6089
4159,2013-11-19 17:20:00,499.4375
4159,2013-11-19 17:30:00,496.54996
4159,2013-11-19 17:40:00,500.38245
4159,2013-11-19 17:50:00,464.80295
4159,2013-11-19 18:00:00,471.1338
4159,2013-11-19 18:10:00,445.08704
4159,2013-11-19 18:20:00,436.90576
4159,2013-11-19 18:30:00,425.4409
4159,2013-11-19 18:40:00,385.91275
4159,2013-11-19 18:50:00,466.7629
4159,2013-11-19 19:00:00,345.37604
4159,2013-11-19 19:10:00,349.17203
4159,2013-11-19 19:20:00,333.44476
4159,2013-11-19 19:30:00,344.23062
4159,2013-11-19 19:40:00,300.13785
4159,2013-11-19 19:50:00,305.4932
4159,2013-11-19 20:00:00,303.94205
4159,2013-11-19 20:10:00,287.19354
4159,2013-11-19 20:20:00,281.95187
4159,2013-11-19 20:30:00,288.6911
4159,2013-11-19 20:40:00,260.23688
4159,2013-11-19 20:50:00,283.8911
4159,2013-11-19 21:00:00,300.9369
4159,2013-11-19 21:10:00,332.6265
4159,2013-11-19 21:20:00,307.07437
4159,2013-11-19 21:30:00,309.1713
4159,2013-11-19 21:40:00,286.35867
4159,2013-11-19 21:50:00,293.6334
4159,2013-11-19 22:00:00,294.03915
4159,2013-11-19 22:10:00,230.20119
4159,2013-11-19 22:20:00,245.30833
4159,2013-11-19 22:30:00,274.1406
4159,2013-11-19 22:40:00,251.939
4159,2013-11-19 22:50:00,269.92178
4159,2013-11-19 23:00:00,288.9144
4159,2013-11-19 23:10:00,204.89067
4159,2013-11-19 23:20:00,216.54428
4159,2013-11-19 23:30:00,183.30548
4159,2013-11-19 23:40:00,179.3394
4159,2013-11-19 23:50:00,190.79875
4159,2013-11-20 00:00:00,174.22188
4159,2013-11-20 00:10:00,176.11931
4159,2013-11-20 00:20:00,167.15266
4159,2013-11-20 00:30:00,153.05705
4159,2013-11-20 00:40:00,167.20038
4159,2013-11-20 00:50:00,147.04208
4159,2013-11-20 01:00:00,151.07042
4159,2013-11-20 01:10:00,145.64268
4159,2013-11-20 01:20:00,137.16814
4159,2013-11-20 01:30:00,132.13365
4159,2013-11-20 01:40:00,128.38228
4159,2013-11-20 01:50:00,137.81535
4159,2013-11-20 02:00:00,133.05794
4159,2013-11-20 02:10:00,122.86689
4159,2013-11-20 02:20:00,134.1696
4159,2013-11-20 02:30:00,135.11244
4159,2013-11-20 02:40:00,123.142006
4159,2013-11-20 02:50:00,137.9238
4159,2013-11-20 03:00:00,126.94863
4159,2013-11-20 03:10:00,117.57867
4159,2013-11-20 03:20:00,165.19226
4159,2013-11-20 03:30:00,125.734985
4159,2013-11-20 03:40:00,118.21883
4159,2013-11-20 03:50:00,132.12415
4159,2013-11-20 04:00:00,120.64864
4159,2013-11-20 04:10:00,118.82079
4159,2013-11-20 04:20:00,128.37282
4159,2013-11-20 04:30:00,128.2861
4159,2013-11-20 04:40:00,124.85334
4159,2013-11-20 04:50:00,144.99318
4159,2013-11-20 05:00:00,136.12755
4159,2013-11-20 05:10:00,125.84901
4159,2013-11-20 05:20:00,133.9051
4159,2013-11-20 05:30:00,137.35745
4159,2013-11-20 05:40:00,144.83267
4159,2013-11-20 05:50:00,150.98758
4159,2013-11-20 06:00:00,176.21024
4159,2013-11-20 06:10:00,186.72617
4159,2013-11-20 06:20:00,221.05502
4159,2013-11-20 06:30:00,197.38196
4159,2013-11-20 06:40:00,257.22034
4159,2013-11-20 06:50:00,268.97928
4159,2013-11-20 07:00:00,285.89197
4159,2013-11-20 07:10:00,327.1601
4159,2013-11-20 07:20:00,310.51935
4159,2013-11-20 07:30:00,424.3391
4159,2013-11-20 07:40:00,478.62292
4159,2013-11-20 07:50:00,381.97205
4159,2013-11-20 08:00:00,396.8272
4159,2013-11-20 08:10:00,410.35895
4159,2013-11-20 08:20:00,471.84592
4159,2013-11-20 08:30:00,550.0001
4159,2013-11-20 08:40:00,486.35953
4159,2013-11-20 08:50:00,533.15906
4159,2013-11-20 09:00:00,636.68604
4159,2013-11-20 09:10:00,568.7148
4159,2013-11-20 09:20:00,705.96344
4159,2013-11-20 09:30:00,628.8821
4159,2013-11-20 09:40:00,653.8704
4159,2013-11-20 09:50:00,661.32983
4159,2013-11-20 10:00:00,595.28235
4159,2013-11-20 10:10:00,632.9153
4159,2013-11-20 10:20:00,638.8286
4159,2013-11-20 10:30:00,578.3926
4159,2013-11-20 10:40:00,599.10504
4159,2013-11-20 10:50:00,657.7323
4159,2013-11-20 11:00:00,679.28595
4159,2013-11-20 11:10:00,749.44574
4159,2013-11-20 11:20:00,807.3065
4159,2013-11-20 11:30:00,736.104
4159,2013-11-20 11:40:00,685.0982
4159,2013-11-20 11:50:00,608.35706
4159,2013-11-20 12:00:00,696.3823
4159,2013-11-20 12:10:00,637.4479
4159,2013-11-20 12:20:00,627.5775
4159,2013-11-20 12:30:00,661.6628
4159,2013-11-20 12:40:00,681.9491
4159,2013-11-20 12:50:00,712.8981
4159,2013-11-20 13:00:00,689.1203
4159,2013-11-20 13:10:00,748.1602
4159,2013-11-20 13:20:00,770.3676
4159,2013-11-20 13:30:00,754.7793
4159,2013-11-20 13:40:00,631.1829
4159,2013-11-20 13:50:00,575.8281
4159,2013-11-20 14:00:00,567.0162
4159,2013-11-20 14:10:00,582.2352
4159,2013-11-20 14:20:00,571.96045
4159,2013-11-20 14:30:00,590.2159
4159,2013-11-20 14:40:00,547.8668
4159,2013-11-20 14:50:00,595.0333
4159,2013-11-20 15:00:00,724.41925
4159,2013-11-20 15:10:00,663.5371
4159,2013-11-20 15:20:00,621.4153
4159,2013-11-20 15:30:00,581.63135
4159,2013-11-20 15:40:00,590.58923
4159,2013-11-20 15:50:00,572.4739
4159,2013-11-20 16:00:00,589.8192
4159,2013-11-20 16:10:00,547.8375
4159,2013-11-20 16:20:00,616.3917
4159,2013-11-20 16:30:00,585.0355
4159,2013-11-20 16:40:00,591.4879
4159,2013-11-20 16:50:00,581.23615
4159,2013-11-20 17:00:00,661.0287
4159,2013-11-20 17:10:00,506.01804
4159,2013-11-20 17:20:00,508.2508
4159,2013-11-20 17:30:00,500.91522
4159,2013-11-20 17:40:00,659.492
4159,2013-11-20 17:50:00,492.18494
4159,2013-11-20 18:00:00,514.2497
4159,2013-11-20 18:10:00,466.73383
4159,2013-11-20 18:20:00,467.2529
4159,2013-11-20 18:30:00,473.20618
4159,2013-11-20 18:40:00,465.0048
4159,2013-11-20 18:50:00,406.1395
4159,2013-11-20 19:00:00,385.72467
4159,2013-11-20 19:10:00,356.14154
4159,2013-11-20 19:20:00,457.82043
4159,2013-11-20 19:30:00,356.0277
4159,2013-11-20 19:40:00,433.78293
4159,2013-11-20 19:50:00,358.57364
4159,2013-11-20 20:00:00,345.058
4159,2013-11-20 20:10:00,317.56128
4159,2013-11-20 20:20:00,342.48813
4159,2013-11-20 20:30:00,375.79666
4159,2013-11-20 20:40:00,366.09323
4159,2013-11-20 20:50:00,272.66205
4159,2013-11-20 21:00:00,292.5773
4159,2013-11-20 21:10:00,286.39014
4159,2013-11-20 21:20:00,331.42413
4159,2013-11-20 21:30:00,325.54446
4159,2013-11-20 21:40:00,303.8059
4159,2013-11-20 21:50:00,288.116
4159,2013-11-20 22:00:00,264.57944
4159,2013-11-20 22:10:00,268.29657
4159,2013-11-20 22:20:00,256.37656
4159,2013-11-20 22:30:00,228.76468
4159,2013-11-20 22:40:00,496.9193
4159,2013-11-20 22:50:00,246.96278
4159,2013-11-20 23:00:00,230.71211
4159,2013-11-20 23:10:00,254.60269
4159,2013-11-20 23:20:00,248.96548
4159,2013-11-20 23:30:00,181.64748
4159,2013-11-20 23:40:00,176.11731
4159,2013-11-20 23:50:00,194.79114
4159,2013-11-21 00:00:00,195.26733
4159,2013-11-21 00:10:00,187.98666
4159,2013-11-21 00:20:00,206.31734
4159,2013-11-21 00:30:00,145.84401
4159,2013-11-21 00:40:00,148.9074
4159,2013-11-21 00:50:00,161.19728
4159,2013-11-21 01:00:00,158.73094
4159,2013-11-21 01:10:00,141.535
4159,2013-11-21 01:20:00,154.02979
4159,2013-11-21 01:30:00,150.93475
4159,2013-11-21 01:40:00,141.9899
4159,2013-11-21 01:50:00,147.26697
4159,2013-11-21 02:00:00,139.91873
4159,2013-11-21 02:10:00,131.43259
4159,2013-11-21 02:20:00,143.8446
4159,2013-11-21 02:30:00,138.96579
4159,2013-11-21 02:40:00,141.08142
4159,2013-11-21 02:50:00,134.73099
4159,2013-11-21 03:00:00,129.9825
4159,2013-11-21 03:10:00,131.67506
4159,2013-11-21 03:20:00,137.26021
4159,2013-11-21 03:30:00,122.23599
4159,2013-11-21 03:40:00,123.57535
4159,2013-11-21 03:50:00,132.63684
4159,2013-11-21 04:00:00,121.935486
4159,2013-11-21 04:10:00,122.57735
4159,2013-11-21 04:20:00,132.63129
4159,2013-11-21 04:30:00,120.503784
4159,2013-11-21 04:40:00,128.54001
4159,2013-11-21 04:50:00,171.23781
4159,2013-11-21 05:00:00,125.6679
4159,2013-11-21 05:10:00,132.6066
4159,2013-11-21 05:20:00,149.03705
4159,2013-11-21 05:30:00,140.40652
4159,2013-11-21 05:40:00,160.35072
4159,2013-11-21 05:50:00,154.56735
4159,2013-11-21 06:00:00,154.03488
4159,2013-11-21 06:10:00,174.40118
4159,2013-11-21 06:20:00,180.39175
4159,2013-11-21 06:30:00,248.22696
4159,2013-11-21 06:40:00,204.43648
4159,2013-11-21 06:50:00,237.67015
4159,2013-11-21 07:00:00,273.73557
4159,2013-11-21 07:10:00,298.22235
4159,2013-11-21 07:20:00,337.7531
4159,2013-11-21 07:30:00,329.2108
4159,2013-11-21 07:40:00,391.84277
4159,2013-11-21 07:50:00,417.1125
4159,2013-11-21 08:00:00,408.11606
4159,2013-11-21 08:10:00,452.1363
4159,2013-11-21 08:20:00,431.58832
4159,2013-11-21 08:30:00,499.1908
4159,2013-11-21 08:40:00,542.00134
4159,2013-11-21 08:50:00,592.67505
4159,2013-11-21 09:00:00,535.7792
4159,2013-11-21 09:10:00,566.7309
4159,2013-11-21 09:20:00,618.2649
4159,2013-11-21 09:30:00,555.9218
4159,2013-11-21 09:40:00,558.8294
4159,2013-11-21 09:50:00,562.19336
4159,2013-11-21 10:00:00,551.4388
4159,2013-11-21 10:10:00,580.10925
4159,2013-11-21 10:20:00,598.3875
4159,2013-11-21 10:30:00,582.50024
4159,2013-11-21 10:40:00,584.3333
4159,2013-11-21 10:50:00,666.45715
4159,2013-11-21 11:00:00,732.89545
4159,2013-11-21 11:10:00,777.1696
4159,2013-11-21 11:20:00,736.03595
4159,2013-11-21 11:30:00,708.24384
4159,2013-11-21 11:40:00,723.99316
4159,2013-11-21 11:50:00,692.166
4159,2013-11-21 12:00:00,835.04724
4159,2013-11-21 12:10:00,767.85706
4159,2013-11-21 12:20:00,638.81287
4159,2013-11-21 12:30:00,694.0807
4159,2013-11-21 12:40:00,676.1488
4159,2013-11-21 12:50:00,753.66785
4159,2013-11-21 13:00:00,732.24646
4159,2013-11-21 13:10:00,718.23517
4159,2013-11-21 13:20:00,866.4406
4159,2013-11-21 13:30:00,672.9418
4159,2013-11-21 13:40:00,634.89844
4159,2013-11-21 13:50:00,650.7777
4159,2013-11-21 14:00:00,643.5252
4159,2013-11-21 14:10:00,778.21747
4159,2013-11-21 14:20:00,685.63214
4159,2013-11-21 14:30:00,697.2696
4159,2013-11-21 14:40:00,667.48956
4159,2013-11-21 14:50:00,940.8912
4159,2013-11-21 15:00:00,750.7637
4159,2013-11-21 15:10:00,856.8756
4159,2013-11-21 15:20:00,808.8722
4159,2013-11-21 15:30:00,775.49274
4159,2013-11-21 15:40:00,764.8533
4159,2013-11-21 15:50:00,690.60266
4159,2013-11-21 16:00:00,655.75696
4159,2013-11-21 16:10:00,672.0498
4159,2013-11-21 16:20:00,628.0789
4159,2013-11-21 16:30:00,625.27435
4159,2013-11-21 16:40:00,655.0545
4159,2013-11-21 16:50:00,631.5377
4159,2013-11-21 17:00:00,575.6187
4159,2013-11-21 17:10:00,567.35376
4159,2013-11-21 17:20:00,605.11646
4159,2013-11-21 17:30:00,545.2012
4159,2013-11-21 17:40:00,496.21017
4159,2013-11-21 17:50:00,454.26617
4159,2013-11-21 18:00:00,536.2952
4159,2013-11-21 18:10:00,578.26117
4159,2013-11-21 18:20:00,479.61014
4159,2013-11-21 18:30:00,434.3014
4159,2013-11-21 18:40:00,507.10858
4159,2013-11-21 18:50:00,422.00812
4159,2013-11-21 19:00:00,440.60037
4159,2013-11-21 19:10:00,470.16998
4159,2013-11-21 19:20:00,330.14722
4159,2013-11-21 19:30:00,334.78064
4159,2013-11-21 19:40:00,332.9791
4159,2013-11-21 19:50:00,287.89462
4159,2013-11-21 20:00:00,283.95264
4159,2013-11-21 20:10:00,324.41098
4159,2013-11-21 20:20:00,320.15155
4159,2013-11-21 20:30:00,309.00565
4159,2013-11-21 20:40:00,287.89767
4159,2013-11-21 20:50:00,280.80176
4159,2013-11-21 21:00:00,268.17157
4159,2013-11-21 21:10:00,250.25461
4159,2013-11-21 21:20:00,271.18393
4159,2013-11-21 21:30:00,246.41078
4159,2013-11-21 21:40:00,271.83914
4159,2013-11-21 21:50:00,232.61165
4159,2013-11-21 22:00:00,209.88152
4159,2013-11-21 22:10:00,223.5776
4159,2013-11-21 22:20:00,222.84256
4159,2013-11-21 22:30:00,241.20187
4159,2013-11-21 22:40:00,240.53354
4159,2013-11-21 22:50:00,255.1244
4159,2013-11-21 23:00:00,241.353
4159,2013-11-21 23:10:00,222.16312
4159,2013-11-21 23:20:00,202.77736
4159,2013-11-21 23:30:00,195.04163
4159,2013-11-21 23:40:00,187.87305
4159,2013-11-21 23:50:00,179.09186
4159,2013-11-22 00:00:00,190.72206
4159,2013-11-22 00:10:00,205.09409
4159,2013-11-22 00:20:00,153.90643
4159,2013-11-22 00:30:00,180.9519
4159,2013-11-22 00:40:00,155.738
4159,2013-11-22 00:50:00,156.6855
4159,2013-11-22 01:00:00,148.11035
4159,2013-11-22 01:10:00,158.3627
4159,2013-11-22 01:20:00,150.75162
4159,2013-11-22 01:30:00,154.9137
4159,2013-11-22 01:40:00,172.38737
4159,2013-11-22 01:50:00,139.6343
4159,2013-11-22 02:00:00,146.89192
4159,2013-11-22 02:10:00,139.48691
4159,2013-11-22 02:20:00,136.09825
4159,2013-11-22 02:30:00,143.61316
4159,2013-11-22 02:40:00,137.4815
4159,2013-11-22 02:50:00,123.36332
4159,2013-11-22 03:00:00,131.91145
4159,2013-11-22 03:10:00,130.75957
4159,2013-11-22 03:20:00,117.39601
4159,2013-11-22 03:30:00,129.73218
4159,2013-11-22 03:40:00,118.99377
4159,2013-11-22 03:50:00,113.98607
4159,2013-11-22 04:00:00,138.5404
4159,2013-11-22 04:10:00,119.81233
4159,2013-11-22 04:20:00,115.29657
4159,2013-11-22 04:30:00,137.11195
4159,2013-11-22 04:40:00,160.34059
4159,2013-11-22 04:50:00,129.90575
4159,2013-11-22 05:00:00,141.86696
4159,2013-11-22 05:10:00,132.65459
4159,2013-11-22 05:20:00,127.41507
4159,2013-11-22 05:30:00,141.7445
4159,2013-11-22 05:40:00,138.24156
4159,2013-11-22 05:50:00,153.56339
4159,2013-11-22 06:00:00,191.55586
4159,2013-11-22 06:10:00,180.82263
4159,2013-11-22 06:20:00,167.38411
4159,2013-11-22 06:30:00,197.6786
4159,2013-11-22 06:40:00,223.20868
4159,2013-11-22 06:50:00,261.69434
4159,2013-11-22 07:00:00,273.81403
4159,2013-11-22 07:10:00,334.00168
4159,2013-11-22 07:20:00,310.41318
4159,2013-11-22 07:30:00,374.111
4159,2013-11-22 07:40:00,382.57852
4159,2013-11-22 07:50:00,425.55408
4159,2013-11-22 08:00:00,512.9897
4159,2013-11-22 08:10:00,517.49146
4159,2013-11-22 08:20:00,490.45523
4159,2013-11-22 08:30:00,514.5857
4159,2013-11-22 08:40:00,467.57922
4159,2013-11-22 08:50:00,458.44534
4159,2013-11-22 09:00:00,447.94705
4159,2013-11-22 09:10:00,615.71136
4159,2013-11-22 09:20:00,612.51355
4159,2013-11-22 09:30:00,570.0652
4159,2013-11-22 09:40:00,644.7476
4159,2013-11-22 09:50:00,622.40955
4159,2013-11-22 10:00:00,553.44446
4159,2013-11-22 10:10:00,544.99634
4159,2013-11-22 10:20:00,522.61035
4159,2013-11-22 10:30:00,490.24615
4159,2013-11-22 10:40:00,576.0805
4159,2013-11-22 10:50:00,533.19525
4159,2013-11-22 11:00:00,630.7645
4159,2013-11-22 11:10:00,688.91296
4159,2013-11-22 11:20:00,635.0844
4159,2013-11-22 11:30:00,639.0455
4159,2013-11-22 11:40:00,686.37054
4159,2013-11-22 11:50:00,726.62463
4159,2013-11-22 12:00:00,720.42773
4159,2013-11-22 12:10:00,654.04565
4159,2013-11-22 12:20:00,698.3024
4159,2013-11-22 12:30:00,829.2121
4159,2013-11-22 12:40:00,720.85223
4159,2013-11-22 12:50:00,723.4418
4159,2013-11-22 13:00:00,760.2036
4159,2013-11-22 13:10:00,640.6421
4159,2013-11-22 13:20:00,738.1397
4159,2013-11-22 13:30:00,638.3603
4159,2013-11-22 13:40:00,573.9982
4159,2013-11-22 13:50:00,639.2419
4159,2013-11-22 14:00:00,622.664
4159,2013-11-22 14:10:00,575.07275
4159,2013-11-22 14:20:00,615.4854
4159,2013-11-22 14:30:00,637.3854
4159,2013-11-22 14:40:00,533.982
4159,2013-11-22 14:50:00,549.8022
4159,2013-11-22 15:00:00,577.5802
4159,2013-11-22 15:10:00,641.29767
4159,2013-11-22 15:20:00,652.4247
4159,2013-11-22 15:30:00,595.5415
4159,2013-11-22 15:40:00,564.91174
4159,2013-11-22 15:50:00,550.1398
4159,2013-11-22 16:00:00,450.98132
4159,2013-11-22 16:10:00,496.81415
4159,2013-11-22 16:20:00,470.85373
4159,2013-11-22 16:30:00,548.81494
4159,2013-11-22 16:40:00,448.31155
4159,2013-11-22 16:50:00,427.30038
4159,2013-11-22 17:00:00,390.13718
4159,2013-11-22 17:10:00,370.56952
4159,2013-11-22 17:20:00,413.13083
4159,2013-11-22 17:30:00,401.87253
4159,2013-11-22 17:40:00,388.65872
4159,2013-11-22 17:50:00,361.28378
4159,2013-11-22 18:00:00,332.4545
4159,2013-11-22 18:10:00,358.86115
4159,2013-11-22 18:20:00,334.38065
4159,2013-11-22 18:30:00,358.77008
4159,2013-11-22 18:40:00,327.28137
4159,2013-11-22 18:50:00,296.06842
4159,2013-11-22 19:00:00,359.46564
4159,2013-11-22 19:10:00,280.82108
4159,2013-11-22 19:20:00,281.58414
4159,2013-11-22 19:30:00,263.97318
4159,2013-11-22 19:40:00,273.2788
4159,2013-11-22 19:50:00,269.46542
4159,2013-11-22 20:00:00,318.76938
4159,2013-11-22 20:10:00,264.59454
4159,2013-11-22 20:20:00,229.15247
4159,2013-11-22 20:30:00,234.93953
4159,2013-11-22 20:40:00,255.81789
4159,2013-11-22 20:50:00,231.82097
4159,2013-11-22 21:00:00,261.94702
4159,2013-11-22 21:10:00,284.6958
4159,2013-11-22 21:20:00,256.54877
4159,2013-11-22 21:30:00,238.25471
4159,2013-11-22 21:40:00,236.802
4159,2013-11-22 21:50:00,222.21465
4159,2013-11-22 22:00:00,202.09006
4159,2013-11-22 22:10:00,206.2043
4159,2013-11-22 22:20:00,213.42992
4159,2013-11-22 22:30:00,236.42242
4159,2013-11-22 22:40:00,216.81711
4159,2013-11-22 22:50:00,216.92455
4159,2013-11-22 23:00:00,243.1787
4159,2013-11-22 23:10:00,214.75256
4159,2013-11-22 23:20:00,193.47134
4159,2013-11-22 23:30:00,176.2737
4159,2013-11-22 23:40:00,169.52367
4159,2013-11-22 23:50:00,193.48326
4159,2013-11-23 00:00:00,178.57024
4159,2013-11-23 00:10:00,173.33311
4159,2013-11-23 00:20:00,194.32455
4159,2013-11-23 00:30:00,157.7087
4159,2013-11-23 00:40:00,165.05884
4159,2013-11-23 00:50:00,150.52557
4159,2013-11-23 01:00:00,144.91125
4159,2013-11-23 01:10:00,153.49951
4159,2013-11-23 01:20:00,133.14697
4159,2013-11-23 01:30:00,126.28234
4159,2013-11-23 01:40:00,140.32463
4159,2013-11-23 01:50:00,134.09813
4159,2013-11-23 02:00:00,132.4106
4159,2013-11-23 02:10:00,129.05263
4159,2013-11-23 02:20:00,125.45132
4159,2013-11-23 02:30:00,136.96304
4159,2013-11-23 02:40:00,162.20651
4159,2013-11-23 02:50:00,150.01549
4159,2013-11-23 03:00:00,144.36063
4159,2013-11-23 03:10:00,172.70975
4159,2013-11-23 03:20:00,143.55757
4159,2013-11-23 03:30:00,116.21856
4159,2013-11-23 03:40:00,134.35272
4159,2013-11-23 03:50:00,114.45459
4159,2013-11-23 04:00:00,102.58433
4159,2013-11-23 04:10:00,121.402435
4159,2013-11-23 04:20:00,113.42894
4159,2013-11-23 04:30:00,108.05357
4159,2013-11-23 04:40:00,123.97155
4159,2013-11-23 04:50:00,114.49087
4159,2013-11-23 05:00:00,111.7173
4159,2013-11-23 05:10:00,157.87456
4159,2013-11-23 05:20:00,116.15271
4159,2013-11-23 05:30:00,116.03762
4159,2013-11-23 05:40:00,129.03598
4159,2013-11-23 05:50:00,134.58626
4159,2013-11-23 06:00:00,128.7795
4159,2013-11-23 06:10:00,130.00475
4159,2013-11-23 06:20:00,127.08744
4159,2013-11-23 06:30:00,124.76776
4159,2013-11-23 06:40:00,152.77556
4159,2013-11-23 06:50:00,144.47192
4159,2013-11-23 07:00:00,154.24858
4159,2013-11-23 07:10:00,172.17635
4159,2013-11-23 07:20:00,198.68886
4159,2013-11-23 07:30:00,241.8051
4159,2013-11-23 07:40:00,262.70007
4159,2013-11-23 07:50:00,261.8921
4159,2013-11-23 08:00:00,292.1666
4159,2013-11-23 08:10:00,420.01517
4159,2013-11-23 08:20:00,469.6032
4159,2013-11-23 08:30:00,410.15952
4159,2013-11-23 08:40:00,464.40588
4159,2013-11-23 08:50:00,401.15234
4159,2013-11-23 09:00:00,395.35843
4159,2013-11-23 09:10:00,458.23907
4159,2013-11-23 09:20:00,368.61578
4159,2013-11-23 09:30:00,384.0491
4159,2013-11-23 09:40:00,484.15622
4159,2013-11-23 09:50:00,401.4534
4159,2013-11-23 10:00:00,422.94873
4159,2013-11-23 10:10:00,382.30615
4159,2013-11-23 10:20:00,498.2774
4159,2013-11-23 10:30:00,391.6971
4159,2013-11-23 10:40:00,387.1289
4159,2013-11-23 10:50:00,455.93057
4159,2013-11-23 11:00:00,467.04935
4159,2013-11-23 11:10:00,418.5482
4159,2013-11-23 11:20:00,505.23447
4159,2013-11-23 11:30:00,398.55484
4159,2013-11-23 11:40:00,487.0552
4159,2013-11-23 11:50:00,395.59247
4159,2013-11-23 12:00:00,488.01654
4159,2013-11-23 12:10:00,421.4596
4159,2013-11-23 12:20:00,323.3609
4159,2013-11-23 12:30:00,385.29474
4159,2013-11-23 12:40:00,412.8532
4159,2013-11-23 12:50:00,309.59424
4159,2013-11-23 13:00:00,415.22443
4159,2013-11-23 13:10:00,312.82703
4159,2013-11-23 13:20:00,314.46997
4159,2013-11-23 13:30:00,297.43222
4159,2013-11-23 13:40:00,410.18115
4159,2013-11-23 13:50:00,270.20743
4159,2013-11-23 14:00:00,347.39594
4159,2013-11-23 14:10:00,374.4297
4159,2013-11-23 14:20:00,391.69876
4159,2013-11-23 14:30:00,298.66705
4159,2013-11-23 14:40:00,294.6727
4159,2013-11-23 14:50:00,358.60577
4159,2013-11-23 15:00:00,315.07065
4159,2013-11-23 15:10:00,330.9628
4159,2013-11-23 15:20:00,283.6321
4159,2013-11-23 15:30:00,325.03152
4159,2013-11-23 15:40:00,327.22107
4159,2013-11-23 15:50:00,296.62683
4159,2013-11-23 16:00:00,290.45358
4159,2013-11-23 16:10:00,342.85806
4159,2013-11-23 16:20:00,284.015
4159,2013-11-23 16:30:00,300.1161
4159,2013-11-23 16:40:00,290.37207
4159,2013-11-23 16:50:00,304.17545
4159,2013-11-23 17:00:00,324.90442
4159,2013-11-23 17:10:00,265.65182
4159,2013-11-23 17:20:00,312.28845
4159,2013-11-23 17:30:00,288.1867
4159,2013-11-23 17:40:00,335.8897
4159,2013-11-23 17:50:00,282.9366
4159,2013-11-23 18:00:00,246.73898
4159,2013-11-23 18:10:00,289.9145
4159,2013-11-23 18:20:00,245.98013
4159,2013-11-23 18:30:00,281.0166
4159,2013-11-23 18:40:00,290.0822
4159,2013-11-23 18:50:00,285.24426
4159,2013-11-23 19:00:00,229.79536
4159,2013-11-23 19:10:00,230.38278
4159,2013-11-23 19:20:00,342.0489
4159,2013-11-23 19:30:00,238.87836
4159,2013-11-23 19:40:00,284.24374
4159,2013-11-23 19:50:00,212.05168
4159,2013-11-23 20:00:00,220.48744
4159,2013-11-23 20:10:00,194.97134
4159,2013-11-23 20:20:00,247.61421
4159,2013-11-23 20:30:00,252.863
4159,2013-11-23 20:40:00,215.17102
4159,2013-11-23 20:50:00,224.02171
4159,2013-11-23 21:00:00,233.51228
4159,2013-11-23 21:10:00,235.76973
4159,2013-11-23 21:20:00,213.46022
4159,2013-11-23 21:30:00,244.84877
4159,2013-11-23 21:40:00,246.84656
4159,2013-11-23 21:50:00,247.99197
4159,2013-11-23 22:00:00,220.78273
4159,2013-11-23 22:10:00,203.48804
4159,2013-11-23 22:20:00,189.09454
4159,2013-11-23 22:30:00,219.78952
4159,2013-11-23 22:40:00,207.02904
4159,2013-11-23 22:50:00,237.7694
4159,2013-11-23 23:00:00,215.71057
4159,2013-11-23 23:10:00,234.68375
4159,2013-11-23 23:20:00,207.88454
4159,2013-11-23 23:30:00,209.07233
4159,2013-11-23 23:40:00,212.26355
4159,2013-11-23 23:50:00,212.98509
4159,2013-11-24 00:00:00,227.405
4159,2013-11-24 00:10:00,195.22043
4159,2013-11-24 00:20:00,198.70181
4159,2013-11-24 00:30:00,203.78348
4159,2013-11-24 00:40:00,198.47694
4159,2013-11-24 00:50:00,186.13463
4159,2013-11-24 01:00:00,183.0391
4159,2013-11-24 01:10:00,178.35048
4159,2013-11-24 01:20:00,199.26312
4159,2013-11-24 01:30:00,180.09256
4159,2013-11-24 01:40:00,165.85304
4159,2013-11-24 01:50:00,167.58264
4159,2013-11-24 02:00:00,158.81615
4159,2013-11-24 02:10:00,159.02338
4159,2013-11-24 02:20:00,145.6485
4159,2013-11-24 02:30:00,159.00546
4159,2013-11-24 02:40:00,155.47734
4159,2013-11-24 02:50:00,139.73299
4159,2013-11-24 03:00:00,148.68936
4159,2013-11-24 03:10:00,154.65546
4159,2013-11-24 03:20:00,139.57445
4159,2013-11-24 03:30:00,159.5691
4159,2013-11-24 03:40:00,156.55278
4159,2013-11-24 03:50:00,205.71497
4159,2013-11-24 04:00:00,151.46892
4159,2013-11-24 04:10:00,133.38246
4159,2013-11-24 04:20:00,124.54367
4159,2013-11-24 04:30:00,217.97102
4159,2013-11-24 04:40:00,132.726
4159,2013-11-24 04:50:00,125.92423
4159,2013-11-24 05:00:00,135.66931
4159,2013-11-24 05:10:00,131.27414
4159,2013-11-24 05:20:00,130.21165
4159,2013-11-24 05:30:00,133.41954
4159,2013-11-24 05:40:00,147.65753
4159,2013-11-24 05:50:00,180.07858
4159,2013-11-24 06:00:00,134.59024
4159,2013-11-24 06:10:00,148.83084
4159,2013-11-24 06:20:00,135.89989
4159,2013-11-24 06:30:00,125.92681
4159,2013-11-24 06:40:00,129.54453
4159,2013-11-24 06:50:00,136.00598
4159,2013-11-24 07:00:00,130.45824
4159,2013-11-24 07:10:00,145.19943
4159,2013-11-24 07:20:00,142.06056
4159,2013-11-24 07:30:00,144.00087
4159,2013-11-24 07:40:00,156.92264
4159,2013-11-24 07:50:00,148.76152
4159,2013-11-24 08:00:00,154.59128
4159,2013-11-24 08:10:00,166.66904
4159,2013-11-24 08:20:00,209.71286
4159,2013-11-24 08:30:00,201.20775
4159,2013-11-24 08:40:00,179.48024
4159,2013-11-24 08:50:00,186.98158
4159,2013-11-24 09:00:00,169.40405
4159,2013-11-24 09:10:00,206.81897
4159,2013-11-24 09:20:00,186.61108
4159,2013-11-24 09:30:00,168.9592
4159,2013-11-24 09:40:00,207.95424
4159,2013-11-24 09:50:00,227.99551
4159,2013-11-24 10:00:00,190.20703
4159,2013-11-24 10:10:00,167.81938
4159,2013-11-24 10:20:00,197.4467
4159,2013-11-24 10:30:00,208.33856
4159,2013-11-24 10:40:00,196.05864
4159,2013-11-24 10:50:00,251.66171
4159,2013-11-24 11:00:00,264.06403
4159,2013-11-24 11:10:00,199.95882
4159,2013-11-24 11:20:00,194.33365
4159,2013-11-24 11:30:00,212.70746
4159,2013-11-24 11:40:00,262.0873
4159,2013-11-24 11:50:00,297.41144
4159,2013-11-24 12:00:00,230.96979
4159,2013-11-24 12:10:00,182.50545
4159,2013-11-24 12:20:00,166.69695
4159,2013-11-24 12:30:00,180.73499
4159,2013-11-24 12:40:00,209.42894
4159,2013-11-24 12:50:00,223.0387
4159,2013-11-24 13:00:00,196.34798
4159,2013-11-24 13:10:00,178.13269
4159,2013-11-24 13:20:00,214.19958
4159,2013-11-24 13:30:00,212.82445
4159,2013-11-24 13:40:00,214.86679
4159,2013-11-24 13:50:00,226.07182
4159,2013-11-24 14:00:00,238.25476
4159,2013-11-24 14:10:00,241.17763
4159,2013-11-24 14:20:00,194.24498
4159,2013-11-24 14:30:00,187.23676
4159,2013-11-24 14:40:00,216.61978
4159,2013-11-24 14:50:00,216.4637
4159,2013-11-24 15:00:00,181.38986
4159,2013-11-24 15:10:00,226.26155
4159,2013-11-24 15:20:00,230.30003
4159,2013-11-24 15:30:00,178.45457
4159,2013-11-24 15:40:00,194.1187
4159,2013-11-24 15:50:00,187.6337
4159,2013-11-24 16:00:00,196.43573
4159,2013-11-24 16:10:00,177.2921
4159,2013-11-24 16:20:00,174.00252
4159,2013-11-24 16:30:00,208.87743
4159,2013-11-24 16:40:00,216.08464
4159,2013-11-24 16:50:00,188.99664
4159,2013-11-24 17:00:00,215.87212
4159,2013-11-24 17:10:00,221.61989
4159,2013-11-24 17:20:00,171.74895
4159,2013-11-24 17:30:00,207.62276
4159,2013-11-24 17:40:00,203.15718
4159,2013-11-24 17:50:00,199.83691
4159,2013-11-24 18:00:00,218.23195
4159,2013-11-24 18:10:00,235.85446
4159,2013-11-24 18:20:00,209.00847
4159,2013-11-24 18:30:00,212.20068
4159,2013-11-24 18:40:00,242.02588
4159,2013-11-24 18:50:00,187.14003
4159,2013-11-24 19:00:00,262.38336
4159,2013-11-24 19:10:00,296.4038
4159,2013-11-24 19:20:00,237.22624
4159,2013-11-24 19:30:00,207.85675
4159,2013-11-24 19:40:00,210.56453
4159,2013-11-24 19:50:00,227.73045
4159,2013-11-24 20:00:00,229.79053
4159,2013-11-24 20:10:00,202.35472
4159,2013-11-24 20:20:00,214.6969
4159,2013-11-24 20:30:00,202.62743
4159,2013-11-24 20:40:00,216.52419
4159,2013-11-24 20:50:00,212.17357
4159,2013-11-24 21:00:00,276.44083
4159,2013-11-24 21:10:00,244.43779
4159,2013-11-24 21:20:00,225.89694
4159,2013-11-24 21:30:00,242.15771
4159,2013-11-24 21:40:00,254.41423
4159,2013-11-24 21:50:00,233.11673
4159,2013-11-24 22:00:00,202.9116
4159,2013-11-24 22:10:00,215.60548
4159,2013-11-24 22:20:00,180.81245
4159,2013-11-24 22:30:00,173.32512
4159,2013-11-24 22:40:00,174.93288
4159,2013-11-24 22:50:00,181.58134
4159,2013-11-24 23:00:00,206.60045
4159,2013-11-24 23:10:00,170.60443
4159,2013-11-24 23:20:00,156.34969
4159,2013-11-24 23:30:00,156.08066
4159,2013-11-24 23:40:00,153.55847
4159,2013-11-24 23:50:00,144.47008
4159,2013-11-25 00:00:00,154.23859
4159,2013-11-25 00:10:00,135.8114
4159,2013-11-25 00:20:00,155.96872
4159,2013-11-25 00:30:00,153.93864
4159,2013-11-25 00:40:00,153.8462
4159,2013-11-25 00:50:00,152.89835
4159,2013-11-25 01:00:00,145.67012
4159,2013-11-25 01:10:00,150.01509
4159,2013-11-25 01:20:00,138.71213
4159,2013-11-25 01:30:00,130.39592
4159,2013-11-25 01:40:00,124.59168
4159,2013-11-25 01:50:00,134.72049
4159,2013-11-25 02:00:00,129.19423
4159,2013-11-25 02:10:00,124.340904
4159,2013-11-25 02:20:00,125.35779
4159,2013-11-25 02:30:00,123.45942
4159,2013-11-25 02:40:00,118.69043
4159,2013-11-25 02:50:00,122.31337
4159,2013-11-25 03:00:00,121.4478
4159,2013-11-25 03:10:00,111.98747
4159,2013-11-25 03:20:00,109.10946
4159,2013-11-25 03:30:00,121.054245
4159,2013-11-25 03:40:00,115.03858
4159,2013-11-25 03:50:00,124.50885
4159,2013-11-25 04:00:00,114.5458
4159,2013-11-25 04:10:00,110.99973
4159,2013-11-25 04:20:00,112.179474
4159,2013-11-25 04:30:00,133.42712
4159,2013-11-25 04:40:00,119.91908
4159,2013-11-25 04:50:00,115.0806
4159,2013-11-25 05:00:00,131.12305
4159,2013-11-25 05:10:00,127.86223
4159,2013-11-25 05:20:00,128.0942
4159,2013-11-25 05:30:00,143.88551
4159,2013-11-25 05:40:00,145.88345
4159,2013-11-25 05:50:00,138.56523
4159,2013-11-25 06:00:00,159.51093
4159,2013-11-25 06:10:00,170.1476
4159,2013-11-25 06:20:00,179.17981
4159,2013-11-25 06:30:00,209.87013
4159,2013-11-25 06:40:00,216.8966
4159,2013-11-25 06:50:00,215.40118
4159,2013-11-25 07:00:00,289.89438
4159,2013-11-25 07:10:00,334.82324
4159,2013-11-25 07:20:00,269.6517
4159,2013-11-25 07:30:00,346.27078
4159,2013-11-25 07:40:00,367.86118
4159,2013-11-25 07:50:00,342.46902
4159,2013-11-25 08:00:00,430.57687
4159,2013-11-25 08:10:00,402.2264
4159,2013-11-25 08:20:00,501.33658
4159,2013-11-25 08:30:00,479.97235
4159,2013-11-25 08:40:00,506.1892
4159,2013-11-25 08:50:00,477.09766
4159,2013-11-25 09:00:00,491.22684
4159,2013-11-25 09:10:00,508.8778
4159,2013-11-25 09:20:00,576.7194
4159,2013-11-25 09:30:00,579.0918
4159,2013-11-25 09:40:00,526.27673
4159,2013-11-25 09:50:00,547.1828
4159,2013-11-25 10:00:00,649.6297
4159,2013-11-25 10:10:00,515.5752
4159,2013-11-25 10:20:00,615.8355
4159,2013-11-25 10:30:00,603.6383
4159,2013-11-25 10:40:00,573.3872
4159,2013-11-25 10:50:00,602.91626
4159,2013-11-25 11:00:00,644.00055
4159,2013-11-25 11:10:00,597.6095
4159,2013-11-25 11:20:00,662.04517
4159,2013-11-25 11:30:00,616.4571
4159,2013-11-25 11:40:00,577.7748
4159,2013-11-25 11:50:00,568.6349
4159,2013-11-25 12:00:00,587.03625
4159,2013-11-25 12:10:00,581.50867
4159,2013-11-25 12:20:00,557.75134
4159,2013-11-25 12:30:00,609.0049
4159,2013-11-25 12:40:00,614.16235
4159,2013-11-25 12:50:00,628.3909
4159,2013-11-25 13:00:00,680.5927
4159,2013-11-25 13:10:00,687.54803
4159,2013-11-25 13:20:00,636.8906
4159,2013-11-25 13:30:00,639.13385
4159,2013-11-25 13:40:00,647.9331
4159,2013-11-25 13:50:00,588.0302
4159,2013-11-25 14:00:00,770.55676
4159,2013-11-25 14:10:00,610.20874
4159,2013-11-25 14:20:00,593.3349
4159,2013-11-25 14:30:00,638.4225
4159,2013-11-25 14:40:00,681.6331
4159,2013-11-25 14:50:00,791.4402
4159,2013-11-25 15:00:00,711.9293
4159,2013-11-25 15:10:00,730.33075
4159,2013-11-25 15:20:00,602.5819
4159,2013-11-25 15:30:00,601.12256
4159,2013-11-25 15:40:00,685.4241
4159,2013-11-25 15:50:00,609.218
4159,2013-11-25 16:00:00,563.0148
4159,2013-11-25 16:10:00,611.4423
4159,2013-11-25 16:20:00,587.428
4159,2013-11-25 16:30:00,537.638
4159,2013-11-25 16:40:00,634.36255
4159,2013-11-25 16:50:00,689.3244
4159,2013-11-25 17:00:00,581.28906
4159,2013-11-25 17:10:00,560.2173
4159,2013-11-25 17:20:00,556.4949
4159,2013-11-25 17:30:00,476.16342
4159,2013-11-25 17:40:00,436.46735
4159,2013-11-25 17:50:00,446.60114
4159,2013-11-25 18:00:00,493.9775
4159,2013-11-25 18:10:00,403.73083
4159,2013-11-25 18:20:00,403.12817
4159,2013-11-25 18:30:00,394.1535
4159,2013-11-25 18:40:00,421.4427
4159,2013-11-25 18:50:00,320.5721
4159,2013-11-25 19:00:00,339.88693
4159,2013-11-25 19:10:00,357.4676
4159,2013-11-25 19:20:00,324.8044
4159,2013-11-25 19:30:00,297.99695
4159,2013-11-25 19:40:00,321.79547
4159,2013-11-25 19:50:00,334.4506
4159,2013-11-25 20:00:00,318.70312
4159,2013-11-25 20:10:00,289.5282
4159,2013-11-25 20:20:00,301.60666
4159,2013-11-25 20:30:00,304.88776
4159,2013-11-25 20:40:00,299.68076
4159,2013-11-25 20:50:00,300.93588
4159,2013-11-25 21:00:00,277.83163
4159,2013-11-25 21:10:00,304.67264
4159,2013-11-25 21:20:00,307.9318
4159,2013-11-25 21:30:00,311.5646
4159,2013-11-25 21:40:00,284.87787
4159,2013-11-25 21:50:00,262.53177
4159,2013-11-25 22:00:00,231.21158
4159,2013-11-25 22:10:00,227.51157
4159,2013-11-25 22:20:00,213.42567
4159,2013-11-25 22:30:00,248.26169
4159,2013-11-25 22:40:00,216.48703
4159,2013-11-25 22:50:00,210.7932
4159,2013-11-25 23:00:00,217.03807
4159,2013-11-25 23:10:00,209.72876
4159,2013-11-25 23:20:00,220.8891
4159,2013-11-25 23:30:00,214.3795
4159,2013-11-25 23:40:00,204.40562
4159,2013-11-25 23:50:00,209.6224
4159,2013-11-26 00:00:00,168.45584
4159,2013-11-26 00:10:00,185.1154
4159,2013-11-26 00:20:00,171.79628
4159,2013-11-26 00:30:00,155.80858
4159,2013-11-26 00:40:00,173.73221
4159,2013-11-26 00:50:00,162.23323
4159,2013-11-26 01:00:00,155.24684
4159,2013-11-26 01:10:00,151.8864
4159,2013-11-26 01:20:00,161.02486
4159,2013-11-26 01:30:00,145.95613
4159,2013-11-26 01:40:00,143.9093
4159,2013-11-26 01:50:00,148.69342
4159,2013-11-26 02:00:00,140.40134
4159,2013-11-26 02:10:00,132.55164
4159,2013-11-26 02:20:00,145.55968
4159,2013-11-26 02:30:00,141.45122
4159,2013-11-26 02:40:00,142.46938
4159,2013-11-26 02:50:00,154.87389
4159,2013-11-26 03:00:00,137.54962
4159,2013-11-26 03:10:00,132.677
4159,2013-11-26 03:20:00,140.60504
4159,2013-11-26 03:30:00,131.51813
4159,2013-11-26 03:40:00,133.22609
4159,2013-11-26 03:50:00,142.09215
4159,2013-11-26 04:00:00,133.56155
4159,2013-11-26 04:10:00,127.425026
4159,2013-11-26 04:20:00,137.1779
4159,2013-11-26 04:30:00,144.15576
4159,2013-11-26 04:40:00,126.259895
4159,2013-11-26 04:50:00,139.03876
4159,2013-11-26 05:00:00,127.61412
4159,2013-11-26 05:10:00,137.9812
4159,2013-11-26 05:20:00,142.57237
4159,2013-11-26 05:30:00,154.51521
4159,2013-11-26 05:40:00,146.85524
4159,2013-11-26 05:50:00,144.29655
4159,2013-11-26 06:00:00,178.36577
4159,2013-11-26 06:10:00,164.18343
4159,2013-11-26 06:20:00,195.53825
4159,2013-11-26 06:30:00,205.1707
4159,2013-11-26 06:40:00,204.55855
4159,2013-11-26 06:50:00,227.70294
4159,2013-11-26 07:00:00,279.77417
4159,2013-11-26 07:10:00,317.59958
4159,2013-11-26 07:20:00,298.10168
4159,2013-11-26 07:30:00,337.97794
4159,2013-11-26 07:40:00,433.74036
4159,2013-11-26 07:50:00,423.88577
4159,2013-11-26 08:00:00,450.3954
4159,2013-11-26 08:10:00,490.47177
4159,2013-11-26 08:20:00,477.72375
4159,2013-11-26 08:30:00,505.9337
4159,2013-11-26 08:40:00,497.02066
4159,2013-11-26 08:50:00,458.60944
4159,2013-11-26 09:00:00,481.56207
4159,2013-11-26 09:10:00,533.43774
4159,2013-11-26 09:20:00,513.4365
4159,2013-11-26 09:30:00,477.51392
4159,2013-11-26 09:40:00,496.5044
4159,2013-11-26 09:50:00,486.20047
4159,2013-11-26 10:00:00,515.5643
4159,2013-11-26 10:10:00,528.7495
4159,2013-11-26 10:20:00,471.7902
4159,2013-11-26 10:30:00,463.5613
4159,2013-11-26 10:40:00,498.26227
4159,2013-11-26 10:50:00,494.47415
4159,2013-11-26 11:00:00,646.4912
4159,2013-11-26 11:10:00,591.792
4159,2013-11-26 11:20:00,557.27985
4159,2013-11-26 11:30:00,625.28687
4159,2013-11-26 11:40:00,491.5573
4159,2013-11-26 11:50:00,529.60474
4159,2013-11-26 12:00:00,605.7774
4159,2013-11-26 12:10:00,526.697
4159,2013-11-26 12:20:00,564.5499
4159,2013-11-26 12:30:00,509.39728
4159,2013-11-26 12:40:00,520.8577
4159,2013-11-26 12:50:00,509.2483
4159,2013-11-26 13:00:00,585.3485
4159,2013-11-26 13:10:00,540.2982
4159,2013-11-26 13:20:00,584.98505
4159,2013-11-26 13:30:00,654.5678
4159,2013-11-26 13:40:00,558.384
4159,2013-11-26 13:50:00,498.25967
4159,2013-11-26 14:00:00,513.2848
4159,2013-11-26 14:10:00,554.1598
4159,2013-11-26 14:20:00,629.5905
4159,2013-11-26 14:30:00,499.63815
4159,2013-11-26 14:40:00,534.74536
4159,2013-11-26 14:50:00,572.4342
4159,2013-11-26 15:00:00,594.40955
4159,2013-11-26 15:10:00,662.8944
4159,2013-11-26 15:20:00,628.1081
4159,2013-11-26 15:30:00,688.1226
4159,2013-11-26 15:40:00,515.0288
4159,2013-11-26 15:50:00,553.13153
4159,2013-11-26 16:00:00,576.1938
4159,2013-11-26 16:10:00,516.033
4159,2013-11-26 16:20:00,502.8329
4159,2013-11-26 16:30:00,496.27164
4159,2013-11-26 16:40:00,507.05392
4159,2013-11-26 16:50:00,614.99835
4159,2013-11-26 17:00:00,577.95544
4159,2013-11-26 17:10:00,514.4756
4159,2013-11-26 17:20:00,585.7795
4159,2013-11-26 17:30:00,420.16327
4159,2013-11-26 17:40:00,466.02145
4159,2013-11-26 17:50:00,457.74463
4159,2013-11-26 18:00:00,510.98236
4159,2013-11-26 18:10:00,452.28998
4159,2013-11-26 18:20:00,402.66583
4159,2013-11-26 18:30:00,381.40643
4159,2013-11-26 18:40:00,402.58444
4159,2013-11-26 18:50:00,377.65308
4159,2013-11-26 19:00:00,359.08508
4159,2013-11-26 19:10:00,358.71475
4159,2013-11-26 19:20:00,375.60925
4159,2013-11-26 19:30:00,300.99207
4159,2013-11-26 19:40:00,276.3258
4159,2013-11-26 19:50:00,305.64532
4159,2013-11-26 20:00:00,295.07782
4159,2013-11-26 20:10:00,267.83298
4159,2013-11-26 20:20:00,330.21973
4159,2013-11-26 20:30:00,290.45895
4159,2013-11-26 20:40:00,257.589
4159,2013-11-26 20:50:00,344.2822
4159,2013-11-26 21:00:00,299.8206
4159,2013-11-26 21:10:00,294.9454
4159,2013-11-26 21:20:00,397.34222
4159,2013-11-26 21:30:00,468.1734
4159,2013-11-26 21:40:00,387.00702
4159,2013-11-26 21:50:00,278.8556
4159,2013-11-26 22:00:00,302.8482
4159,2013-11-26 22:10:00,251.43631
4159,2013-11-26 22:20:00,316.37357
4159,2013-11-26 22:30:00,299.05148
4159,2013-11-26 22:40:00,223.28064
4159,2013-11-26 22:50:00,296.62238
4159,2013-11-26 23:00:00,216.17017
4159,2013-11-26 23:10:00,237.11348
4159,2013-11-26 23:20:00,245.582
4159,2013-11-26 23:30:00,206.51205
4159,2013-11-26 23:40:00,213.55725
4159,2013-11-26 23:50:00,168.11328
4159,2013-11-27 00:00:00,362.1735
4159,2013-11-27 00:10:00,142.50772
4159,2013-11-27 00:20:00,177.63564
4159,2013-11-27 00:30:00,154.41495
4159,2013-11-27 00:40:00,143.54964
4159,2013-11-27 00:50:00,162.64969
4159,2013-11-27 01:00:00,152.85945
4159,2013-11-27 01:10:00,147.15211
4159,2013-11-27 01:20:00,135.619
4159,2013-11-27 01:30:00,143.5491
4159,2013-11-27 01:40:00,153.78838
4159,2013-11-27 01:50:00,136.23967
4159,2013-11-27 02:00:00,143.58432
4159,2013-11-27 02:10:00,137.83566
4159,2013-11-27 02:20:00,133.22487
4159,2013-11-27 02:30:00,138.16777
4159,2013-11-27 02:40:00,133.68518
4159,2013-11-27 02:50:00,130.48152
4159,2013-11-27 03:00:00,140.09935
4159,2013-11-27 03:10:00,128.73485
4159,2013-11-27 03:20:00,140.0346
4159,2013-11-27 03:30:00,148.30148
4159,2013-11-27 03:40:00,131.302
4159,2013-11-27 03:50:00,138.73703
4159,2013-11-27 04:00:00,140.81459
4159,2013-11-27 04:10:00,122.862495
4159,2013-11-27 04:20:00,125.6081
4159,2013-11-27 04:30:00,137.16646
4159,2013-11-27 04:40:00,135.49982
4159,2013-11-27 04:50:00,134.17876
4159,2013-11-27 05:00:00,147.13113
4159,2013-11-27 05:10:00,136.07704
4159,2013-11-27 05:20:00,125.47717
4159,2013-11-27 05:30:00,153.72665
4159,2013-11-27 05:40:00,142.90692
4159,2013-11-27 05:50:00,159.04802
4159,2013-11-27 06:00:00,173.83078
4159,2013-11-27 06:10:00,173.47337
4159,2013-11-27 06:20:00,162.40767
4159,2013-11-27 06:30:00,223.62654
4159,2013-11-27 06:40:00,208.37598
4159,2013-11-27 06:50:00,230.59613
4159,2013-11-27 07:00:00,279.66846
4159,2013-11-27 07:10:00,289.8888
4159,2013-11-27 07:20:00,300.15768
4159,2013-11-27 07:30:00,384.29706
4159,2013-11-27 07:40:00,475.84906
4159,2013-11-27 07:50:00,418.92145
4159,2013-11-27 08:00:00,433.233
4159,2013-11-27 08:10:00,445.31894
4159,2013-11-27 08:20:00,439.95538
4159,2013-11-27 08:30:00,540.1655
4159,2013-11-27 08:40:00,644.8948
4159,2013-11-27 08:50:00,531.8876
4159,2013-11-27 09:00:00,550.4037
4159,2013-11-27 09:10:00,574.19934
4159,2013-11-27 09:20:00,672.0298
4159,2013-11-27 09:30:00,632.9836
4159,2013-11-27 09:40:00,660.0411
4159,2013-11-27 09:50:00,536.50104
4159,2013-11-27 10:00:00,571.1682
4159,2013-11-27 10:10:00,506.53162
4159,2013-11-27 10:20:00,460.27167
4159,2013-11-27 10:30:00,473.07373
4159,2013-11-27 10:40:00,492.82452
4159,2013-11-27 10:50:00,507.12265
4159,2013-11-27 11:00:00,636.65045
4159,2013-11-27 11:10:00,741.1827
4159,2013-11-27 11:20:00,681.8939
4159,2013-11-27 11:30:00,679.7954
4159,2013-11-27 11:40:00,689.2817
4159,2013-11-27 11:50:00,672.7882
4159,2013-11-27 12:00:00,704.05835
4159,2013-11-27 12:10:00,649.9384
4159,2013-11-27 12:20:00,686.99915
4159,2013-11-27 12:30:00,647.52185
4159,2013-11-27 12:40:00,701.2043
4159,2013-11-27 12:50:00,643.5975
4159,2013-11-27 13:00:00,694.26697
4159,2013-11-27 13:10:00,690.61755
4159,2013-11-27 13:20:00,663.54767
4159,2013-11-27 13:30:00,640.8951
4159,2013-11-27 13:40:00,613.25244
4159,2013-11-27 13:50:00,564.45984
4159,2013-11-27 14:00:00,712.1702
4159,2013-11-27 14:10:00,672.3389
4159,2013-11-27 14:20:00,585.8806
4159,2013-11-27 14:30:00,702.58075
4159,2013-11-27 14:40:00,699.11224
4159,2013-11-27 14:50:00,642.21173
4159,2013-11-27 15:00:00,714.7098
4159,2013-11-27 15:10:00,753.8648
4159,2013-11-27 15:20:00,703.85474
4159,2013-11-27 15:30:00,641.0377
4159,2013-11-27 15:40:00,572.5908
4159,2013-11-27 15:50:00,537.4759
4159,2013-11-27 16:00:00,547.29956
4159,2013-11-27 16:10:00,553.5017
4159,2013-11-27 16:20:00,553.5231
4159,2013-11-27 16:30:00,615.33093
4159,2013-11-27 16:40:00,625.3263
4159,2013-11-27 16:50:00,610.6031
4159,2013-11-27 17:00:00,555.1318
4159,2013-11-27 17:10:00,524.1131
4159,2013-11-27 17:20:00,518.624
4159,2013-11-27 17:30:00,462.37964
4159,2013-11-27 17:40:00,497.70145
4159,2013-11-27 17:50:00,512.8638
4159,2013-11-27 18:00:00,437.8162
4159,2013-11-27 18:10:00,499.88718
4159,2013-11-27 18:20:00,451.24268
4159,2013-11-27 18:30:00,455.7043
4159,2013-11-27 18:40:00,488.5834
4159,2013-11-27 18:50:00,398.212
4159,2013-11-27 19:00:00,377.93286
4159,2013-11-27 19:10:00,398.54953
4159,2013-11-27 19:20:00,355.68384
4159,2013-11-27 19:30:00,368.339
4159,2013-11-27 19:40:00,418.5033
4159,2013-11-27 19:50:00,421.8208
4159,2013-11-27 20:00:00,338.72546
4159,2013-11-27 20:10:00,443.9403
4159,2013-11-27 20:20:00,366.97595
4159,2013-11-27 20:30:00,384.11917
4159,2013-11-27 20:40:00,295.75174
4159,2013-11-27 20:50:00,362.4881
4159,2013-11-27 21:00:00,350.25983
4159,2013-11-27 21:10:00,371.66125
4159,2013-11-27 21:20:00,349.9559
4159,2013-11-27 21:30:00,361.58472
4159,2013-11-27 21:40:00,284.13885
4159,2013-11-27 21:50:00,274.69742
4159,2013-11-27 22:00:00,272.94812
4159,2013-11-27 22:10:00,241.12657
4159,2013-11-27 22:20:00,251.6399
4159,2013-11-27 22:30:00,235.88092
4159,2013-11-27 22:40:00,236.48901
4159,2013-11-27 22:50:00,238.09053
4159,2013-11-27 23:00:00,236.53102
4159,2013-11-27 23:10:00,209.5901
4159,2013-11-27 23:20:00,220.02148
4159,2013-11-27 23:30:00,195.71642
4159,2013-11-27 23:40:00,172.7223
4159,2013-11-27 23:50:00,201.9816
4159,2013-11-28 00:00:00,179.5258
4159,2013-11-28 00:10:00,178.87827
4159,2013-11-28 00:20:00,162.72038
4159,2013-11-28 00:30:00,180.23521
4159,2013-11-28 00:40:00,161.59831
4159,2013-11-28 00:50:00,152.39944
4159,2013-11-28 01:00:00,156.74112
4159,2013-11-28 01:10:00,149.04448
4159,2013-11-28 01:20:00,144.5909
4159,2013-11-28 01:30:00,135.3452
4159,2013-11-28 01:40:00,138.23927
4159,2013-11-28 01:50:00,139.77173
4159,2013-11-28 02:00:00,135.37193
4159,2013-11-28 02:10:00,141.68443
4159,2013-11-28 02:20:00,134.03589
4159,2013-11-28 02:30:00,127.53722
4159,2013-11-28 02:40:00,136.12741
4159,2013-11-28 02:50:00,134.20291
4159,2013-11-28 03:00:00,127.554115
4159,2013-11-28 03:10:00,139.1488
4159,2013-11-28 03:20:00,129.03386
4159,2013-11-28 03:30:00,120.06842
4159,2013-11-28 03:40:00,130.41011
4159,2013-11-28 03:50:00,129.09074
4159,2013-11-28 04:00:00,113.08229
4159,2013-11-28 04:10:00,128.21327
4159,2013-11-28 04:20:00,134.79617
4159,2013-11-28 04:30:00,119.801895
4159,2013-11-28 04:40:00,130.08554
4159,2013-11-28 04:50:00,135.46042
4159,2013-11-28 05:00:00,114.21366
4159,2013-11-28 05:10:00,141.87529
4159,2013-11-28 05:20:00,131.06592
4159,2013-11-28 05:30:00,143.25941
4159,2013-11-28 05:40:00,131.06815
4159,2013-11-28 05:50:00,140.10146
4159,2013-11-28 06:00:00,156.28929
4159,2013-11-28 06:10:00,168.28484
4159,2013-11-28 06:20:00,167.47098
4159,2013-11-28 06:30:00,202.63239
4159,2013-11-28 06:40:00,200.6911
4159,2013-11-28 06:50:00,269.9534
4159,2013-11-28 07:00:00,264.1621
4159,2013-11-28 07:10:00,272.01047
4159,2013-11-28 07:20:00,304.07816
4159,2013-11-28 07:30:00,364.28625
4159,2013-11-28 07:40:00,415.49652
4159,2013-11-28 07:50:00,451.47305
4159,2013-11-28 08:00:00,410.98694
4159,2013-11-28 08:10:00,465.4273
4159,2013-11-28 08:20:00,450.56973
4159,2013-11-28 08:30:00,482.88516
4159,2013-11-28 08:40:00,445.8058
4159,2013-11-28 08:50:00,497.03952
4159,2013-11-28 09:00:00,503.77194
4159,2013-11-28 09:10:00,610.95905
4159,2013-11-28 09:20:00,654.4969
4159,2013-11-28 09:30:00,660.32587
4159,2013-11-28 09:40:00,530.6769
4159,2013-11-28 09:50:00,618.11334
4159,2013-11-28 10:00:00,633.91705
4159,2013-11-28 10:10:00,693.3722
4159,2013-11-28 10:20:00,702.9361
4159,2013-11-28 10:30:00,605.53033
4159,2013-11-28 10:40:00,644.94824
4159,2013-11-28 10:50:00,592.39996
4159,2013-11-28 11:00:00,674.00476
4159,2013-11-28 11:10:00,748.2477
4159,2013-11-28 11:20:00,725.0998
4159,2013-11-28 11:30:00,666.94147
4159,2013-11-28 11:40:00,626.2018
4159,2013-11-28 11:50:00,624.08856
4159,2013-11-28 12:00:00,639.1715
4159,2013-11-28 12:10:00,635.9188
4159,2013-11-28 12:20:00,622.5342
4159,2013-11-28 12:30:00,665.67175
4159,2013-11-28 12:40:00,703.9793
4159,2013-11-28 12:50:00,682.37537
4159,2013-11-28 13:00:00,643.9282
4159,2013-11-28 13:10:00,654.093
4159,2013-11-28 13:20:00,648.0005
4159,2013-11-28 13:30:00,634.60004
4159,2013-11-28 13:40:00,629.75684
4159,2013-11-28 13:50:00,561.84326
4159,2013-11-28 14:00:00,556.1096
4159,2013-11-28 14:10:00,615.90814
4159,2013-11-28 14:20:00,583.01605
4159,2013-11-28 14:30:00,565.6591
4159,2013-11-28 14:40:00,562.9101
4159,2013-11-28 14:50:00,599.4021
4159,2013-11-28 15:00:00,656.5485
4159,2013-11-28 15:10:00,627.7832
4159,2013-11-28 15:20:00,615.7582
4159,2013-11-28 15:30:00,648.9265
4159,2013-11-28 15:40:00,560.49756
4159,2013-11-28 15:50:00,545.6265
4159,2013-11-28 16:00:00,534.3392
4159,2013-11-28 16:10:00,559.548
4159,2013-11-28 16:20:00,536.0157
4159,2013-11-28 16:30:00,537.25964
4159,2013-11-28 16:40:00,565.28094
4159,2013-11-28 16:50:00,597.8467
4159,2013-11-28 17:00:00,649.03644
4159,2013-11-28 17:10:00,517.78973
4159,2013-11-28 17:20:00,586.86053
4159,2013-11-28 17:30:00,543.5331
4159,2013-11-28 17:40:00,508.25015
4159,2013-11-28 17:50:00,420.4851
4159,2013-11-28 18:00:00,435.8056
4159,2013-11-28 18:10:00,478.0274
4159,2013-11-28 18:20:00,455.5892
4159,2013-11-28 18:30:00,434.25604
4159,2013-11-28 18:40:00,433.1527
4159,2013-11-28 18:50:00,374.2163
4159,2013-11-28 19:00:00,379.10312
4159,2013-11-28 19:10:00,374.37512
4159,2013-11-28 19:20:00,320.77963
4159,2013-11-28 19:30:00,324.29843
4159,2013-11-28 19:40:00,297.7088
4159,2013-11-28 19:50:00,328.4898
4159,2013-11-28 20:00:00,314.61115
4159,2013-11-28 20:10:00,295.70413
4159,2013-11-28 20:20:00,295.87485
4159,2013-11-28 20:30:00,300.12375
4159,2013-11-28 20:40:00,304.27127
4159,2013-11-28 20:50:00,321.199
4159,2013-11-28 21:00:00,279.04425
4159,2013-11-28 21:10:00,228.1125
4159,2013-11-28 21:20:00,247.65125
4159,2013-11-28 21:30:00,254.85786
4159,2013-11-28 21:40:00,222.79668
4159,2013-11-28 21:50:00,359.0535
4159,2013-11-28 22:00:00,265.03156
4159,2013-11-28 22:10:00,324.11642
4159,2013-11-28 22:20:00,250.34314
4159,2013-11-28 22:30:00,218.61191
4159,2013-11-28 22:40:00,212.87311
4159,2013-11-28 22:50:00,221.83101
4159,2013-11-28 23:00:00,218.21158
4159,2013-11-28 23:10:00,207.7434
4159,2013-11-28 23:20:00,204.52788
4159,2013-11-28 23:30:00,276.32394
4159,2013-11-28 23:40:00,293.0278
4159,2013-11-28 23:50:00,290.366
4159,2013-11-29 00:00:00,155.73964
4159,2013-11-29 00:10:00,166.16956
4159,2013-11-29 00:20:00,150.48053
4159,2013-11-29 00:30:00,151.73654
4159,2013-11-29 00:40:00,154.2765
4159,2013-11-29 00:50:00,147.51892
4159,2013-11-29 01:00:00,150.32758
4159,2013-11-29 01:10:00,150.4002
4159,2013-11-29 01:20:00,166.66284
4159,2013-11-29 01:30:00,166.32433
4159,2013-11-29 01:40:00,145.52156
4159,2013-11-29 01:50:00,187.87271
4159,2013-11-29 02:00:00,179.7445
4159,2013-11-29 02:10:00,142.64415
4159,2013-11-29 02:20:00,146.01382
4159,2013-11-29 02:30:00,144.50003
4159,2013-11-29 02:40:00,141.71701
4159,2013-11-29 02:50:00,145.43903
4159,2013-11-29 03:00:00,146.42221
4159,2013-11-29 03:10:00,138.49773
4159,2013-11-29 03:20:00,133.59792
4159,2013-11-29 03:30:00,144.54004
4159,2013-11-29 03:40:00,140.59195
4159,2013-11-29 03:50:00,136.2416
4159,2013-11-29 04:00:00,140.57173
4159,2013-11-29 04:10:00,135.354
4159,2013-11-29 04:20:00,130.62817
4159,2013-11-29 04:30:00,144.1391
4159,2013-11-29 04:40:00,126.902954
4159,2013-11-29 04:50:00,145.01337
4159,2013-11-29 05:00:00,158.27995
4159,2013-11-29 05:10:00,153.58217
4159,2013-11-29 05:20:00,165.61784
4159,2013-11-29 05:30:00,175.30719
4159,2013-11-29 05:40:00,156.726
4159,2013-11-29 05:50:00,172.39679
4159,2013-11-29 06:00:00,188.51968
4159,2013-11-29 06:10:00,176.83711
4159,2013-11-29 06:20:00,190.46552
4159,2013-11-29 06:30:00,281.89426
4159,2013-11-29 06:40:00,285.60345
4159,2013-11-29 06:50:00,338.3198
4159,2013-11-29 07:00:00,400.23816
4159,2013-11-29 07:10:00,298.7074
4159,2013-11-29 07:20:00,319.3677
4159,2013-11-29 07:30:00,338.54236
4159,2013-11-29 07:40:00,396.94604
4159,2013-11-29 07:50:00,404.93103
4159,2013-11-29 08:00:00,430.19342
4159,2013-11-29 08:10:00,457.98856
4159,2013-11-29 08:20:00,421.81482
4159,2013-11-29 08:30:00,454.4857
4159,2013-11-29 08:40:00,439.2888
4159,2013-11-29 08:50:00,448.34842
4159,2013-11-29 09:00:00,493.14005
4159,2013-11-29 09:10:00,506.045
4159,2013-11-29 09:20:00,618.1636
4159,2013-11-29 09:30:00,577.85394
4159,2013-11-29 09:40:00,530.7538
4159,2013-11-29 09:50:00,564.0839
4159,2013-11-29 10:00:00,495.4715
4159,2013-11-29 10:10:00,479.35175
4159,2013-11-29 10:20:00,509.1858
4159,2013-11-29 10:30:00,536.2558
4159,2013-11-29 10:40:00,572.58044
4159,2013-11-29 10:50:00,517.1419
4159,2013-11-29 11:00:00,607.4012
4159,2013-11-29 11:10:00,590.3637
4159,2013-11-29 11:20:00,540.0659
4159,2013-11-29 11:30:00,652.7097
4159,2013-11-29 11:40:00,610.6137
4159,2013-11-29 11:50:00,551.0611
4159,2013-11-29 12:00:00,694.35626
4159,2013-11-29 12:10:00,630.9333
4159,2013-11-29 12:20:00,607.91614
4159,2013-11-29 12:30:00,823.2595
4159,2013-11-29 12:40:00,632.66345
4159,2013-11-29 12:50:00,565.4665
4159,2013-11-29 13:00:00,631.7569
4159,2013-11-29 13:10:00,591.70435
4159,2013-11-29 13:20:00,522.8686
4159,2013-11-29 13:30:00,633.3199
4159,2013-11-29 13:40:00,628.3548
4159,2013-11-29 13:50:00,620.5288
4159,2013-11-29 14:00:00,601.3613
4159,2013-11-29 14:10:00,640.502
4159,2013-11-29 14:20:00,632.6287
4159,2013-11-29 14:30:00,568.14404
4159,2013-11-29 14:40:00,552.1202
4159,2013-11-29 14:50:00,512.6042
4159,2013-11-29 15:00:00,639.1219
4159,2013-11-29 15:10:00,537.7459
4159,2013-11-29 15:20:00,589.6273
4159,2013-11-29 15:30:00,554.82086
4159,2013-11-29 15:40:00,497.94644
4159,2013-11-29 15:50:00,468.35068
4159,2013-11-29 16:00:00,529.1222
4159,2013-11-29 16:10:00,472.8447
4159,2013-11-29 16:20:00,466.4915
4159,2013-11-29 16:30:00,523.0091
4159,2013-11-29 16:40:00,475.3174
4159,2013-11-29 16:50:00,494.71747
4159,2013-11-29 17:00:00,604.5317
4159,2013-11-29 17:10:00,494.05878
4159,2013-11-29 17:20:00,428.73706
4159,2013-11-29 17:30:00,417.86075
4159,2013-11-29 17:40:00,443.98608
4159,2013-11-29 17:50:00,368.4643
4159,2013-11-29 18:00:00,434.56668
4159,2013-11-29 18:10:00,387.65524
4159,2013-11-29 18:20:00,324.69476
4159,2013-11-29 18:30:00,406.16922
4159,2013-11-29 18:40:00,366.95862
4159,2013-11-29 18:50:00,340.04465
4159,2013-11-29 19:00:00,340.10297
4159,2013-11-29 19:10:00,308.5836
4159,2013-11-29 19:20:00,316.7295
4159,2013-11-29 19:30:00,277.36
4159,2013-11-29 19:40:00,726.40674
4159,2013-11-29 19:50:00,823.7013
4159,2013-11-29 20:00:00,811.0303
4159,2013-11-29 20:10:00,261.3119
4159,2013-11-29 20:20:00,283.68497
4159,2013-11-29 20:30:00,311.45367
4159,2013-11-29 20:40:00,261.87097
4159,2013-11-29 20:50:00,251.08203
4159,2013-11-29 21:00:00,233.21245
4159,2013-11-29 21:10:00,247.45164
4159,2013-11-29 21:20:00,253.06561
4159,2013-11-29 21:30:00,223.67387
4159,2013-11-29 21:40:00,235.51306
4159,2013-11-29 21:50:00,217.81216
4159,2013-11-29 22:00:00,239.20587
4159,2013-11-29 22:10:00,254.83081
4159,2013-11-29 22:20:00,228.70915
4159,2013-11-29 22:30:00,232.91727
4159,2013-11-29 22:40:00,252.35863
4159,2013-11-29 22:50:00,222.2537
4159,2013-11-29 23:00:00,240.04091
4159,2013-11-29 23:10:00,205.11336
4159,2013-11-29 23:20:00,217.39293
4159,2013-11-29 23:30:00,295.3455
4159,2013-11-29 23:40:00,233.0907
4159,2013-11-29 23:50:00,196.93312
4159,2013-11-30 00:00:00,197.04314
4159,2013-11-30 00:10:00,237.34653
4159,2013-11-30 00:20:00,221.25659
4159,2013-11-30 00:30:00,242.669
4159,2013-11-30 00:40:00,287.38623
4159,2013-11-30 00:50:00,251.97174
4159,2013-11-30 01:00:00,180.46843
4159,2013-11-30 01:10:00,161.50447
4159,2013-11-30 01:20:00,147.92458
4159,2013-11-30 01:30:00,160.95888
4159,2013-11-30 01:40:00,189.41064
4159,2013-11-30 01:50:00,145.71089
4159,2013-11-30 02:00:00,160.01103
4159,2013-11-30 02:10:00,152.08882
4159,2013-11-30 02:20:00,160.22266
4159,2013-11-30 02:30:00,157.11597
4159,2013-11-30 02:40:00,141.17741
4159,2013-11-30 02:50:00,144.22206
4159,2013-11-30 03:00:00,164.82848
4159,2013-11-30 03:10:00,154.82323
4159,2013-11-30 03:20:00,147.76369
4159,2013-11-30 03:30:00,155.13428
4159,2013-11-30 03:40:00,133.91023
4159,2013-11-30 03:50:00,135.03577
4159,2013-11-30 04:00:00,150.05446
4159,2013-11-30 04:10:00,129.16888
4159,2013-11-30 04:20:00,132.36029
4159,2013-11-30 04:30:00,140.29068
4159,2013-11-30 04:40:00,130.04077
4159,2013-11-30 04:50:00,121.2212
4159,2013-11-30 05:00:00,129.0053
4159,2013-11-30 05:10:00,130.19481
4159,2013-11-30 05:20:00,119.57414
4159,2013-11-30 05:30:00,127.40935
4159,2013-11-30 05:40:00,136.97238
4159,2013-11-30 05:50:00,139.85364
4159,2013-11-30 06:00:00,176.15994
4159,2013-11-30 06:10:00,145.45836
4159,2013-11-30 06:20:00,132.21939
4159,2013-11-30 06:30:00,156.5322
4159,2013-11-30 06:40:00,156.54
4159,2013-11-30 06:50:00,143.07008
4159,2013-11-30 07:00:00,167.60558
4159,2013-11-30 07:10:00,155.32002
4159,2013-11-30 07:20:00,149.98361
4159,2013-11-30 07:30:00,187.1861
4159,2013-11-30 07:40:00,181.55637
4159,2013-11-30 07:50:00,221.45152
4159,2013-11-30 08:00:00,219.2981
4159,2013-11-30 08:10:00,224.55527
4159,2013-11-30 08:20:00,214.58197
4159,2013-11-30 08:30:00,235.88773
4159,2013-11-30 08:40:00,261.61395
4159,2013-11-30 08:50:00,278.39902
4159,2013-11-30 09:00:00,266.2088
4159,2013-11-30 09:10:00,277.45654
4159,2013-11-30 09:20:00,257.36743
4159,2013-11-30 09:30:00,308.09097
4159,2013-11-30 09:40:00,311.1993
4159,2013-11-30 09:50:00,312.02017
4159,2013-11-30 10:00:00,311.037
4159,2013-11-30 10:10:00,297.38113
4159,2013-11-30 10:20:00,273.0007
4159,2013-11-30 10:30:00,312.0927
4159,2013-11-30 10:40:00,298.89963
4159,2013-11-30 10:50:00,286.33365
4159,2013-11-30 11:00:00,297.2859
4159,2013-11-30 11:10:00,306.52942
4159,2013-11-30 11:20:00,300.22852
4159,2013-11-30 11:30:00,297.76166
4159,2013-11-30 11:40:00,285.28436
4159,2013-11-30 11:50:00,349.51767
4159,2013-11-30 12:00:00,436.26642
4159,2013-11-30 12:10:00,337.20105
4159,2013-11-30 12:20:00,347.51764
4159,2013-11-30 12:30:00,351.75595
4159,2013-11-30 12:40:00,341.0649
4159,2013-11-30 12:50:00,303.57913
4159,2013-11-30 13:00:00,353.41498
4159,2013-11-30 13:10:00,305.9387
4159,2013-11-30 13:20:00,436.56693
4159,2013-11-30 13:30:00,358.61368
4159,2013-11-30 13:40:00,319.8061
4159,2013-11-30 13:50:00,276.14624
4159,2013-11-30 14:00:00,280.6036
4159,2013-11-30 14:10:00,311.5603
4159,2013-11-30 14:20:00,271.47852
4159,2013-11-30 14:30:00,298.37268
4159,2013-11-30 14:40:00,318.06735
4159,2013-11-30 14:50:00,288.59903
4159,2013-11-30 15:00:00,334.65097
4159,2013-11-30 15:10:00,417.00958
4159,2013-11-30 15:20:00,286.35062
4159,2013-11-30 15:30:00,332.90335
4159,2013-11-30 15:40:00,286.29202
4159,2013-11-30 15:50:00,357.4219
4159,2013-11-30 16:00:00,312.43045
4159,2013-11-30 16:10:00,373.97702
4159,2013-11-30 16:20:00,309.70804
4159,2013-11-30 16:30:00,270.31897
4159,2013-11-30 16:40:00,277.0379
4159,2013-11-30 16:50:00,287.36136
4159,2013-11-30 17:00:00,296.61295
4159,2013-11-30 17:10:00,250.50343
4159,2013-11-30 17:20:00,274.66766
4159,2013-11-30 17:30:00,309.85513
4159,2013-11-30 17:40:00,233.26118
4159,2013-11-30 17:50:00,215.22621
4159,2013-11-30 18:00:00,232.71483
4159,2013-11-30 18:10:00,281.68927
4159,2013-11-30 18:20:00,255.31897
4159,2013-11-30 18:30:00,247.25726
4159,2013-11-30 18:40:00,212.11324
4159,2013-11-30 18:50:00,214.0285
4159,2013-11-30 19:00:00,230.03955
4159,2013-11-30 19:10:00,240.3742
4159,2013-11-30 19:20:00,225.95952
4159,2013-11-30 19:30:00,246.27121
4159,2013-11-30 19:40:00,261.67322
4159,2013-11-30 19:50:00,211.68846
4159,2013-11-30 20:00:00,234.85707
4159,2013-11-30 20:10:00,226.64342
4159,2013-11-30 20:20:00,382.55774
4159,2013-11-30 20:30:00,214.90149
4159,2013-11-30 20:40:00,202.73465
4159,2013-11-30 20:50:00,209.94777
4159,2013-11-30 21:00:00,232.93459
4159,2013-11-30 21:10:00,257.97696
4159,2013-11-30 21:20:00,233.53905
4159,2013-11-30 21:30:00,250.38762
4159,2013-11-30 21:40:00,235.75214
4159,2013-11-30 21:50:00,245.64372
4159,2013-11-30 22:00:00,234.3969
4159,2013-11-30 22:10:00,276.15936
4159,2013-11-30 22:20:00,242.79883
4159,2013-11-30 22:30:00,234.0787
4159,2013-11-30 22:40:00,270.62378
4159,2013-11-30 22:50:00,218.32477
4159,2013-11-30 23:00:00,242.00594
4159,2013-11-30 23:10:00,275.2939
4159,2013-11-30 23:20:00,237.04398
4159,2013-11-30 23:30:00,231.49074
4159,2013-11-30 23:40:00,233.48914
4159,2013-11-30 23:50:00,199.6764
4159,2013-12-01 00:00:00,204.52367
4159,2013-12-01 00:10:00,198.01265
4159,2013-12-01 00:20:00,228.87451
4159,2013-12-01 00:30:00,194.13094
4159,2013-12-01 00:40:00,201.71982
4159,2013-12-01 00:50:00,195.81204
4159,2013-12-01 01:00:00,202.10274
4159,2013-12-01 01:10:00,240.07181
4159,2013-12-01 01:20:00,190.89983
4159,2013-12-01 01:30:00,172.40433
4159,2013-12-01 01:40:00,168.48018
4159,2013-12-01 01:50:00,147.20038
4159,2013-12-01 02:00:00,148.6182
4159,2013-12-01 02:10:00,167.89476
4159,2013-12-01 02:20:00,136.06879
4159,2013-12-01 02:30:00,147.18419
4159,2013-12-01 02:40:00,141.79646
4159,2013-12-01 02:50:00,149.31653
4159,2013-12-01 03:00:00,138.8723
4159,2013-12-01 03:10:00,122.7407
4159,2013-12-01 03:20:00,134.82458
4159,2013-12-01 03:30:00,119.32636
4159,2013-12-01 03:40:00,122.949425
4159,2013-12-01 03:50:00,135.79031
4159,2013-12-01 04:00:00,121.97383
4159,2013-12-01 04:10:00,125.89351
4159,2013-12-01 04:20:00,114.6871
4159,2013-12-01 04:30:00,111.07655
4159,2013-12-01 04:40:00,130.9379
4159,2013-12-01 04:50:00,116.034546
4159,2013-12-01 05:00:00,113.48312
4159,2013-12-01 05:10:00,119.084526
4159,2013-12-01 05:20:00,118.826584
4159,2013-12-01 05:30:00,109.99667
4159,2013-12-01 05:40:00,118.91981
4159,2013-12-01 05:50:00,113.70989
4159,2013-12-01 06:00:00,116.42267
4159,2013-12-01 06:10:00,117.86885
4159,2013-12-01 06:20:00,125.89581
4159,2013-12-01 06:30:00,115.46043
4159,2013-12-01 06:40:00,118.68583
4159,2013-12-01 06:50:00,122.65191
4159,2013-12-01 07:00:00,117.68848
4159,2013-12-01 07:10:00,129.99483
4159,2013-12-01 07:20:00,122.591736
4159,2013-12-01 07:30:00,121.88124
4159,2013-12-01 07:40:00,147.26474
4159,2013-12-01 07:50:00,146.13307
4159,2013-12-01 08:00:00,133.99747
4159,2013-12-01 08:10:00,220.30103
4159,2013-12-01 08:20:00,148.06448
4159,2013-12-01 08:30:00,144.24211
4159,2013-12-01 08:40:00,157.24742
4159,2013-12-01 08:50:00,171.21889
4159,2013-12-01 09:00:00,284.65805
4159,2013-12-01 09:10:00,536.3471
4159,2013-12-01 09:20:00,197.2934
4159,2013-12-01 09:30:00,180.51628
4159,2013-12-01 09:40:00,169.30673
4159,2013-12-01 09:50:00,179.14438
4159,2013-12-01 10:00:00,144.42334
4159,2013-12-01 10:10:00,162.42413
4159,2013-12-01 10:20:00,169.10867
4159,2013-12-01 10:30:00,176.37012
4159,2013-12-01 10:40:00,219.25331
4159,2013-12-01 10:50:00,157.26707
4159,2013-12-01 11:00:00,162.90958
4159,2013-12-01 11:10:00,163.18207
4159,2013-12-01 11:20:00,135.94868
4159,2013-12-01 11:30:00,159.83482
4159,2013-12-01 11:40:00,168.03203
4159,2013-12-01 11:50:00,152.03441
4159,2013-12-01 12:00:00,179.34729
4159,2013-12-01 12:10:00,182.16815
4159,2013-12-01 12:20:00,131.45769
4159,2013-12-01 12:30:00,178.13176
4159,2013-12-01 12:40:00,199.05814
4159,2013-12-01 12:50:00,166.60239
4159,2013-12-01 13:00:00,213.65715
4159,2013-12-01 13:10:00,220.532
4159,2013-12-01 13:20:00,195.15613
4159,2013-12-01 13:30:00,201.96532
4159,2013-12-01 13:40:00,163.17244
4159,2013-12-01 13:50:00,152.1871
4159,2013-12-01 14:00:00,184.95009
4159,2013-12-01 14:10:00,256.95145
4159,2013-12-01 14:20:00,233.60298
4159,2013-12-01 14:30:00,208.33575
4159,2013-12-01 14:40:00,234.86739
4159,2013-12-01 14:50:00,180.58246
4159,2013-12-01 15:00:00,197.41837
4159,2013-12-01 15:10:00,224.54825
4159,2013-12-01 15:20:00,242.68947
4159,2013-12-01 15:30:00,221.38571
4159,2013-12-01 15:40:00,180.25204
4159,2013-12-01 15:50:00,197.08916
4159,2013-12-01 16:00:00,208.47377
4159,2013-12-01 16:10:00,215.16104
4159,2013-12-01 16:20:00,211.39978
4159,2013-12-01 16:30:00,207.76575
4159,2013-12-01 16:40:00,202.84404
4159,2013-12-01 16:50:00,205.57787
4159,2013-12-01 17:00:00,201.3458
4159,2013-12-01 17:10:00,201.23283
4159,2013-12-01 17:20:00,221.24684
4159,2013-12-01 17:30:00,190.02016
4159,2013-12-01 17:40:00,201.18945
4159,2013-12-01 17:50:00,194.78038
4159,2013-12-01 18:00:00,221.08519
4159,2013-12-01 18:10:00,214.44127
4159,2013-12-01 18:20:00,212.97571
4159,2013-12-01 18:30:00,321.12796
4159,2013-12-01 18:40:00,227.24338
4159,2013-12-01 18:50:00,204.03279
4159,2013-12-01 19:00:00,211.42456
4159,2013-12-01 19:10:00,283.50412
4159,2013-12-01 19:20:00,207.95279
4159,2013-12-01 19:30:00,202.69667
4159,2013-12-01 19:40:00,192.22888
4159,2013-12-01 19:50:00,172.7776
4159,2013-12-01 20:00:00,163.96164
4159,2013-12-01 20:10:00,205.72147
4159,2013-12-01 20:20:00,227.0305
4159,2013-12-01 20:30:00,175.53015
4159,2013-12-01 20:40:00,196.10426
4159,2013-12-01 20:50:00,209.17546
4159,2013-12-01 21:00:00,216.03871
4159,2013-12-01 21:10:00,203.1751
4159,2013-12-01 21:20:00,196.69794
4159,2013-12-01 21:30:00,197.63681
4159,2013-12-01 21:40:00,204.82222
4159,2013-12-01 21:50:00,220.38257
4159,2013-12-01 22:00:00,193.73059
4159,2013-12-01 22:10:00,238.63829
4159,2013-12-01 22:20:00,203.9692
4159,2013-12-01 22:30:00,181.17143
4159,2013-12-01 22:40:00,153.59723
4159,2013-12-01 22:50:00,149.8281
4159,2013-12-01 23:00:00,185.42696
4159,2013-12-01 23:10:00,168.63855
4159,2013-12-01 23:20:00,150.45345
4159,2013-12-01 23:30:00,166.51602
4159,2013-12-01 23:40:00,179.19075
4159,2013-12-01 23:50:00,170.27307
4159,2013-12-02 00:00:00,226.34612
4159,2013-12-02 00:10:00,186.12631
4159,2013-12-02 00:20:00,149.85028
4159,2013-12-02 00:30:00,135.12737
4159,2013-12-02 00:40:00,155.06236
4159,2013-12-02 00:50:00,133.81117
4159,2013-12-02 01:00:00,107.257454
4159,2013-12-02 01:10:00,127.552795
4159,2013-12-02 01:20:00,124.810326
4159,2013-12-02 01:30:00,104.287285
4159,2013-12-02 01:40:00,115.86658
4159,2013-12-02 01:50:00,112.62165
4159,2013-12-02 02:00:00,108.95264
4159,2013-12-02 02:10:00,117.27098
4159,2013-12-02 02:20:00,110.928246
4159,2013-12-02 02:30:00,100.65687
4159,2013-12-02 02:40:00,116.036644
4159,2013-12-02 02:50:00,110.76122
4159,2013-12-02 03:00:00,104.800835
4159,2013-12-02 03:10:00,97.84695
4159,2013-12-02 03:20:00,100.28957
4159,2013-12-02 03:30:00,102.29715
4159,2013-12-02 03:40:00,97.512115
4159,2013-12-02 03:50:00,104.63419
4159,2013-12-02 04:00:00,92.87345
4159,2013-12-02 04:10:00,106.841034
4159,2013-12-02 04:20:00,101.04187
4159,2013-12-02 04:30:00,103.61011
4159,2013-12-02 04:40:00,105.475685
4159,2013-12-02 04:50:00,112.55177
4159,2013-12-02 05:00:00,105.91828
4159,2013-12-02 05:10:00,116.778076
4159,2013-12-02 05:20:00,123.133194
4159,2013-12-02 05:30:00,111.32842
4159,2013-12-02 05:40:00,124.90892
4159,2013-12-02 05:50:00,130.91243
4159,2013-12-02 06:00:00,132.19936
4159,2013-12-02 06:10:00,135.4739
4159,2013-12-02 06:20:00,182.73871
4159,2013-12-02 06:30:00,188.15186
4159,2013-12-02 06:40:00,199.15811
4159,2013-12-02 06:50:00,244.4869
4159,2013-12-02 07:00:00,227.98804
4159,2013-12-02 07:10:00,272.72375
4159,2013-12-02 07:20:00,315.08777
4159,2013-12-02 07:30:00,336.3372
4159,2013-12-02 07:40:00,398.5366
4159,2013-12-02 07:50:00,364.8364
4159,2013-12-02 08:00:00,421.015
4159,2013-12-02 08:10:00,443.23843
4159,2013-12-02 08:20:00,439.6421
4159,2013-12-02 08:30:00,438.20514
4159,2013-12-02 08:40:00,487.93744
4159,2013-12-02 08:50:00,449.33502
4159,2013-12-02 09:00:00,453.15924
4159,2013-12-02 09:10:00,471.83044
4159,2013-12-02 09:20:00,656.9199
4159,2013-12-02 09:30:00,564.7465
4159,2013-12-02 09:40:00,532.1818
4159,2013-12-02 09:50:00,535.7449
4159,2013-12-02 10:00:00,549.93585
4159,2013-12-02 10:10:00,559.72876
4159,2013-12-02 10:20:00,609.603
4159,2013-12-02 10:30:00,578.4941
4159,2013-12-02 10:40:00,599.93
4159,2013-12-02 10:50:00,671.0657
4159,2013-12-02 11:00:00,656.9862
4159,2013-12-02 11:10:00,710.6117
4159,2013-12-02 11:20:00,708.9385
4159,2013-12-02 11:30:00,660.98566
4159,2013-12-02 11:40:00,688.61426
4159,2013-12-02 11:50:00,680.74744
4159,2013-12-02 12:00:00,655.5239
4159,2013-12-02 12:10:00,709.82654
4159,2013-12-02 12:20:00,664.4301
4159,2013-12-02 12:30:00,719.6818
4159,2013-12-02 12:40:00,636.6594
4159,2013-12-02 12:50:00,616.2482
4159,2013-12-02 13:00:00,748.9644
4159,2013-12-02 13:10:00,769.15967
4159,2013-12-02 13:20:00,678.733
4159,2013-12-02 13:30:00,638.31946
4159,2013-12-02 13:40:00,695.21497
4159,2013-12-02 13:50:00,618.35815
4159,2013-12-02 14:00:00,601.6252
4159,2013-12-02 14:10:00,597.56665
4159,2013-12-02 14:20:00,647.66077
4159,2013-12-02 14:30:00,560.0515
4159,2013-12-02 14:40:00,559.76965
4159,2013-12-02 14:50:00,597.0346
4159,2013-12-02 15:00:00,744.8371
4159,2013-12-02 15:10:00,683.3885
4159,2013-12-02 15:20:00,601.9286
4159,2013-12-02 15:30:00,590.629
4159,2013-12-02 15:40:00,553.633
4159,2013-12-02 15:50:00,589.2118
4159,2013-12-02 16:00:00,534.328
4159,2013-12-02 16:10:00,627.39307
4159,2013-12-02 16:20:00,557.838
4159,2013-12-02 16:30:00,524.489
4159,2013-12-02 16:40:00,562.2865
4159,2013-12-02 16:50:00,604.84143
4159,2013-12-02 17:00:00,534.517
4159,2013-12-02 17:10:00,510.14957
4159,2013-12-02 17:20:00,535.5039
4159,2013-12-02 17:30:00,585.7933
4159,2013-12-02 17:40:00,479.8268
4159,2013-12-02 17:50:00,485.91528
4159,2013-12-02 18:00:00,480.2467
4159,2013-12-02 18:10:00,533.73065
4159,2013-12-02 18:20:00,491.55676
4159,2013-12-02 18:30:00,471.67093
4159,2013-12-02 18:40:00,509.4813
4159,2013-12-02 18:50:00,409.324
4159,2013-12-02 19:00:00,388.68173
4159,2013-12-02 19:10:00,359.52612
4159,2013-12-02 19:20:00,338.02063
4159,2013-12-02 19:30:00,349.19815
4159,2013-12-02 19:40:00,399.4779
4159,2013-12-02 19:50:00,361.5056
4159,2013-12-02 20:00:00,378.4649
4159,2013-12-02 20:10:00,345.19266
4159,2013-12-02 20:20:00,296.60364
4159,2013-12-02 20:30:00,289.06158
4159,2013-12-02 20:40:00,326.57056
4159,2013-12-02 20:50:00,350.80902
4159,2013-12-02 21:00:00,396.97806
4159,2013-12-02 21:10:00,291.78693
4159,2013-12-02 21:20:00,275.69888
4159,2013-12-02 21:30:00,286.16516
4159,2013-12-02 21:40:00,259.1447
4159,2013-12-02 21:50:00,276.0075
4159,2013-12-02 22:00:00,237.7752
4159,2013-12-02 22:10:00,314.18338
4159,2013-12-02 22:20:00,268.6489
4159,2013-12-02 22:30:00,299.18356
4159,2013-12-02 22:40:00,293.71378
4159,2013-12-02 22:50:00,280.7861
4159,2013-12-02 23:00:00,316.54388
4159,2013-12-02 23:10:00,217.83496
4159,2013-12-02 23:20:00,215.81837
4159,2013-12-02 23:30:00,219.60608
4159,2013-12-02 23:40:00,193.36432
4159,2013-12-02 23:50:00,168.24109
4159,2013-12-03 00:00:00,196.48418
4159,2013-12-03 00:10:00,435.0451
4159,2013-12-03 00:20:00,132.9786
4159,2013-12-03 00:30:00,199.54146
4159,2013-12-03 00:40:00,211.36337
4159,2013-12-03 00:50:00,131.46793
4159,2013-12-03 01:00:00,159.81836
4159,2013-12-03 01:10:00,168.7123
4159,2013-12-03 01:20:00,128.91788
4159,2013-12-03 01:30:00,150.77406
4159,2013-12-03 01:40:00,153.53882
4159,2013-12-03 01:50:00,135.14258
4159,2013-12-03 02:00:00,152.25041
4159,2013-12-03 02:10:00,149.75508
4159,2013-12-03 02:20:00,141.09355
4159,2013-12-03 02:30:00,152.34183
4159,2013-12-03 02:40:00,151.40547
4159,2013-12-03 02:50:00,130.56189
4159,2013-12-03 03:00:00,136.1582
4159,2013-12-03 03:10:00,141.74818
4159,2013-12-03 03:20:00,132.48312
4159,2013-12-03 03:30:00,145.46848
4159,2013-12-03 03:40:00,141.74104
4159,2013-12-03 03:50:00,128.75153
4159,2013-12-03 04:00:00,150.76547
4159,2013-12-03 04:10:00,139.1569
4159,2013-12-03 04:20:00,134.118
4159,2013-12-03 04:30:00,148.1897
4159,2013-12-03 04:40:00,143.12752
4159,2013-12-03 04:50:00,123.89203
4159,2013-12-03 05:00:00,144.18356
4159,2013-12-03 05:10:00,145.87473
4159,2013-12-03 05:20:00,132.45358
4159,2013-12-03 05:30:00,153.32874
4159,2013-12-03 05:40:00,137.65186
4159,2013-12-03 05:50:00,159.65228
4159,2013-12-03 06:00:00,166.04689
4159,2013-12-03 06:10:00,159.51338
4159,2013-12-03 06:20:00,175.05614
4159,2013-12-03 06:30:00,196.17946
4159,2013-12-03 06:40:00,212.66344
4159,2013-12-03 06:50:00,320.7583
4159,2013-12-03 07:00:00,235.12952
4159,2013-12-03 07:10:00,286.40256
4159,2013-12-03 07:20:00,344.25177
4159,2013-12-03 07:30:00,309.89456
4159,2013-12-03 07:40:00,490.77066
4159,2013-12-03 07:50:00,352.6145
4159,2013-12-03 08:00:00,406.2017
4159,2013-12-03 08:10:00,463.3854
4159,2013-12-03 08:20:00,466.19928
4159,2013-12-03 08:30:00,470.0334
4159,2013-12-03 08:40:00,458.66306
4159,2013-12-03 08:50:00,450.78754
4159,2013-12-03 09:00:00,510.26907
4159,2013-12-03 09:10:00,548.11676
4159,2013-12-03 09:20:00,603.3189
4159,2013-12-03 09:30:00,621.8949
4159,2013-12-03 09:40:00,648.0996
4159,2013-12-03 09:50:00,641.0951
4159,2013-12-03 10:00:00,597.393
4159,2013-12-03 10:10:00,619.3238
4159,2013-12-03 10:20:00,598.9371
4159,2013-12-03 10:30:00,628.18524
4159,2013-12-03 10:40:00,679.87366
4159,2013-12-03 10:50:00,642.42633
4159,2013-12-03 11:00:00,743.2531
4159,2013-12-03 11:10:00,741.5615
4159,2013-12-03 11:20:00,685.1893
4159,2013-12-03 11:30:00,712.283
4159,2013-12-03 11:40:00,610.0297
4159,2013-12-03 11:50:00,613.5722
4159,2013-12-03 12:00:00,651.87524
4159,2013-12-03 12:10:00,593.8694
4159,2013-12-03 12:20:00,643.14
4159,2013-12-03 12:30:00,549.43414
4159,2013-12-03 12:40:00,608.3332
4159,2013-12-03 12:50:00,605.67755
4159,2013-12-03 13:00:00,696.75073
4159,2013-12-03 13:10:00,781.3594
4159,2013-12-03 13:20:00,631.3601
4159,2013-12-03 13:30:00,634.4655
4159,2013-12-03 13:40:00,568.67004
4159,2013-12-03 13:50:00,554.9848
4159,2013-12-03 14:00:00,644.7505
4159,2013-12-03 14:10:00,617.8493
4159,2013-12-03 14:20:00,529.18774
4159,2013-12-03 14:30:00,548.9962
4159,2013-12-03 14:40:00,534.4525
4159,2013-12-03 14:50:00,529.4446
4159,2013-12-03 15:00:00,643.3529
4159,2013-12-03 15:10:00,669.98584
4159,2013-12-03 15:20:00,629.13654
4159,2013-12-03 15:30:00,622.1054
4159,2013-12-03 15:40:00,599.97784
4159,2013-12-03 15:50:00,554.1569
4159,2013-12-03 16:00:00,590.6898
4159,2013-12-03 16:10:00,629.9924
4159,2013-12-03 16:20:00,576.96484
4159,2013-12-03 16:30:00,691.2567
4159,2013-12-03 16:40:00,651.7578
4159,2013-12-03 16:50:00,626.5309
4159,2013-12-03 17:00:00,665.18774
4159,2013-12-03 17:10:00,578.4264
4159,2013-12-03 17:20:00,498.62057
4159,2013-12-03 17:30:00,485.74945
4159,2013-12-03 17:40:00,503.07297
4159,2013-12-03 17:50:00,450.8831
4159,2013-12-03 18:00:00,441.06332
4159,2013-12-03 18:10:00,466.1181
4159,2013-12-03 18:20:00,455.61447
4159,2013-12-03 18:30:00,434.71945
4159,2013-12-03 18:40:00,409.73538
4159,2013-12-03 18:50:00,393.10617
4159,2013-12-03 19:00:00,498.31717
4159,2013-12-03 19:10:00,349.11877
4159,2013-12-03 19:20:00,435.79416
4159,2013-12-03 19:30:00,333.5116
4159,2013-12-03 19:40:00,411.87186
4159,2013-12-03 19:50:00,308.50497
4159,2013-12-03 20:00:00,338.09964
4159,2013-12-03 20:10:00,416.77432
4159,2013-12-03 20:20:00,299.6485
4159,2013-12-03 20:30:00,281.02847
4159,2013-12-03 20:40:00,343.86984
4159,2013-12-03 20:50:00,360.1005
4159,2013-12-03 21:00:00,264.134
4159,2013-12-03 21:10:00,397.8129
4159,2013-12-03 21:20:00,298.33463
4159,2013-12-03 21:30:00,264.4812
4159,2013-12-03 21:40:00,264.41196
4159,2013-12-03 21:50:00,229.34863
4159,2013-12-03 22:00:00,237.92151
4159,2013-12-03 22:10:00,285.4382
4159,2013-12-03 22:20:00,270.8225
4159,2013-12-03 22:30:00,242.01724
4159,2013-12-03 22:40:00,254.85564
4159,2013-12-03 22:50:00,244.25671
4159,2013-12-03 23:00:00,304.57516
4159,2013-12-03 23:10:00,237.00829
4159,2013-12-03 23:20:00,204.31795
4159,2013-12-03 23:30:00,195.63022
4159,2013-12-03 23:40:00,170.97964
4159,2013-12-03 23:50:00,167.55525
4159,2013-12-04 00:00:00,172.43433
4159,2013-12-04 00:10:00,168.74342
4159,2013-12-04 00:20:00,159.08504
4159,2013-12-04 00:30:00,159.64835
4159,2013-12-04 00:40:00,153.81839
4159,2013-12-04 00:50:00,176.45369
4159,2013-12-04 01:00:00,217.05376
4159,2013-12-04 01:10:00,268.09082
4159,2013-12-04 01:20:00,128.44202
4159,2013-12-04 01:30:00,122.441925
4159,2013-12-04 01:40:00,127.93913
4159,2013-12-04 01:50:00,117.50882
4159,2013-12-04 02:00:00,114.39546
4159,2013-12-04 02:10:00,123.88811
4159,2013-12-04 02:20:00,121.12312
4159,2013-12-04 02:30:00,121.24205
4159,2013-12-04 02:40:00,126.32267
4159,2013-12-04 02:50:00,113.659996
4159,2013-12-04 03:00:00,118.85472
4159,2013-12-04 03:10:00,114.105385
4159,2013-12-04 03:20:00,102.934586
4159,2013-12-04 03:30:00,109.40444
4159,2013-12-04 03:40:00,107.14876
4159,2013-12-04 03:50:00,105.8411
4159,2013-12-04 04:00:00,110.96468
4159,2013-12-04 04:10:00,106.59036
4159,2013-12-04 04:20:00,112.06729
4159,2013-12-04 04:30:00,120.98213
4159,2013-12-04 04:40:00,116.842766
4159,2013-12-04 04:50:00,111.926254
4159,2013-12-04 05:00:00,120.850914
4159,2013-12-04 05:10:00,132.31241
4159,2013-12-04 05:20:00,134.03978
4159,2013-12-04 05:30:00,131.56502
4159,2013-12-04 05:40:00,140.35641
4159,2013-12-04 05:50:00,141.72581
4159,2013-12-04 06:00:00,157.18318
4159,2013-12-04 06:10:00,153.82397
4159,2013-12-04 06:20:00,159.14232
4159,2013-12-04 06:30:00,323.083
4159,2013-12-04 06:40:00,215.50948
4159,2013-12-04 06:50:00,226.9024
4159,2013-12-04 07:00:00,259.7838
4159,2013-12-04 07:10:00,309.24124
4159,2013-12-04 07:20:00,292.05228
4159,2013-12-04 07:30:00,338.61368
4159,2013-12-04 07:40:00,426.65784
4159,2013-12-04 07:50:00,380.68
4159,2013-12-04 08:00:00,455.0863
4159,2013-12-04 08:10:00,439.52478
4159,2013-12-04 08:20:00,466.1156
4159,2013-12-04 08:30:00,479.19333
4159,2013-12-04 08:40:00,438.5474
4159,2013-12-04 08:50:00,447.04248
4159,2013-12-04 09:00:00,452.25705
4159,2013-12-04 09:10:00,531.08
4159,2013-12-04 09:20:00,619.2531
4159,2013-12-04 09:30:00,580.67413
4159,2013-12-04 09:40:00,563.4513
4159,2013-12-04 09:50:00,521.053
4159,2013-12-04 10:00:00,507.4185
4159,2013-12-04 10:10:00,507.77148
4159,2013-12-04 10:20:00,509.74374
4159,2013-12-04 10:30:00,499.57812
4159,2013-12-04 10:40:00,530.8932
4159,2013-12-04 10:50:00,524.23175
4159,2013-12-04 11:00:00,600.7225
4159,2013-12-04 11:10:00,643.5516
4159,2013-12-04 11:20:00,657.53876
4159,2013-12-04 11:30:00,685.64996
4159,2013-12-04 11:40:00,608.5113
4159,2013-12-04 11:50:00,564.31793
4159,2013-12-04 12:00:00,683.7202
4159,2013-12-04 12:10:00,589.36273
4159,2013-12-04 12:20:00,560.0036
4159,2013-12-04 12:30:00,615.1147
4159,2013-12-04 12:40:00,543.99457
4159,2013-12-04 12:50:00,614.12897
4159,2013-12-04 13:00:00,648.5736
4159,2013-12-04 13:10:00,687.7757
4159,2013-12-04 13:20:00,590.4581
4159,2013-12-04 13:30:00,580.80145
4159,2013-12-04 13:40:00,530.79706
4159,2013-12-04 13:50:00,571.4035
4159,2013-12-04 14:00:00,565.8559
4159,2013-12-04 14:10:00,528.7657
4159,2013-12-04 14:20:00,560.2979
4159,2013-12-04 14:30:00,579.9125
4159,2013-12-04 14:40:00,563.5841
4159,2013-12-04 14:50:00,583.43115
4159,2013-12-04 15:00:00,630.6864
4159,2013-12-04 15:10:00,608.67334
4159,2013-12-04 15:20:00,563.87463
4159,2013-12-04 15:30:00,532.3712
4159,2013-12-04 15:40:00,551.2368
4159,2013-12-04 15:50:00,560.8103
4159,2013-12-04 16:00:00,503.97952
4159,2013-12-04 16:10:00,506.61835
4159,2013-12-04 16:20:00,521.6796
4159,2013-12-04 16:30:00,545.7393
4159,2013-12-04 16:40:00,573.39685
4159,2013-12-04 16:50:00,583.2522
4159,2013-12-04 17:00:00,565.7091
4159,2013-12-04 17:10:00,497.98392
4159,2013-12-04 17:20:00,420.6772
4159,2013-12-04 17:30:00,471.48505
4159,2013-12-04 17:40:00,431.0363
4159,2013-12-04 17:50:00,449.28973
4159,2013-12-04 18:00:00,437.17084
4159,2013-12-04 18:10:00,383.74338
4159,2013-12-04 18:20:00,417.01343
4159,2013-12-04 18:30:00,399.26053
4159,2013-12-04 18:40:00,404.6686
4159,2013-12-04 18:50:00,401.0334
4159,2013-12-04 19:00:00,346.9598
4159,2013-12-04 19:10:00,307.08545
4159,2013-12-04 19:20:00,335.89587
4159,2013-12-04 19:30:00,330.69012
4159,2013-12-04 19:40:00,302.3596
4159,2013-12-04 19:50:00,292.07675
4159,2013-12-04 20:00:00,289.84595
4159,2013-12-04 20:10:00,294.29688
4159,2013-12-04 20:20:00,346.63385
4159,2013-12-04 20:30:00,424.06335
4159,2013-12-04 20:40:00,327.11548
4159,2013-12-04 20:50:00,287.97464
4159,2013-12-04 21:00:00,231.94943
4159,2013-12-04 21:10:00,267.09265
4159,2013-12-04 21:20:00,263.70642
4159,2013-12-04 21:30:00,262.1273
4159,2013-12-04 21:40:00,232.06897
4159,2013-12-04 21:50:00,215.48328
4159,2013-12-04 22:00:00,250.50655
4159,2013-12-04 22:10:00,221.99094
4159,2013-12-04 22:20:00,218.73636
4159,2013-12-04 22:30:00,199.16592
4159,2013-12-04 22:40:00,219.63632
4159,2013-12-04 22:50:00,192.36366
4159,2013-12-04 23:00:00,189.16072
4159,2013-12-04 23:10:00,189.06989
4159,2013-12-04 23:20:00,204.3769
4159,2013-12-04 23:30:00,212.33989
4159,2013-12-04 23:40:00,162.3426
4159,2013-12-04 23:50:00,171.39238
4159,2013-12-05 00:00:00,239.23634
4159,2013-12-05 00:10:00,164.6427
4159,2013-12-05 00:20:00,153.42389
4159,2013-12-05 00:30:00,145.32568
4159,2013-12-05 00:40:00,140.02766
4159,2013-12-05 00:50:00,155.24821
4159,2013-12-05 01:00:00,149.90495
4159,2013-12-05 01:10:00,154.69815
4159,2013-12-05 01:20:00,138.3527
4159,2013-12-05 01:30:00,146.04247
4159,2013-12-05 01:40:00,152.44469
4159,2013-12-05 01:50:00,134.06981
4159,2013-12-05 02:00:00,137.28479
4159,2013-12-05 02:10:00,150.57674
4159,2013-12-05 02:20:00,128.8996
4159,2013-12-05 02:30:00,139.97632
4159,2013-12-05 02:40:00,150.66685
4159,2013-12-05 02:50:00,131.03505
4159,2013-12-05 03:00:00,137.39961
4159,2013-12-05 03:10:00,138.46751
4159,2013-12-05 03:20:00,124.644966
4159,2013-12-05 03:30:00,144.72894
4159,2013-12-05 03:40:00,192.04214
4159,2013-12-05 03:50:00,153.68991
4159,2013-12-05 04:00:00,136.20375
4159,2013-12-05 04:10:00,145.84866
4159,2013-12-05 04:20:00,124.45677
4159,2013-12-05 04:30:00,141.97089
4159,2013-12-05 04:40:00,142.01784
4159,2013-12-05 04:50:00,128.90392
4159,2013-12-05 05:00:00,144.05008
4159,2013-12-05 05:10:00,133.49947
4159,2013-12-05 05:20:00,127.23011
4159,2013-12-05 05:30:00,157.84875
4159,2013-12-05 05:40:00,153.18175
4159,2013-12-05 05:50:00,155.16443
4159,2013-12-05 06:00:00,179.36736
4159,2013-12-05 06:10:00,200.86412
4159,2013-12-05 06:20:00,170.9771
4159,2013-12-05 06:30:00,205.9361
4159,2013-12-05 06:40:00,220.91656
4159,2013-12-05 06:50:00,231.10728
4159,2013-12-05 07:00:00,280.4874
4159,2013-12-05 07:10:00,359.77652
4159,2013-12-05 07:20:00,305.13394
4159,2013-12-05 07:30:00,367.75772
4159,2013-12-05 07:40:00,415.5829
4159,2013-12-05 07:50:00,372.65234
4159,2013-12-05 08:00:00,426.78442
4159,2013-12-05 08:10:00,458.3875
4159,2013-12-05 08:20:00,442.92844
4159,2013-12-05 08:30:00,492.29364
4159,2013-12-05 08:40:00,539.32965
4159,2013-12-05 08:50:00,543.7887
4159,2013-12-05 09:00:00,522.48004
4159,2013-12-05 09:10:00,579.7675
4159,2013-12-05 09:20:00,595.5718
4159,2013-12-05 09:30:00,689.04517
4159,2013-12-05 09:40:00,589.49384
4159,2013-12-05 09:50:00,542.3745
4159,2013-12-05 10:00:00,575.37524
4159,2013-12-05 10:10:00,559.23206
4159,2013-12-05 10:20:00,537.8406
4159,2013-12-05 10:30:00,543.60376
4159,2013-12-05 10:40:00,550.04065
4159,2013-12-05 10:50:00,661.97626
4159,2013-12-05 11:00:00,677.0222
4159,2013-12-05 11:10:00,691.8443
4159,2013-12-05 11:20:00,669.32416
4159,2013-12-05 11:30:00,707.59827
4159,2013-12-05 11:40:00,660.60144
4159,2013-12-05 11:50:00,696.17316
4159,2013-12-05 12:00:00,718.5078
4159,2013-12-05 12:10:00,644.72205
4159,2013-12-05 12:20:00,653.26276
4159,2013-12-05 12:30:00,615.864
4159,2013-12-05 12:40:00,670.864
4159,2013-12-05 12:50:00,725.4856
4159,2013-12-05 13:00:00,675.1179
4159,2013-12-05 13:10:00,664.48975
4159,2013-12-05 13:20:00,639.9775
4159,2013-12-05 13:30:00,630.74677
4159,2013-12-05 13:40:00,598.7458
4159,2013-12-05 13:50:00,597.6184
4159,2013-12-05 14:00:00,626.08936
4159,2013-12-05 14:10:00,584.7087
4159,2013-12-05 14:20:00,566.7349
4159,2013-12-05 14:30:00,567.2582
4159,2013-12-05 14:40:00,593.4826
4159,2013-12-05 14:50:00,615.22766
4159,2013-12-05 15:00:00,665.5926
4159,2013-12-05 15:10:00,628.35284
4159,2013-12-05 15:20:00,613.1152
4159,2013-12-05 15:30:00,546.6356
4159,2013-12-05 15:40:00,545.3371
4159,2013-12-05 15:50:00,546.9559
4159,2013-12-05 16:00:00,570.88654
4159,2013-12-05 16:10:00,546.4728
4159,2013-12-05 16:20:00,583.9378
4159,2013-12-05 16:30:00,527.94836
4159,2013-12-05 16:40:00,494.8193
4159,2013-12-05 16:50:00,701.1092
4159,2013-12-05 17:00:00,524.9539
4159,2013-12-05 17:10:00,529.3315
4159,2013-12-05 17:20:00,488.1935
4159,2013-12-05 17:30:00,491.31244
4159,2013-12-05 17:40:00,471.0444
4159,2013-12-05 17:50:00,498.9641
4159,2013-12-05 18:00:00,497.49905
4159,2013-12-05 18:10:00,464.08905
4159,2013-12-05 18:20:00,436.43536
4159,2013-12-05 18:30:00,412.04733
4159,2013-12-05 18:40:00,418.87396
4159,2013-12-05 18:50:00,361.38074
4159,2013-12-05 19:00:00,373.09326
4159,2013-12-05 19:10:00,391.7698
4159,2013-12-05 19:20:00,348.49832
4159,2013-12-05 19:30:00,370.4158
4159,2013-12-05 19:40:00,313.96698
4159,2013-12-05 19:50:00,295.98215
4159,2013-12-05 20:00:00,334.83875
4159,2013-12-05 20:10:00,333.25403
4159,2013-12-05 20:20:00,342.81137
4159,2013-12-05 20:30:00,329.92706
4159,2013-12-05 20:40:00,299.76883
4159,2013-12-05 20:50:00,294.91196
4159,2013-12-05 21:00:00,298.42282
4159,2013-12-05 21:10:00,303.67712
4159,2013-12-05 21:20:00,286.75513
4159,2013-12-05 21:30:00,300.55624
4159,2013-12-05 21:40:00,260.81693
4159,2013-12-05 21:50:00,247.37737
4159,2013-12-05 22:00:00,230.84386
4159,2013-12-05 22:10:00,211.63893
4159,2013-12-05 22:20:00,209.07199
4159,2013-12-05 22:30:00,230.84583
4159,2013-12-05 22:40:00,227.3004
4159,2013-12-05 22:50:00,267.54156
4159,2013-12-05 23:00:00,206.98526
4159,2013-12-05 23:10:00,208.43083
4159,2013-12-05 23:20:00,196.91505
4159,2013-12-05 23:30:00,190.36105
4159,2013-12-05 23:40:00,194.21132
4159,2013-12-05 23:50:00,186.59216
4159,2013-12-06 00:00:00,180.28662
4159,2013-12-06 00:10:00,176.41281
4159,2013-12-06 00:20:00,173.08932
4159,2013-12-06 00:30:00,162.2673
4159,2013-12-06 00:40:00,179.9622
4159,2013-12-06 00:50:00,170.31444
4159,2013-12-06 01:00:00,156.3448
4159,2013-12-06 01:10:00,162.28525
4159,2013-12-06 01:20:00,156.49028
4159,2013-12-06 01:30:00,159.78687
4159,2013-12-06 01:40:00,148.0078
4159,2013-12-06 01:50:00,135.34595
4159,2013-12-06 02:00:00,142.26366
4159,2013-12-06 02:10:00,141.87634
4159,2013-12-06 02:20:00,125.63023
4159,2013-12-06 02:30:00,145.33118
4159,2013-12-06 02:40:00,138.10599
4159,2013-12-06 02:50:00,131.27946
4159,2013-12-06 03:00:00,136.94128
4159,2013-12-06 03:10:00,138.78726
4159,2013-12-06 03:20:00,121.563515
4159,2013-12-06 03:30:00,125.966194
4159,2013-12-06 03:40:00,128.56642
4159,2013-12-06 03:50:00,119.948006
4159,2013-12-06 04:00:00,126.54012
4159,2013-12-06 04:10:00,128.02914
4159,2013-12-06 04:20:00,153.83315
4159,2013-12-06 04:30:00,146.46771
4159,2013-12-06 04:40:00,124.22697
4159,2013-12-06 04:50:00,127.98192
4159,2013-12-06 05:00:00,129.91962
4159,2013-12-06 05:10:00,130.32246
4159,2013-12-06 05:20:00,134.01085
4159,2013-12-06 05:30:00,140.05109
4159,2013-12-06 05:40:00,148.0945
4159,2013-12-06 05:50:00,148.32567
4159,2013-12-06 06:00:00,168.4099
4159,2013-12-06 06:10:00,163.78355
4159,2013-12-06 06:20:00,180.22768
4159,2013-12-06 06:30:00,203.7726
4159,2013-12-06 06:40:00,216.77672
4159,2013-12-06 06:50:00,275.6864
4159,2013-12-06 07:00:00,268.62277
4159,2013-12-06 07:10:00,281.5527
4159,2013-12-06 07:20:00,287.43002
4159,2013-12-06 07:30:00,319.07645
4159,2013-12-06 07:40:00,359.393
4159,2013-12-06 07:50:00,369.4047
4159,2013-12-06 08:00:00,389.8247
4159,2013-12-06 08:10:00,413.6184
4159,2013-12-06 08:20:00,415.52017
4159,2013-12-06 08:30:00,452.90057
4159,2013-12-06 08:40:00,457.41113
4159,2013-12-06 08:50:00,486.16745
4159,2013-12-06 09:00:00,463.6978
4159,2013-12-06 09:10:00,623.07874
4159,2013-12-06 09:20:00,603.60046
4159,2013-12-06 09:30:00,541.6323
4159,2013-12-06 09:40:00,533.6768
4159,2013-12-06 09:50:00,523.7462
4159,2013-12-06 10:00:00,513.8739
4159,2013-12-06 10:10:00,502.6831
4159,2013-12-06 10:20:00,535.78766
4159,2013-12-06 10:30:00,517.4408
4159,2013-12-06 10:40:00,493.31183
4159,2013-12-06 10:50:00,591.5975
4159,2013-12-06 11:00:00,545.69794
4159,2013-12-06 11:10:00,580.1364
4159,2013-12-06 11:20:00,557.9497
4159,2013-12-06 11:30:00,615.02106
4159,2013-12-06 11:40:00,558.2977
4159,2013-12-06 11:50:00,577.9489
4159,2013-12-06 12:00:00,644.0004
4159,2013-12-06 12:10:00,617.3762
4159,2013-12-06 12:20:00,542.6258
4159,2013-12-06 12:30:00,546.4804
4159,2013-12-06 12:40:00,542.51086
4159,2013-12-06 12:50:00,583.2031
4159,2013-12-06 13:00:00,535.436
4159,2013-12-06 13:10:00,522.32043
4159,2013-12-06 13:20:00,486.80557
4159,2013-12-06 13:30:00,476.863
4159,2013-12-06 13:40:00,463.76218
4159,2013-12-06 13:50:00,560.79376
4159,2013-12-06 14:00:00,445.1353
4159,2013-12-06 14:10:00,440.9508
4159,2013-12-06 14:20:00,402.39798
4159,2013-12-06 14:30:00,497.66693
4159,2013-12-06 14:40:00,455.7941
4159,2013-12-06 14:50:00,455.85483
4159,2013-12-06 15:00:00,505.38574
4159,2013-12-06 15:10:00,534.4793
4159,2013-12-06 15:20:00,480.00543
4159,2013-12-06 15:30:00,444.30618
4159,2013-12-06 15:40:00,597.1148
4159,2013-12-06 15:50:00,548.2784
4159,2013-12-06 16:00:00,449.53293
4159,2013-12-06 16:10:00,440.98007
4159,2013-12-06 16:20:00,422.32687
4159,2013-12-06 16:30:00,445.2792
4159,2013-12-06 16:40:00,409.12595
4159,2013-12-06 16:50:00,494.7819
4159,2013-12-06 17:00:00,513.31616
4159,2013-12-06 17:10:00,433.22623
4159,2013-12-06 17:20:00,435.2432
4159,2013-12-06 17:30:00,430.23755
4159,2013-12-06 17:40:00,369.10065
4159,2013-12-06 17:50:00,326.6611
4159,2013-12-06 18:00:00,390.1332
4159,2013-12-06 18:10:00,346.09442
4159,2013-12-06 18:20:00,362.60538
4159,2013-12-06 18:30:00,345.99844
4159,2013-12-06 18:40:00,342.60358
4159,2013-12-06 18:50:00,306.34775
4159,2013-12-06 19:00:00,303.43594
4159,2013-12-06 19:10:00,269.10577
4159,2013-12-06 19:20:00,311.71127
4159,2013-12-06 19:30:00,297.06418
4159,2013-12-06 19:40:00,247.73178
4159,2013-12-06 19:50:00,430.37305
4159,2013-12-06 20:00:00,239.48888
4159,2013-12-06 20:10:00,263.01663
4159,2013-12-06 20:20:00,256.32837
4159,2013-12-06 20:30:00,188.39647
4159,2013-12-06 20:40:00,240.76045
4159,2013-12-06 20:50:00,230.14821
4159,2013-12-06 21:00:00,217.3419
4159,2013-12-06 21:10:00,272.59103
4159,2013-12-06 21:20:00,228.89223
4159,2013-12-06 21:30:00,210.06345
4159,2013-12-06 21:40:00,238.68002
4159,2013-12-06 21:50:00,218.23236
4159,2013-12-06 22:00:00,202.2117
4159,2013-12-06 22:10:00,207.19252
4159,2013-12-06 22:20:00,191.65926
4159,2013-12-06 22:30:00,171.28993
4159,2013-12-06 22:40:00,191.65135
4159,2013-12-06 22:50:00,190.363
4159,2013-12-06 23:00:00,238.39796
4159,2013-12-06 23:10:00,194.79971
4159,2013-12-06 23:20:00,170.32272
4159,2013-12-06 23:30:00,172.49065
4159,2013-12-06 23:40:00,177.26569
4159,2013-12-06 23:50:00,186.17744
4159,2013-12-07 00:00:00,170.33875
4159,2013-12-07 00:10:00,180.8181
4159,2013-12-07 00:20:00,171.09846
4159,2013-12-07 00:30:00,166.02682
4159,2013-12-07 00:40:00,191.25964
4159,2013-12-07 00:50:00,221.14479
4159,2013-12-07 01:00:00,149.59727
4159,2013-12-07 01:10:00,229.60017
4159,2013-12-07 01:20:00,155.96265
4159,2013-12-07 01:30:00,141.5616
4159,2013-12-07 01:40:00,161.4285
4159,2013-12-07 01:50:00,140.57932
4159,2013-12-07 02:00:00,148.9687
4159,2013-12-07 02:10:00,154.73276
4159,2013-12-07 02:20:00,141.27016
4159,2013-12-07 02:30:00,171.88162
4159,2013-12-07 02:40:00,149.60501
4159,2013-12-07 02:50:00,130.63513
4159,2013-12-07 03:00:00,127.53127
4159,2013-12-07 03:10:00,137.56425
4159,2013-12-07 03:20:00,120.827675
4159,2013-12-07 03:30:00,137.50366
4159,2013-12-07 03:40:00,141.93718
4159,2013-12-07 03:50:00,137.0411
4159,2013-12-07 04:00:00,128.59076
4159,2013-12-07 04:10:00,140.96507
4159,2013-12-07 04:20:00,122.2807
4159,2013-12-07 04:30:00,131.30656
4159,2013-12-07 04:40:00,136.2693
4159,2013-12-07 04:50:00,114.062675
4159,2013-12-07 05:00:00,115.68029
4159,2013-12-07 05:10:00,116.90817
4159,2013-12-07 05:20:00,120.816666
4159,2013-12-07 05:30:00,129.79196
4159,2013-12-07 05:40:00,138.86621
4159,2013-12-07 05:50:00,116.08473
4159,2013-12-07 06:00:00,122.657
4159,2013-12-07 06:10:00,127.6433
4159,2013-12-07 06:20:00,133.20393
4159,2013-12-07 06:30:00,127.253334
4159,2013-12-07 06:40:00,132.77594
4159,2013-12-07 06:50:00,122.8957
4159,2013-12-07 07:00:00,125.3129
4159,2013-12-07 07:10:00,143.3481
4159,2013-12-07 07:20:00,130.6757
4159,2013-12-07 07:30:00,127.24635
4159,2013-12-07 07:40:00,152.1251
4159,2013-12-07 07:50:00,142.29437
4159,2013-12-07 08:00:00,148.68105
4159,2013-12-07 08:10:00,166.7797
4159,2013-12-07 08:20:00,154.58694
4159,2013-12-07 08:30:00,152.08064
4159,2013-12-07 08:40:00,189.03908
4159,2013-12-07 08:50:00,188.11694
4159,2013-12-07 09:00:00,216.9764
4159,2013-12-07 09:10:00,210.3385
4159,2013-12-07 09:20:00,186.02423
4159,2013-12-07 09:30:00,196.83167
4159,2013-12-07 09:40:00,241.70363
4159,2013-12-07 09:50:00,208.38263
4159,2013-12-07 10:00:00,211.15758
4159,2013-12-07 10:10:00,222.08348
4159,2013-12-07 10:20:00,210.1417
4159,2013-12-07 10:30:00,213.08336
4159,2013-12-07 10:40:00,232.31577
4159,2013-12-07 10:50:00,176.50655
4159,2013-12-07 11:00:00,198.66093
4159,2013-12-07 11:10:00,193.83693
4159,2013-12-07 11:20:00,180.71933
4159,2013-12-07 11:30:00,180.77715
4159,2013-12-07 11:40:00,195.76154
4159,2013-12-07 11:50:00,179.75456
4159,2013-12-07 12:00:00,218.33044
4159,2013-12-07 12:10:00,183.38614
4159,2013-12-07 12:20:00,165.22057
4159,2013-12-07 12:30:00,182.0775
4159,2013-12-07 12:40:00,212.04315
4159,2013-12-07 12:50:00,205.74149
4159,2013-12-07 13:00:00,203.91125
4159,2013-12-07 13:10:00,239.09229
4159,2013-12-07 13:20:00,249.34401
4159,2013-12-07 13:30:00,228.72485
4159,2013-12-07 13:40:00,245.85696
4159,2013-12-07 13:50:00,227.45938
4159,2013-12-07 14:00:00,217.70462
4159,2013-12-07 14:10:00,199.40407
4159,2013-12-07 14:20:00,213.76257
4159,2013-12-07 14:30:00,237.80084
4159,2013-12-07 14:40:00,281.3629
4159,2013-12-07 14:50:00,240.96739
4159,2013-12-07 15:00:00,206.95303
4159,2013-12-07 15:10:00,203.47588
4159,2013-12-07 15:20:00,198.47672
4159,2013-12-07 15:30:00,207.48566
4159,2013-12-07 15:40:00,194.21843
4159,2013-12-07 15:50:00,177.96826
4159,2013-12-07 16:00:00,212.60507
4159,2013-12-07 16:10:00,198.58083
4159,2013-12-07 16:20:00,187.63066
4159,2013-12-07 16:30:00,214.03831
4159,2013-12-07 16:40:00,222.38232
4159,2013-12-07 16:50:00,204.88501
4159,2013-12-07 17:00:00,216.5703
4159,2013-12-07 17:10:00,205.7715
4159,2013-12-07 17:20:00,224.83194
4159,2013-12-07 17:30:00,202.64194
4159,2013-12-07 17:40:00,225.98653
4159,2013-12-07 17:50:00,249.03142
4159,2013-12-07 18:00:00,229.29984
4159,2013-12-07 18:10:00,214.13165
4159,2013-12-07 18:20:00,221.26039
4159,2013-12-07 18:30:00,186.93712
4159,2013-12-07 18:40:00,208.3193
4159,2013-12-07 18:50:00,233.20625
4159,2013-12-07 19:00:00,253.01213
4159,2013-12-07 19:10:00,237.3093
4159,2013-12-07 19:20:00,226.71585
4159,2013-12-07 19:30:00,230.58488
4159,2013-12-07 19:40:00,218.18364
4159,2013-12-07 19:50:00,244.54922
4159,2013-12-07 20:00:00,227.10074
4159,2013-12-07 20:10:00,300.1264
4159,2013-12-07 20:20:00,227.6783
4159,2013-12-07 20:30:00,258.88428
4159,2013-12-07 20:40:00,249.7371
4159,2013-12-07 20:50:00,240.98416
4159,2013-12-07 21:00:00,240.50978
4159,2013-12-07 21:10:00,225.96484
4159,2013-12-07 21:20:00,238.29869
4159,2013-12-07 21:30:00,232.962
4159,2013-12-07 21:40:00,220.56049
4159,2013-12-07 21:50:00,204.5933
4159,2013-12-07 22:00:00,201.21516
4159,2013-12-07 22:10:00,205.39313
4159,2013-12-07 22:20:00,189.1484
4159,2013-12-07 22:30:00,208.89052
4159,2013-12-07 22:40:00,203.90642
4159,2013-12-07 22:50:00,193.75876
4159,2013-12-07 23:00:00,222.78023
4159,2013-12-07 23:10:00,213.86475
4159,2013-12-07 23:20:00,204.00592
4159,2013-12-07 23:30:00,217.76059
4159,2013-12-07 23:40:00,203.03992
4159,2013-12-07 23:50:00,216.50894
4159,2013-12-08 00:00:00,193.25078
4159,2013-12-08 00:10:00,200.01953
4159,2013-12-08 00:20:00,173.09993
4159,2013-12-08 00:30:00,167.07132
4159,2013-12-08 00:40:00,173.91582
4159,2013-12-08 00:50:00,163.6725
4159,2013-12-08 01:00:00,180.00853
4159,2013-12-08 01:10:00,154.95241
4159,2013-12-08 01:20:00,139.17679
4159,2013-12-08 01:30:00,173.22878
4159,2013-12-08 01:40:00,165.43396
4159,2013-12-08 01:50:00,121.602264
4159,2013-12-08 02:00:00,142.09607
4159,2013-12-08 02:10:00,134.10716
4159,2013-12-08 02:20:00,119.358894
4159,2013-12-08 02:30:00,121.14167
4159,2013-12-08 02:40:00,120.68061
4159,2013-12-08 02:50:00,129.44566
4159,2013-12-08 03:00:00,145.25612
4159,2013-12-08 03:10:00,119.80914
4159,2013-12-08 03:20:00,118.66837
4159,2013-12-08 03:30:00,126.11594
4159,2013-12-08 03:40:00,108.881516
4159,2013-12-08 03:50:00,105.01954
4159,2013-12-08 04:00:00,129.84692
4159,2013-12-08 04:10:00,114.25601
4159,2013-12-08 04:20:00,115.54195
4159,2013-12-08 04:30:00,112.90341
4159,2013-12-08 04:40:00,117.76963
4159,2013-12-08 04:50:00,102.99844
4159,2013-12-08 05:00:00,135.62354
4159,2013-12-08 05:10:00,123.48089
4159,2013-12-08 05:20:00,106.37148
4159,2013-12-08 05:30:00,99.6821
4159,2013-12-08 05:40:00,106.75771
4159,2013-12-08 05:50:00,96.76334
4159,2013-12-08 06:00:00,103.98971
4159,2013-12-08 06:10:00,102.957146
4159,2013-12-08 06:20:00,101.29386
4159,2013-12-08 06:30:00,116.56291
4159,2013-12-08 06:40:00,115.832825
4159,2013-12-08 06:50:00,98.960304
4159,2013-12-08 07:00:00,112.50432
4159,2013-12-08 07:10:00,118.18585
4159,2013-12-08 07:20:00,123.501686
4159,2013-12-08 07:30:00,116.07141
4159,2013-12-08 07:40:00,136.51447
4159,2013-12-08 07:50:00,121.88194
4159,2013-12-08 08:00:00,125.92443
4159,2013-12-08 08:10:00,149.15558
4159,2013-12-08 08:20:00,144.96558
4159,2013-12-08 08:30:00,109.43354
4159,2013-12-08 08:40:00,149.10829
4159,2013-12-08 08:50:00,165.01965
4159,2013-12-08 09:00:00,173.52124
4159,2013-12-08 09:10:00,165.6231
4159,2013-12-08 09:20:00,172.13689
4159,2013-12-08 09:30:00,155.53294
4159,2013-12-08 09:40:00,163.16716
4159,2013-12-08 09:50:00,166.06015
4159,2013-12-08 10:00:00,148.16838
4159,2013-12-08 10:10:00,154.4072
4159,2013-12-08 10:20:00,172.79546
4159,2013-12-08 10:30:00,211.24245
4159,2013-12-08 10:40:00,182.82329
4159,2013-12-08 10:50:00,184.09154
4159,2013-12-08 11:00:00,175.18309
4159,2013-12-08 11:10:00,166.75851
4159,2013-12-08 11:20:00,167.99886
4159,2013-12-08 11:30:00,202.91307
4159,2013-12-08 11:40:00,183.62704
4159,2013-12-08 11:50:00,188.95859
4159,2013-12-08 12:00:00,185.99368
4159,2013-12-08 12:10:00,187.04312
4159,2013-12-08 12:20:00,181.92514
4159,2013-12-08 12:30:00,194.2734
4159,2013-12-08 12:40:00,168.2667
4159,2013-12-08 12:50:00,181.62979
4159,2013-12-08 13:00:00,150.52654
4159,2013-12-08 13:10:00,176.63994
4159,2013-12-08 13:20:00,159.4027
4159,2013-12-08 13:30:00,160.10945
4159,2013-12-08 13:40:00,154.16281
4159,2013-12-08 13:50:00,145.20743
4159,2013-12-08 14:00:00,168.66428
4159,2013-12-08 14:10:00,216.17093
4159,2013-12-08 14:20:00,178.0945
4159,2013-12-08 14:30:00,193.97733
4159,2013-12-08 14:40:00,183.7113
4159,2013-12-08 14:50:00,184.44978
4159,2013-12-08 15:00:00,168.83151
4159,2013-12-08 15:10:00,186.30823
4159,2013-12-08 15:20:00,200.40596
4159,2013-12-08 15:30:00,217.02263
4159,2013-12-08 15:40:00,244.78049
4159,2013-12-08 15:50:00,239.92688
4159,2013-12-08 16:00:00,202.47623
4159,2013-12-08 16:10:00,170.04779
4159,2013-12-08 16:20:00,180.58
4159,2013-12-08 16:30:00,197.40938
4159,2013-12-08 16:40:00,190.82405
4159,2013-12-08 16:50:00,192.38615
4159,2013-12-08 17:00:00,238.50525
4159,2013-12-08 17:10:00,225.02919
4159,2013-12-08 17:20:00,205.47507
4159,2013-12-08 17:30:00,219.1104
4159,2013-12-08 17:40:00,204.53789
4159,2013-12-08 17:50:00,200.08835
4159,2013-12-08 18:00:00,217.48138
4159,2013-12-08 18:10:00,251.66763
4159,2013-12-08 18:20:00,247.70483
4159,2013-12-08 18:30:00,283.61005
4159,2013-12-08 18:40:00,215.33705
4159,2013-12-08 18:50:00,235.55406
4159,2013-12-08 19:00:00,226.25623
4159,2013-12-08 19:10:00,240.72665
4159,2013-12-08 19:20:00,274.29993
4159,2013-12-08 19:30:00,282.53613
4159,2013-12-08 19:40:00,270.23328
4159,2013-12-08 19:50:00,239.54016
4159,2013-12-08 20:00:00,252.33003
4159,2013-12-08 20:10:00,282.9698
4159,2013-12-08 20:20:00,272.37955
4159,2013-12-08 20:30:00,283.3991
4159,2013-12-08 20:40:00,262.53845
4159,2013-12-08 20:50:00,264.2967
4159,2013-12-08 21:00:00,283.04984
4159,2013-12-08 21:10:00,293.1853
4159,2013-12-08 21:20:00,304.42886
4159,2013-12-08 21:30:00,291.13968
4159,2013-12-08 21:40:00,250.81421
4159,2013-12-08 21:50:00,221.77213
4159,2013-12-08 22:00:00,240.83676
4159,2013-12-08 22:10:00,242.55504
4159,2013-12-08 22:20:00,273.06046
4159,2013-12-08 22:30:00,265.38684
4159,2013-12-08 22:40:00,272.67307
4159,2013-12-08 22:50:00,257.6947
4159,2013-12-08 23:00:00,228.45866
4159,2013-12-08 23:10:00,172.92819
4159,2013-12-08 23:20:00,168.35889
4159,2013-12-08 23:30:00,167.74164
4159,2013-12-08 23:40:00,148.71933
4159,2013-12-08 23:50:00,151.97041
4159,2013-12-09 00:00:00,167.43008
4159,2013-12-09 00:10:00,151.0575
4159,2013-12-09 00:20:00,152.10123
4159,2013-12-09 00:30:00,145.21786
4159,2013-12-09 00:40:00,134.50964
4159,2013-12-09 00:50:00,137.7114
4159,2013-12-09 01:00:00,157.73897
4159,2013-12-09 01:10:00,135.37846
4159,2013-12-09 01:20:00,155.56189
4159,2013-12-09 01:30:00,149.45184
4159,2013-12-09 01:40:00,124.59713
4159,2013-12-09 01:50:00,135.20837
4159,2013-12-09 02:00:00,140.47728
4159,2013-12-09 02:10:00,126.53264
4159,2013-12-09 02:20:00,126.05359
4159,2013-12-09 02:30:00,131.35977
4159,2013-12-09 02:40:00,131.09967
4159,2013-12-09 02:50:00,116.388626
4159,2013-12-09 03:00:00,120.17831
4159,2013-12-09 03:10:00,111.2881
4159,2013-12-09 03:20:00,114.20819
4159,2013-12-09 03:30:00,115.24548
4159,2013-12-09 03:40:00,118.7044
4159,2013-12-09 03:50:00,111.71054
4159,2013-12-09 04:00:00,112.05691
4159,2013-12-09 04:10:00,114.73913
4159,2013-12-09 04:20:00,115.629295
4159,2013-12-09 04:30:00,114.86652
4159,2013-12-09 04:40:00,108.89379
4159,2013-12-09 04:50:00,112.70472
4159,2013-12-09 05:00:00,111.949776
4159,2013-12-09 05:10:00,108.097626
4159,2013-12-09 05:20:00,117.02203
4159,2013-12-09 05:30:00,126.430305
4159,2013-12-09 05:40:00,145.60294
4159,2013-12-09 05:50:00,149.9876
4159,2013-12-09 06:00:00,164.643
4159,2013-12-09 06:10:00,170.3151
4159,2013-12-09 06:20:00,178.23668
4159,2013-12-09 06:30:00,225.966
4159,2013-12-09 06:40:00,236.82999
4159,2013-12-09 06:50:00,251.53343
4159,2013-12-09 07:00:00,272.83557
4159,2013-12-09 07:10:00,287.33383
4159,2013-12-09 07:20:00,317.42737
4159,2013-12-09 07:30:00,335.0779
4159,2013-12-09 07:40:00,343.15945
4159,2013-12-09 07:50:00,393.3311
4159,2013-12-09 08:00:00,416.3442
4159,2013-12-09 08:10:00,424.62085
4159,2013-12-09 08:20:00,430.83765
4159,2013-12-09 08:30:00,503.7059
4159,2013-12-09 08:40:00,478.20135
4159,2013-12-09 08:50:00,474.34836
4159,2013-12-09 09:00:00,573.97125
4159,2013-12-09 09:10:00,572.237
4159,2013-12-09 09:20:00,609.97064
4159,2013-12-09 09:30:00,673.136
4159,2013-12-09 09:40:00,745.2519
4159,2013-12-09 09:50:00,573.7853
4159,2013-12-09 10:00:00,589.067
4159,2013-12-09 10:10:00,605.4434
4159,2013-12-09 10:20:00,585.3259
4159,2013-12-09 10:30:00,593.70935
4159,2013-12-09 10:40:00,565.7194
4159,2013-12-09 10:50:00,700.7231
4159,2013-12-09 11:00:00,660.31537
4159,2013-12-09 11:10:00,644.5099
4159,2013-12-09 11:20:00,602.5284
4159,2013-12-09 11:30:00,625.2246
4159,2013-12-09 11:40:00,610.3764
4159,2013-12-09 11:50:00,620.6819
4159,2013-12-09 12:00:00,550.9894
4159,2013-12-09 12:10:00,622.0358
4159,2013-12-09 12:20:00,616.409
4159,2013-12-09 12:30:00,657.07056
4159,2013-12-09 12:40:00,653.68304
4159,2013-12-09 12:50:00,670.706
4159,2013-12-09 13:00:00,698.9782
4159,2013-12-09 13:10:00,723.99365
4159,2013-12-09 13:20:00,690.84033
4159,2013-12-09 13:30:00,632.32855
4159,2013-12-09 13:40:00,679.7666
4159,2013-12-09 13:50:00,644.261
4159,2013-12-09 14:00:00,578.18134
4159,2013-12-09 14:10:00,619.3338
4159,2013-12-09 14:20:00,584.24414
4159,2013-12-09 14:30:00,575.91766
4159,2013-12-09 14:40:00,629.9819
4159,2013-12-09 14:50:00,620.10297
4159,2013-12-09 15:00:00,713.2089
4159,2013-12-09 15:10:00,704.73535
4159,2013-12-09 15:20:00,618.52057
4159,2013-12-09 15:30:00,596.1744
4159,2013-12-09 15:40:00,567.51825
4159,2013-12-09 15:50:00,606.8138
4159,2013-12-09 16:00:00,618.3774
4159,2013-12-09 16:10:00,540.2957
4159,2013-12-09 16:20:00,563.01685
4159,2013-12-09 16:30:00,551.33923
4159,2013-12-09 16:40:00,524.5081
4159,2013-12-09 16:50:00,573.12134
4159,2013-12-09 17:00:00,545.51587
4159,2013-12-09 17:10:00,467.90756
4159,2013-12-09 17:20:00,433.94437
4159,2013-12-09 17:30:00,430.5485
4159,2013-12-09 17:40:00,454.10056
4159,2013-12-09 17:50:00,427.4783
4159,2013-12-09 18:00:00,482.74792
4159,2013-12-09 18:10:00,432.1767
4159,2013-12-09 18:20:00,421.62415
4159,2013-12-09 18:30:00,399.09518
4159,2013-12-09 18:40:00,412.21527
4159,2013-12-09 18:50:00,396.1969
4159,2013-12-09 19:00:00,472.89877
4159,2013-12-09 19:10:00,725.0135
4159,2013-12-09 19:20:00,427.22977
4159,2013-12-09 19:30:00,469.20175
4159,2013-12-09 19:40:00,391.75143
4159,2013-12-09 19:50:00,351.93802
4159,2013-12-09 20:00:00,343.87045
4159,2013-12-09 20:10:00,335.11694
4159,2013-12-09 20:20:00,313.08954
4159,2013-12-09 20:30:00,323.8061
4159,2013-12-09 20:40:00,355.0163
4159,2013-12-09 20:50:00,325.50958
4159,2013-12-09 21:00:00,335.5815
4159,2013-12-09 21:10:00,338.54166
4159,2013-12-09 21:20:00,296.956
4159,2013-12-09 21:30:00,267.311
4159,2013-12-09 21:40:00,286.12018
4159,2013-12-09 21:50:00,242.99411
4159,2013-12-09 22:00:00,298.32285
4159,2013-12-09 22:10:00,312.30997
4159,2013-12-09 22:20:00,305.3551
4159,2013-12-09 22:30:00,387.35873
4159,2013-12-09 22:40:00,243.9893
4159,2013-12-09 22:50:00,229.50848
4159,2013-12-09 23:00:00,213.05301
4159,2013-12-09 23:10:00,216.86491
4159,2013-12-09 23:20:00,245.40593
4159,2013-12-09 23:30:00,304.3909
4159,2013-12-09 23:40:00,252.46214
4159,2013-12-09 23:50:00,191.42519
4159,2013-12-10 00:00:00,200.48521
4159,2013-12-10 00:10:00,158.87279
4159,2013-12-10 00:20:00,181.48134
4159,2013-12-10 00:30:00,161.22525
4159,2013-12-10 00:40:00,169.1347
4159,2013-12-10 00:50:00,174.25684
4159,2013-12-10 01:00:00,151.46146
4159,2013-12-10 01:10:00,147.1149
4159,2013-12-10 01:20:00,148.81429
4159,2013-12-10 01:30:00,130.2309
4159,2013-12-10 01:40:00,134.06197
4159,2013-12-10 01:50:00,125.30736
4159,2013-12-10 02:00:00,135.6264
4159,2013-12-10 02:10:00,148.89435
4159,2013-12-10 02:20:00,138.1892
4159,2013-12-10 02:30:00,152.34435
4159,2013-12-10 02:40:00,148.27492
4159,2013-12-10 02:50:00,150.57608
4159,2013-12-10 03:00:00,134.67537
4159,2013-12-10 03:10:00,135.48656
4159,2013-12-10 03:20:00,128.59584
4159,2013-12-10 03:30:00,124.9324
4159,2013-12-10 03:40:00,135.46475
4159,2013-12-10 03:50:00,128.11555
4159,2013-12-10 04:00:00,132.3495
4159,2013-12-10 04:10:00,138.50386
4159,2013-12-10 04:20:00,125.004974
4159,2013-12-10 04:30:00,126.95943
4159,2013-12-10 04:40:00,130.84413
4159,2013-12-10 04:50:00,127.87521
4159,2013-12-10 05:00:00,126.65306
4159,2013-12-10 05:10:00,213.36858
4159,2013-12-10 05:20:00,160.11101
4159,2013-12-10 05:30:00,154.8869
4159,2013-12-10 05:40:00,158.42677
4159,2013-12-10 05:50:00,165.46722
4159,2013-12-10 06:00:00,176.47174
4159,2013-12-10 06:10:00,193.06224
4159,2013-12-10 06:20:00,198.94858
4159,2013-12-10 06:30:00,203.1015
4159,2013-12-10 06:40:00,221.7253
4159,2013-12-10 06:50:00,291.68237
4159,2013-12-10 07:00:00,273.42276
4159,2013-12-10 07:10:00,283.49362
4159,2013-12-10 07:20:00,334.43195
4159,2013-12-10 07:30:00,361.32974
4159,2013-12-10 07:40:00,399.883
4159,2013-12-10 07:50:00,390.26965
4159,2013-12-10 08:00:00,421.11206
4159,2013-12-10 08:10:00,422.48038
4159,2013-12-10 08:20:00,443.24484
4159,2013-12-10 08:30:00,464.26202
4159,2013-12-10 08:40:00,473.2578
4159,2013-12-10 08:50:00,491.99133
4159,2013-12-10 09:00:00,588.71204
4159,2013-12-10 09:10:00,532.80853
4159,2013-12-10 09:20:00,794.29736
4159,2013-12-10 09:30:00,628.60126
4159,2013-12-10 09:40:00,577.31555
4159,2013-12-10 09:50:00,592.86743
4159,2013-12-10 10:00:00,619.58417
4159,2013-12-10 10:10:00,624.06647
4159,2013-12-10 10:20:00,578.15027
4159,2013-12-10 10:30:00,568.2831
4159,2013-12-10 10:40:00,625.0358
4159,2013-12-10 10:50:00,703.7803
4159,2013-12-10 11:00:00,697.5408
4159,2013-12-10 11:10:00,705.87445
4159,2013-12-10 11:20:00,618.36255
4159,2013-12-10 11:30:00,724.4446
4159,2013-12-10 11:40:00,609.69196
4159,2013-12-10 11:50:00,637.64984
4159,2013-12-10 12:00:00,651.35474
4159,2013-12-10 12:10:00,616.7305
4159,2013-12-10 12:20:00,601.6645
4159,2013-12-10 12:30:00,600.41516
4159,2013-12-10 12:40:00,638.6345
4159,2013-12-10 12:50:00,549.2291
4159,2013-12-10 13:00:00,656.58344
4159,2013-12-10 13:10:00,632.0447
4159,2013-12-10 13:20:00,638.6216
4159,2013-12-10 13:30:00,589.59686
4159,2013-12-10 13:40:00,571.7532
4159,2013-12-10 13:50:00,542.0784
4159,2013-12-10 14:00:00,607.10956
4159,2013-12-10 14:10:00,555.22437
4159,2013-12-10 14:20:00,576.7374
4159,2013-12-10 14:30:00,582.6476
4159,2013-12-10 14:40:00,600.38354
4159,2013-12-10 14:50:00,614.41736
4159,2013-12-10 15:00:00,726.8443
4159,2013-12-10 15:10:00,623.30475
4159,2013-12-10 15:20:00,587.29474
4159,2013-12-10 15:30:00,581.2714
4159,2013-12-10 15:40:00,539.2695
4159,2013-12-10 15:50:00,584.37805
4159,2013-12-10 16:00:00,554.9865
4159,2013-12-10 16:10:00,560.0204
4159,2013-12-10 16:20:00,531.44934
4159,2013-12-10 16:30:00,574.1686
4159,2013-12-10 16:40:00,599.7715
4159,2013-12-10 16:50:00,543.11694
4159,2013-12-10 17:00:00,572.6576
4159,2013-12-10 17:10:00,514.15564
4159,2013-12-10 17:20:00,457.9328
4159,2013-12-10 17:30:00,455.84152
4159,2013-12-10 17:40:00,455.8209
4159,2013-12-10 17:50:00,463.06876
4159,2013-12-10 18:00:00,438.2397
4159,2013-12-10 18:10:00,395.0819
4159,2013-12-10 18:20:00,441.5278
4159,2013-12-10 18:30:00,449.03015
4159,2013-12-10 18:40:00,411.38663
4159,2013-12-10 18:50:00,453.92358
4159,2013-12-10 19:00:00,449.8722
4159,2013-12-10 19:10:00,389.6934
4159,2013-12-10 19:20:00,368.29666
4159,2013-12-10 19:30:00,403.5902
4159,2013-12-10 19:40:00,343.94238
4159,2013-12-10 19:50:00,340.82062
4159,2013-12-10 20:00:00,342.09738
4159,2013-12-10 20:10:00,333.5143
4159,2013-12-10 20:20:00,393.0611
4159,2013-12-10 20:30:00,332.4084
4159,2013-12-10 20:40:00,331.13913
4159,2013-12-10 20:50:00,348.05603
4159,2013-12-10 21:00:00,444.74457
4159,2013-12-10 21:10:00,349.2563
4159,2013-12-10 21:20:00,351.5605
4159,2013-12-10 21:30:00,309.83954
4159,2013-12-10 21:40:00,296.52615
4159,2013-12-10 21:50:00,308.19022
4159,2013-12-10 22:00:00,259.6222
4159,2013-12-10 22:10:00,267.46136
4159,2013-12-10 22:20:00,271.42334
4159,2013-12-10 22:30:00,363.72168
4159,2013-12-10 22:40:00,327.34995
4159,2013-12-10 22:50:00,255.8604
4159,2013-12-10 23:00:00,230.65399
4159,2013-12-10 23:10:00,226.42462
4159,2013-12-10 23:20:00,222.9916
4159,2013-12-10 23:30:00,189.17584
4159,2013-12-10 23:40:00,193.43237
4159,2013-12-10 23:50:00,208.59404
4159,2013-12-11 00:00:00,174.79424
4159,2013-12-11 00:10:00,187.25842
4159,2013-12-11 00:20:00,159.40587
4159,2013-12-11 00:30:00,167.21788
4159,2013-12-11 00:40:00,170.31654
4159,2013-12-11 00:50:00,173.94563
4159,2013-12-11 01:00:00,168.58107
4159,2013-12-11 01:10:00,163.1242
4159,2013-12-11 01:20:00,154.575
4159,2013-12-11 01:30:00,154.07895
4159,2013-12-11 01:40:00,141.21886
4159,2013-12-11 01:50:00,152.02554
4159,2013-12-11 02:00:00,138.42694
4159,2013-12-11 02:10:00,167.92001
4159,2013-12-11 02:20:00,139.41396
4159,2013-12-11 02:30:00,144.47395
4159,2013-12-11 02:40:00,144.24509
4159,2013-12-11 02:50:00,142.08119
4159,2013-12-11 03:00:00,124.78373
4159,2013-12-11 03:10:00,120.37642
4159,2013-12-11 03:20:00,129.82358
4159,2013-12-11 03:30:00,124.13078
4159,2013-12-11 03:40:00,118.499466
4159,2013-12-11 03:50:00,121.048706
4159,2013-12-11 04:00:00,123.6498
4159,2013-12-11 04:10:00,120.14342
4159,2013-12-11 04:20:00,131.28777
4159,2013-12-11 04:30:00,120.65451
4159,2013-12-11 04:40:00,117.1964
4159,2013-12-11 04:50:00,115.79891
4159,2013-12-11 05:00:00,120.11092
4159,2013-12-11 05:10:00,116.36725
4159,2013-12-11 05:20:00,138.96892
4159,2013-12-11 05:30:00,139.8584
4159,2013-12-11 05:40:00,162.0305
4159,2013-12-11 05:50:00,153.729
4159,2013-12-11 06:00:00,158.91656
4159,2013-12-11 06:10:00,176.35704
4159,2013-12-11 06:20:00,199.34848
4159,2013-12-11 06:30:00,245.31488
4159,2013-12-11 06:40:00,233.92747
4159,2013-12-11 06:50:00,243.53023
4159,2013-12-11 07:00:00,289.76422
4159,2013-12-11 07:10:00,318.57455
4159,2013-12-11 07:20:00,327.87558
4159,2013-12-11 07:30:00,352.9084
4159,2013-12-11 07:40:00,540.65546
4159,2013-12-11 07:50:00,440.37256
4159,2013-12-11 08:00:00,446.15335
4159,2013-12-11 08:10:00,526.1428
4159,2013-12-11 08:20:00,603.60144
4159,2013-12-11 08:30:00,569.9827
4159,2013-12-11 08:40:00,510.4587
4159,2013-12-11 08:50:00,563.49896
4159,2013-12-11 09:00:00,553.70795
4159,2013-12-11 09:10:00,634.26373
4159,2013-12-11 09:20:00,616.4752
4159,2013-12-11 09:30:00,618.3671
4159,2013-12-11 09:40:00,519.5865
4159,2013-12-11 09:50:00,549.1142
4159,2013-12-11 10:00:00,591.38776
4159,2013-12-11 10:10:00,520.1284
4159,2013-12-11 10:20:00,550.4478
4159,2013-12-11 10:30:00,602.43774
4159,2013-12-11 10:40:00,551.09235
4159,2013-12-11 10:50:00,631.02527
4159,2013-12-11 11:00:00,631.8765
4159,2013-12-11 11:10:00,651.4568
4159,2013-12-11 11:20:00,643.1494
4159,2013-12-11 11:30:00,652.9878
4159,2013-12-11 11:40:00,607.7227
4159,2013-12-11 11:50:00,631.9516
4159,2013-12-11 12:00:00,623.4381
4159,2013-12-11 12:10:00,602.5544
4159,2013-12-11 12:20:00,611.55304
4159,2013-12-11 12:30:00,599.718
4159,2013-12-11 12:40:00,553.06134
4159,2013-12-11 12:50:00,619.54016
4159,2013-12-11 13:00:00,589.70984
4159,2013-12-11 13:10:00,588.4216
4159,2013-12-11 13:20:00,579.7736
4159,2013-12-11 13:30:00,560.2589
4159,2013-12-11 13:40:00,539.5792
4159,2013-12-11 13:50:00,616.14496
4159,2013-12-11 14:00:00,594.179
4159,2013-12-11 14:10:00,581.8574
4159,2013-12-11 14:20:00,587.2235
4159,2013-12-11 14:30:00,517.9611
4159,2013-12-11 14:40:00,600.63336
4159,2013-12-11 14:50:00,618.76636
4159,2013-12-11 15:00:00,698.4279
4159,2013-12-11 15:10:00,630.93726
4159,2013-12-11 15:20:00,578.1594
4159,2013-12-11 15:30:00,622.97174
4159,2013-12-11 15:40:00,590.6574
4159,2013-12-11 15:50:00,572.55347
4159,2013-12-11 16:00:00,558.2289
4159,2013-12-11 16:10:00,511.9561
4159,2013-12-11 16:20:00,533.19763
4159,2013-12-11 16:30:00,528.408
4159,2013-12-11 16:40:00,579.29
4159,2013-12-11 16:50:00,548.57214
4159,2013-12-11 17:00:00,502.01352
4159,2013-12-11 17:10:00,484.76865
4159,2013-12-11 17:20:00,546.8793
4159,2013-12-11 17:30:00,530.8555
4159,2013-12-11 17:40:00,512.1074
4159,2013-12-11 17:50:00,503.07596
4159,2013-12-11 18:00:00,468.03992
4159,2013-12-11 18:10:00,446.83096
4159,2013-12-11 18:20:00,480.68253
4159,2013-12-11 18:30:00,482.3798
4159,2013-12-11 18:40:00,472.858
4159,2013-12-11 18:50:00,428.14883
4159,2013-12-11 19:00:00,392.23608
4159,2013-12-11 19:10:00,399.19913
4159,2013-12-11 19:20:00,353.9647
4159,2013-12-11 19:30:00,328.41345
4159,2013-12-11 19:40:00,328.35748
4159,2013-12-11 19:50:00,268.77863
4159,2013-12-11 20:00:00,294.6503
4159,2013-12-11 20:10:00,254.75072
4159,2013-12-11 20:20:00,255.71506
4159,2013-12-11 20:30:00,288.41434
4159,2013-12-11 20:40:00,264.80496
4159,2013-12-11 20:50:00,283.6759
4159,2013-12-11 21:00:00,265.6421
4159,2013-12-11 21:10:00,256.35294
4159,2013-12-11 21:20:00,265.58893
4159,2013-12-11 21:30:00,246.75865
4159,2013-12-11 21:40:00,259.9883
4159,2013-12-11 21:50:00,258.6998
4159,2013-12-11 22:00:00,272.7989
4159,2013-12-11 22:10:00,267.14404
4159,2013-12-11 22:20:00,238.3936
4159,2013-12-11 22:30:00,215.7389
4159,2013-12-11 22:40:00,215.72339
4159,2013-12-11 22:50:00,228.8516
4159,2013-12-11 23:00:00,202.0345
4159,2013-12-11 23:10:00,202.96306
4159,2013-12-11 23:20:00,184.56311
4159,2013-12-11 23:30:00,197.75697
4159,2013-12-11 23:40:00,231.79652
4159,2013-12-11 23:50:00,185.18423
4159,2013-12-12 00:00:00,181.0297
4159,2013-12-12 00:10:00,199.43657
4159,2013-12-12 00:20:00,195.79666
4159,2013-12-12 00:30:00,204.4917
4159,2013-12-12 00:40:00,260.4158
4159,2013-12-12 00:50:00,180.99162
4159,2013-12-12 01:00:00,180.31885
4159,2013-12-12 01:10:00,175.58759
4159,2013-12-12 01:20:00,154.10345
4159,2013-12-12 01:30:00,166.77151
4159,2013-12-12 01:40:00,153.5652
4159,2013-12-12 01:50:00,151.87334
4159,2013-12-12 02:00:00,183.9369
4159,2013-12-12 02:10:00,141.11235
4159,2013-12-12 02:20:00,152.02563
4159,2013-12-12 02:30:00,150.97562
4159,2013-12-12 02:40:00,157.77939
4159,2013-12-12 02:50:00,157.49457
4159,2013-12-12 03:00:00,146.73488
4159,2013-12-12 03:10:00,143.42175
4159,2013-12-12 03:20:00,146.6129
4159,2013-12-12 03:30:00,147.94176
4159,2013-12-12 03:40:00,135.97615
4159,2013-12-12 03:50:00,144.35721
4159,2013-12-12 04:00:00,138.40045
4159,2013-12-12 04:10:00,129.49991
4159,2013-12-12 04:20:00,136.5827
4159,2013-12-12 04:30:00,141.00449
4159,2013-12-12 04:40:00,131.42285
4159,2013-12-12 04:50:00,130.33029
4159,2013-12-12 05:00:00,129.43916
4159,2013-12-12 05:10:00,137.37833
4159,2013-12-12 05:20:00,135.99957
4159,2013-12-12 05:30:00,142.80502
4159,2013-12-12 05:40:00,155.52708
4159,2013-12-12 05:50:00,209.32231
4159,2013-12-12 06:00:00,175.33267
4159,2013-12-12 06:10:00,179.25957
4159,2013-12-12 06:20:00,211.5204
4159,2013-12-12 06:30:00,239.18073
4159,2013-12-12 06:40:00,220.61765
4159,2013-12-12 06:50:00,234.10007
4159,2013-12-12 07:00:00,276.24442
4159,2013-12-12 07:10:00,303.94394
4159,2013-12-12 07:20:00,329.61252
4159,2013-12-12 07:30:00,336.25095
4159,2013-12-12 07:40:00,355.4247
4159,2013-12-12 07:50:00,432.21732
4159,2013-12-12 08:00:00,442.5091
4159,2013-12-12 08:10:00,530.02954
4159,2013-12-12 08:20:00,512.3771
4159,2013-12-12 08:30:00,528.2581
4159,2013-12-12 08:40:00,520.39374
4159,2013-12-12 08:50:00,480.65897
4159,2013-12-12 09:00:00,538.71796
4159,2013-12-12 09:10:00,555.54095
4159,2013-12-12 09:20:00,531.4975
4159,2013-12-12 09:30:00,608.1205
4159,2013-12-12 09:40:00,643.06354
4159,2013-12-12 09:50:00,483.95825
4159,2013-12-12 10:00:00,506.4416
4159,2013-12-12 10:10:00,537.8562
4159,2013-12-12 10:20:00,523.9224
4159,2013-12-12 10:30:00,540.4471
4159,2013-12-12 10:40:00,506.95477
4159,2013-12-12 10:50:00,589.154
4159,2013-12-12 11:00:00,563.0592
4159,2013-12-12 11:10:00,613.07495
4159,2013-12-12 11:20:00,704.9147
4159,2013-12-12 11:30:00,625.85657
4159,2013-12-12 11:40:00,656.39624
4159,2013-12-12 11:50:00,618.97516
4159,2013-12-12 12:00:00,663.8212
4159,2013-12-12 12:10:00,615.71
4159,2013-12-12 12:20:00,586.69226
4159,2013-12-12 12:30:00,593.4686
4159,2013-12-12 12:40:00,636.3239
4159,2013-12-12 12:50:00,610.2121
4159,2013-12-12 13:00:00,622.8649
4159,2013-12-12 13:10:00,591.58276
4159,2013-12-12 13:20:00,674.53064
4159,2013-12-12 13:30:00,562.6452
4159,2013-12-12 13:40:00,563.14075
4159,2013-12-12 13:50:00,537.4413
4159,2013-12-12 14:00:00,512.5088
4159,2013-12-12 14:10:00,554.738
4159,2013-12-12 14:20:00,568.1894
4159,2013-12-12 14:30:00,605.6518
4159,2013-12-12 14:40:00,607.0782
4159,2013-12-12 14:50:00,613.7167
4159,2013-12-12 15:00:00,624.0794
4159,2013-12-12 15:10:00,626.5968
4159,2013-12-12 15:20:00,566.00903
4159,2013-12-12 15:30:00,549.01715
4159,2013-12-12 15:40:00,540.82263
4159,2013-12-12 15:50:00,545.4855
4159,2013-12-12 16:00:00,552.08594
4159,2013-12-12 16:10:00,500.83133
4159,2013-12-12 16:20:00,531.34045
4159,2013-12-12 16:30:00,550.1466
4159,2013-12-12 16:40:00,472.82828
4159,2013-12-12 16:50:00,507.87244
4159,2013-12-12 17:00:00,467.7272
4159,2013-12-12 17:10:00,455.2553
4159,2013-12-12 17:20:00,471.37735
4159,2013-12-12 17:30:00,464.2753
4159,2013-12-12 17:40:00,409.81674
4159,2013-12-12 17:50:00,418.1117
4159,2013-12-12 18:00:00,442.29016
4159,2013-12-12 18:10:00,505.4088
4159,2013-12-12 18:20:00,409.38046
4159,2013-12-12 18:30:00,393.94446
4159,2013-12-12 18:40:00,383.36816
4159,2013-12-12 18:50:00,416.96515
4159,2013-12-12 19:00:00,355.56393
4159,2013-12-12 19:10:00,411.76587
4159,2013-12-12 19:20:00,369.06238
4159,2013-12-12 19:30:00,319.9396
4159,2013-12-12 19:40:00,338.3396
4159,2013-12-12 19:50:00,300.26712
4159,2013-12-12 20:00:00,287.21515
4159,2013-12-12 20:10:00,302.0584
4159,2013-12-12 20:20:00,309.1609
4159,2013-12-12 20:30:00,302.63293
4159,2013-12-12 20:40:00,296.22983
4159,2013-12-12 20:50:00,282.28033
4159,2013-12-12 21:00:00,285.91882
4159,2013-12-12 21:10:00,279.93143
4159,2013-12-12 21:20:00,287.50705
4159,2013-12-12 21:30:00,307.263
4159,2013-12-12 21:40:00,298.8806
4159,2013-12-12 21:50:00,263.99268
4159,2013-12-12 22:00:00,253.88295
4159,2013-12-12 22:10:00,288.684
4159,2013-12-12 22:20:00,266.7114
4159,2013-12-12 22:30:00,287.88513
4159,2013-12-12 22:40:00,265.15155
4159,2013-12-12 22:50:00,248.61296
4159,2013-12-12 23:00:00,249.45345
4159,2013-12-12 23:10:00,218.39838
4159,2013-12-12 23:20:00,215.69487
4159,2013-12-12 23:30:00,235.90233
4159,2013-12-12 23:40:00,202.23422
4159,2013-12-12 23:50:00,189.08083
4159,2013-12-13 00:00:00,225.33614
4159,2013-12-13 00:10:00,211.77757
4159,2013-12-13 00:20:00,218.9009
4159,2013-12-13 00:30:00,216.682
4159,2013-12-13 00:40:00,264.77713
4159,2013-12-13 00:50:00,201.60822
4159,2013-12-13 01:00:00,176.77014
4159,2013-12-13 01:10:00,209.0842
4159,2013-12-13 01:20:00,153.3008
4159,2013-12-13 01:30:00,160.1465
4159,2013-12-13 01:40:00,148.48076
4159,2013-12-13 01:50:00,161.49144
4159,2013-12-13 02:00:00,168.03311
4159,2013-12-13 02:10:00,141.44786
4159,2013-12-13 02:20:00,146.72635
4159,2013-12-13 02:30:00,156.44933
4159,2013-12-13 02:40:00,137.93399
4159,2013-12-13 02:50:00,149.83661
4159,2013-12-13 03:00:00,152.8848
4159,2013-12-13 03:10:00,130.47429
4159,2013-12-13 03:20:00,151.92163
4159,2013-12-13 03:30:00,139.95198
4159,2013-12-13 03:40:00,131.17389
4159,2013-12-13 03:50:00,135.60329
4159,2013-12-13 04:00:00,140.226
4159,2013-12-13 04:10:00,128.1374
4159,2013-12-13 04:20:00,136.95189
4159,2013-12-13 04:30:00,135.58778
4159,2013-12-13 04:40:00,138.6853
4159,2013-12-13 04:50:00,136.181
4159,2013-12-13 05:00:00,134.40816
4159,2013-12-13 05:10:00,135.37653
4159,2013-12-13 05:20:00,161.16301
4159,2013-12-13 05:30:00,151.24312
4159,2013-12-13 05:40:00,150.52802
4159,2013-12-13 05:50:00,162.62239
4159,2013-12-13 06:00:00,166.06584
4159,2013-12-13 06:10:00,168.67294
4159,2013-12-13 06:20:00,183.27531
4159,2013-12-13 06:30:00,199.32608
4159,2013-12-13 06:40:00,202.85698
4159,2013-12-13 06:50:00,255.73505
4159,2013-12-13 07:00:00,288.31314
4159,2013-12-13 07:10:00,285.32227
4159,2013-12-13 07:20:00,313.7582
4159,2013-12-13 07:30:00,343.49094
4159,2013-12-13 07:40:00,348.24283
4159,2013-12-13 07:50:00,370.34457
4159,2013-12-13 08:00:00,375.33917
4159,2013-12-13 08:10:00,406.73926
4159,2013-12-13 08:20:00,406.32806
4159,2013-12-13 08:30:00,397.28876
4159,2013-12-13 08:40:00,418.0881
4159,2013-12-13 08:50:00,423.34592
4159,2013-12-13 09:00:00,446.12338
4159,2013-12-13 09:10:00,509.39197
4159,2013-12-13 09:20:00,473.27737
4159,2013-12-13 09:30:00,480.4471
4159,2013-12-13 09:40:00,432.12875
4159,2013-12-13 09:50:00,472.0005
4159,2013-12-13 10:00:00,456.55173
4159,2013-12-13 10:10:00,471.9702
4159,2013-12-13 10:20:00,447.60773
4159,2013-12-13 10:30:00,456.19965
4159,2013-12-13 10:40:00,432.50113
4159,2013-12-13 10:50:00,487.59943
4159,2013-12-13 11:00:00,476.44186
4159,2013-12-13 11:10:00,443.1812
4159,2013-12-13 11:20:00,443.45114
4159,2013-12-13 11:30:00,707.235
4159,2013-12-13 11:40:00,437.80478
4159,2013-12-13 11:50:00,477.62875
4159,2013-12-13 12:00:00,513.61115
4159,2013-12-13 12:10:00,450.56064
4159,2013-12-13 12:20:00,504.039
4159,2013-12-13 12:30:00,447.63354
4159,2013-12-13 12:40:00,436.98254
4159,2013-12-13 12:50:00,460.2431
4159,2013-12-13 13:00:00,439.82602
4159,2013-12-13 13:10:00,439.44122
4159,2013-12-13 13:20:00,447.17468
4159,2013-12-13 13:30:00,420.51794
4159,2013-12-13 13:40:00,447.7209
4159,2013-12-13 13:50:00,495.8298
4159,2013-12-13 14:00:00,442.67368
4159,2013-12-13 14:10:00,415.33884
4159,2013-12-13 14:20:00,462.21695
4159,2013-12-13 14:30:00,440.87634
4159,2013-12-13 14:40:00,444.2006
4159,2013-12-13 14:50:00,522.7494
4159,2013-12-13 15:00:00,472.62515
4159,2013-12-13 15:10:00,447.4578
4159,2013-12-13 15:20:00,440.54807
4159,2013-12-13 15:30:00,408.72162
4159,2013-12-13 15:40:00,428.15924
4159,2013-12-13 15:50:00,434.84653
4159,2013-12-13 16:00:00,436.93167
4159,2013-12-13 16:10:00,388.9247
4159,2013-12-13 16:20:00,401.2747
4159,2013-12-13 16:30:00,362.3249
4159,2013-12-13 16:40:00,369.1791
4159,2013-12-13 16:50:00,367.08136
4159,2013-12-13 17:00:00,371.97693
4159,2013-12-13 17:10:00,389.51508
4159,2013-12-13 17:20:00,381.58218
4159,2013-12-13 17:30:00,341.53687
4159,2013-12-13 17:40:00,352.8957
4159,2013-12-13 17:50:00,364.24332
4159,2013-12-13 18:00:00,336.46814
4159,2013-12-13 18:10:00,354.15106
4159,2013-12-13 18:20:00,314.56677
4159,2013-12-13 18:30:00,308.89902
4159,2013-12-13 18:40:00,299.8125
4159,2013-12-13 18:50:00,281.24203
4159,2013-12-13 19:00:00,257.38443
4159,2013-12-13 19:10:00,252.79015
4159,2013-12-13 19:20:00,271.85388
4159,2013-12-13 19:30:00,250.62744
4159,2013-12-13 19:40:00,268.19205
4159,2013-12-13 19:50:00,231.86336
4159,2013-12-13 20:00:00,243.96704
4159,2013-12-13 20:10:00,232.0757
4159,2013-12-13 20:20:00,233.63037
4159,2013-12-13 20:30:00,244.4099
4159,2013-12-13 20:40:00,247.141
4159,2013-12-13 20:50:00,267.29562
4159,2013-12-13 21:00:00,299.3282
4159,2013-12-13 21:10:00,301.45325
4159,2013-12-13 21:20:00,295.03787
4159,2013-12-13 21:30:00,260.05252
4159,2013-12-13 21:40:00,206.97473
4159,2013-12-13 21:50:00,212.43074
4159,2013-12-13 22:00:00,206.55545
4159,2013-12-13 22:10:00,195.61922
4159,2013-12-13 22:20:00,202.56125
4159,2013-12-13 22:30:00,235.11627
4159,2013-12-13 22:40:00,191.78928
4159,2013-12-13 22:50:00,197.12112
4159,2013-12-13 23:00:00,235.29312
4159,2013-12-13 23:10:00,201.1776
4159,2013-12-13 23:20:00,188.59222
4159,2013-12-13 23:30:00,190.25627
4159,2013-12-13 23:40:00,207.46385
4159,2013-12-13 23:50:00,176.00168
4159,2013-12-14 00:00:00,187.7564
4159,2013-12-14 00:10:00,178.86024
4159,2013-12-14 00:20:00,201.77048
4159,2013-12-14 00:30:00,173.04395
4159,2013-12-14 00:40:00,149.77144
4159,2013-12-14 00:50:00,157.1584
4159,2013-12-14 01:00:00,149.98207
4159,2013-12-14 01:10:00,143.8868
4159,2013-12-14 01:20:00,155.80327
4159,2013-12-14 01:30:00,153.34634
4159,2013-12-14 01:40:00,136.57558
4159,2013-12-14 01:50:00,151.924
4159,2013-12-14 02:00:00,155.74345
4159,2013-12-14 02:10:00,129.65735
4159,2013-12-14 02:20:00,138.48502
4159,2013-12-14 02:30:00,138.79703
4159,2013-12-14 02:40:00,131.3701
4159,2013-12-14 02:50:00,128.50554
4159,2013-12-14 03:00:00,137.7257
4159,2013-12-14 03:10:00,116.85684
4159,2013-12-14 03:20:00,132.37477
4159,2013-12-14 03:30:00,128.08105
4159,2013-12-14 03:40:00,111.58638
4159,2013-12-14 03:50:00,121.12989
4159,2013-12-14 04:00:00,125.38662
4159,2013-12-14 04:10:00,114.861694
4159,2013-12-14 04:20:00,127.91849
4159,2013-12-14 04:30:00,128.35045
4159,2013-12-14 04:40:00,114.4119
4159,2013-12-14 04:50:00,114.91692
4159,2013-12-14 05:00:00,120.82894
4159,2013-12-14 05:10:00,113.72185
4159,2013-12-14 05:20:00,121.41936
4159,2013-12-14 05:30:00,122.52565
4159,2013-12-14 05:40:00,116.7947
4159,2013-12-14 05:50:00,126.19568
4159,2013-12-14 06:00:00,141.68796
4159,2013-12-14 06:10:00,130.99985
4159,2013-12-14 06:20:00,152.50491
4159,2013-12-14 06:30:00,174.01802
4159,2013-12-14 06:40:00,138.84032
4159,2013-12-14 06:50:00,159.57384
4159,2013-12-14 07:00:00,167.47348
4159,2013-12-14 07:10:00,155.83737
4159,2013-12-14 07:20:00,163.1198
4159,2013-12-14 07:30:00,201.09811
4159,2013-12-14 07:40:00,171.86938
4159,2013-12-14 07:50:00,158.61649
4159,2013-12-14 08:00:00,191.44786
4159,2013-12-14 08:10:00,198.51695
4159,2013-12-14 08:20:00,203.2494
4159,2013-12-14 08:30:00,226.55489
4159,2013-12-14 08:40:00,220.24905
4159,2013-12-14 08:50:00,233.999
4159,2013-12-14 09:00:00,230.66858
4159,2013-12-14 09:10:00,211.50908
4159,2013-12-14 09:20:00,270.90298
4159,2013-12-14 09:30:00,257.67294
4159,2013-12-14 09:40:00,242.69167
4159,2013-12-14 09:50:00,255.36986
4159,2013-12-14 10:00:00,251.05098
4159,2013-12-14 10:10:00,242.51578
4159,2013-12-14 10:20:00,270.21664
4159,2013-12-14 10:30:00,255.72424
4159,2013-12-14 10:40:00,253.76334
4159,2013-12-14 10:50:00,271.17703
4159,2013-12-14 11:00:00,266.79614
4159,2013-12-14 11:10:00,263.81842
4159,2013-12-14 11:20:00,275.44083
4159,2013-12-14 11:30:00,253.25859
4159,2013-12-14 11:40:00,294.06158
4159,2013-12-14 11:50:00,274.72156
4159,2013-12-14 12:00:00,261.18582
4159,2013-12-14 12:10:00,249.283
4159,2013-12-14 12:20:00,268.03256
4159,2013-12-14 12:30:00,264.35123
4159,2013-12-14 12:40:00,267.56128
4159,2013-12-14 12:50:00,340.48584
4159,2013-12-14 13:00:00,252.5809
4159,2013-12-14 13:10:00,253.51881
4159,2013-12-14 13:20:00,278.78564
4159,2013-12-14 13:30:00,255.07936
4159,2013-12-14 13:40:00,245.88004
4159,2013-12-14 13:50:00,272.4425
4159,2013-12-14 14:00:00,269.73056
4159,2013-12-14 14:10:00,245.88794
4159,2013-12-14 14:20:00,280.53452
4159,2013-12-14 14:30:00,263.75217
4159,2013-12-14 14:40:00,257.8568
4159,2013-12-14 14:50:00,258.08078
4159,2013-12-14 15:00:00,265.51135
4159,2013-12-14 15:10:00,314.74817
4159,2013-12-14 15:20:00,355.5696
4159,2013-12-14 15:30:00,426.0836
4159,2013-12-14 15:40:00,332.54248
4159,2013-12-14 15:50:00,349.54666
4159,2013-12-14 16:00:00,340.54807
4159,2013-12-14 16:10:00,362.77026
4159,2013-12-14 16:20:00,349.37775
4159,2013-12-14 16:30:00,302.8819
4159,2013-12-14 16:40:00,255.68988
4159,2013-12-14 16:50:00,281.2753
4159,2013-12-14 17:00:00,250.79123
4159,2013-12-14 17:10:00,249.0833
4159,2013-12-14 17:20:00,255.61609
4159,2013-12-14 17:30:00,254.3681
4159,2013-12-14 17:40:00,262.41568
4159,2013-12-14 17:50:00,219.14944
4159,2013-12-14 18:00:00,217.62099
4159,2013-12-14 18:10:00,204.34953
4159,2013-12-14 18:20:00,225.81068
4159,2013-12-14 18:30:00,204.18164
4159,2013-12-14 18:40:00,198.01268
4159,2013-12-14 18:50:00,230.3526
4159,2013-12-14 19:00:00,196.08327
4159,2013-12-14 19:10:00,199.25888
4159,2013-12-14 19:20:00,217.81102
4159,2013-12-14 19:30:00,221.54793
4159,2013-12-14 19:40:00,229.52127
4159,2013-12-14 19:50:00,247.94225
4159,2013-12-14 20:00:00,222.79865
4159,2013-12-14 20:10:00,242.07922
4159,2013-12-14 20:20:00,237.63724
4159,2013-12-14 20:30:00,217.09709
4159,2013-12-14 20:40:00,216.6141
4159,2013-12-14 20:50:00,217.43333
4159,2013-12-14 21:00:00,248.11179
4159,2013-12-14 21:10:00,206.9537
4159,2013-12-14 21:20:00,226.9922
4159,2013-12-14 21:30:00,256.26508
4159,2013-12-14 21:40:00,220.90999
4159,2013-12-14 21:50:00,232.85945
4159,2013-12-14 22:00:00,244.4352
4159,2013-12-14 22:10:00,224.91273
4159,2013-12-14 22:20:00,242.54297
4159,2013-12-14 22:30:00,212.11632
4159,2013-12-14 22:40:00,198.84387
4159,2013-12-14 22:50:00,202.10149
4159,2013-12-14 23:00:00,194.6307
4159,2013-12-14 23:10:00,191.40173
4159,2013-12-14 23:20:00,185.56836
4159,2013-12-14 23:30:00,186.40565
4159,2013-12-14 23:40:00,193.9068
4159,2013-12-14 23:50:00,189.81296
4159,2013-12-15 00:00:00,216.65218
4159,2013-12-15 00:10:00,164.73593
4159,2013-12-15 00:20:00,199.87169
4159,2013-12-15 00:30:00,201.60854
4159,2013-12-15 00:40:00,174.78937
4159,2013-12-15 00:50:00,179.29465
4159,2013-12-15 01:00:00,189.14142
4159,2013-12-15 01:10:00,171.96127
4159,2013-12-15 01:20:00,178.66505
4159,2013-12-15 01:30:00,172.52032
4159,2013-12-15 01:40:00,178.79913
4159,2013-12-15 01:50:00,172.0408
4159,2013-12-15 02:00:00,159.32065
4159,2013-12-15 02:10:00,138.37468
4159,2013-12-15 02:20:00,153.53029
4159,2013-12-15 02:30:00,144.97327
4159,2013-12-15 02:40:00,146.23555
4159,2013-12-15 02:50:00,145.92921
4159,2013-12-15 03:00:00,138.54172
4159,2013-12-15 03:10:00,154.7152
4159,2013-12-15 03:20:00,137.53348
4159,2013-12-15 03:30:00,131.6525
4159,2013-12-15 03:40:00,128.67528
4159,2013-12-15 03:50:00,135.93387
4159,2013-12-15 04:00:00,122.81312
4159,2013-12-15 04:10:00,120.50137
4159,2013-12-15 04:20:00,123.3767
4159,2013-12-15 04:30:00,113.43962
4159,2013-12-15 04:40:00,116.013
4159,2013-12-15 04:50:00,117.52313
4159,2013-12-15 05:00:00,114.64096
4159,2013-12-15 05:10:00,111.671555
4159,2013-12-15 05:20:00,114.385544
4159,2013-12-15 05:30:00,110.26791
4159,2013-12-15 05:40:00,106.330154
4159,2013-12-15 05:50:00,111.8162
4159,2013-12-15 06:00:00,110.137985
4159,2013-12-15 06:10:00,112.544365
4159,2013-12-15 06:20:00,122.62633
4159,2013-12-15 06:30:00,116.041435
4159,2013-12-15 06:40:00,112.80945
4159,2013-12-15 06:50:00,123.29863
4159,2013-12-15 07:00:00,131.39992
4159,2013-12-15 07:10:00,129.40424
4159,2013-12-15 07:20:00,133.79843
4159,2013-12-15 07:30:00,162.88213
4159,2013-12-15 07:40:00,149.7405
4159,2013-12-15 07:50:00,142.80386
4159,2013-12-15 08:00:00,141.29875
4159,2013-12-15 08:10:00,136.9485
4159,2013-12-15 08:20:00,145.90518
4159,2013-12-15 08:30:00,137.37036
4159,2013-12-15 08:40:00,152.41559
4159,2013-12-15 08:50:00,153.02074
4159,2013-12-15 09:00:00,152.52428
4159,2013-12-15 09:10:00,154.9862
4159,2013-12-15 09:20:00,165.32574
4159,2013-12-15 09:30:00,159.89824
4159,2013-12-15 09:40:00,162.03384
4159,2013-12-15 09:50:00,151.06822
4159,2013-12-15 10:00:00,148.99928
4159,2013-12-15 10:10:00,151.46335
4159,2013-12-15 10:20:00,159.34346
4159,2013-12-15 10:30:00,148.77258
4159,2013-12-15 10:40:00,166.57054
4159,2013-12-15 10:50:00,182.74908
4159,2013-12-15 11:00:00,202.37787
4159,2013-12-15 11:10:00,177.42142
4159,2013-12-15 11:20:00,186.19843
4159,2013-12-15 11:30:00,146.81882
4159,2013-12-15 11:40:00,166.77557
4159,2013-12-15 11:50:00,174.92116
4159,2013-12-15 12:00:00,149.49791
4159,2013-12-15 12:10:00,149.41551
4159,2013-12-15 12:20:00,190.86765
4159,2013-12-15 12:30:00,210.18532
4159,2013-12-15 12:40:00,185.08517
4159,2013-12-15 12:50:00,187.70738
4159,2013-12-15 13:00:00,175.39893
4159,2013-12-15 13:10:00,192.10541
4159,2013-12-15 13:20:00,182.05173
4159,2013-12-15 13:30:00,193.97641
4159,2013-12-15 13:40:00,205.42613
4159,2013-12-15 13:50:00,188.3846
4159,2013-12-15 14:00:00,181.14984
4159,2013-12-15 14:10:00,213.8124
4159,2013-12-15 14:20:00,201.71013
4159,2013-12-15 14:30:00,177.02591
4159,2013-12-15 14:40:00,180.84451
4159,2013-12-15 14:50:00,194.58806
4159,2013-12-15 15:00:00,180.93616
4159,2013-12-15 15:10:00,200.34767
4159,2013-12-15 15:20:00,179.03146
4159,2013-12-15 15:30:00,203.6093
4159,2013-12-15 15:40:00,225.9252
4159,2013-12-15 15:50:00,212.2758
4159,2013-12-15 16:00:00,189.00766
4159,2013-12-15 16:10:00,181.43723
4159,2013-12-15 16:20:00,183.82446
4159,2013-12-15 16:30:00,168.48398
4159,2013-12-15 16:40:00,195.61502
4159,2013-12-15 16:50:00,220.7838
4159,2013-12-15 17:00:00,224.35524
4159,2013-12-15 17:10:00,252.3041
4159,2013-12-15 17:20:00,220.73909
4159,2013-12-15 17:30:00,187.4269
4159,2013-12-15 17:40:00,173.85643
4159,2013-12-15 17:50:00,177.80988
4159,2013-12-15 18:00:00,197.99399
4159,2013-12-15 18:10:00,205.11859
4159,2013-12-15 18:20:00,185.24106
4159,2013-12-15 18:30:00,178.89122
4159,2013-12-15 18:40:00,191.96487
4159,2013-12-15 18:50:00,183.33394
4159,2013-12-15 19:00:00,188.4204
4159,2013-12-15 19:10:00,211.75752
4159,2013-12-15 19:20:00,197.62364
4159,2013-12-15 19:30:00,197.9077
4159,2013-12-15 19:40:00,199.49452
4159,2013-12-15 19:50:00,199.44199
4159,2013-12-15 20:00:00,189.04448
4159,2013-12-15 20:10:00,219.4294
4159,2013-12-15 20:20:00,205.25665
4159,2013-12-15 20:30:00,193.40646
4159,2013-12-15 20:40:00,178.3205
4159,2013-12-15 20:50:00,174.19395
4159,2013-12-15 21:00:00,191.3369
4159,2013-12-15 21:10:00,177.784
4159,2013-12-15 21:20:00,185.82774
4159,2013-12-15 21:30:00,177.4905
4159,2013-12-15 21:40:00,172.61545
4159,2013-12-15 21:50:00,175.6287
4159,2013-12-15 22:00:00,180.65773
4159,2013-12-15 22:10:00,158.93448
4159,2013-12-15 22:20:00,188.06058
4159,2013-12-15 22:30:00,192.26349
4159,2013-12-15 22:40:00,180.91072
4159,2013-12-15 22:50:00,164.81505
4159,2013-12-15 23:00:00,169.23631
4159,2013-12-15 23:10:00,157.90063
4159,2013-12-15 23:20:00,163.46056
4159,2013-12-15 23:30:00,172.33447
4159,2013-12-15 23:40:00,162.25119
4159,2013-12-15 23:50:00,149.83728
4159,2013-12-16 00:00:00,162.58124
4159,2013-12-16 00:10:00,144.52287
4159,2013-12-16 00:20:00,139.19617
4159,2013-12-16 00:30:00,137.31131
4159,2013-12-16 00:40:00,131.5605
4159,2013-12-16 00:50:00,133.63434
4159,2013-12-16 01:00:00,136.5976
4159,2013-12-16 01:10:00,127.56579
4159,2013-12-16 01:20:00,122.13777
4159,2013-12-16 01:30:00,113.385826
4159,2013-12-16 01:40:00,123.78045
4159,2013-12-16 01:50:00,118.56643
4159,2013-12-16 02:00:00,121.06502
4159,2013-12-16 02:10:00,117.1563
4159,2013-12-16 02:20:00,131.05278
4159,2013-12-16 02:30:00,117.09964
4159,2013-12-16 02:40:00,114.15965
4159,2013-12-16 02:50:00,115.476105
4159,2013-12-16 03:00:00,112.3731
4159,2013-12-16 03:10:00,106.041855
4159,2013-12-16 03:20:00,115.541565
4159,2013-12-16 03:30:00,110.4883
4159,2013-12-16 03:40:00,102.53632
4159,2013-12-16 03:50:00,108.52956
4159,2013-12-16 04:00:00,106.07815
4159,2013-12-16 04:10:00,106.64624
4159,2013-12-16 04:20:00,111.90518
4159,2013-12-16 04:30:00,109.28908
4159,2013-12-16 04:40:00,102.79887
4159,2013-12-16 04:50:00,109.062035
4159,2013-12-16 05:00:00,111.58812
4159,2013-12-16 05:10:00,112.2708
4159,2013-12-16 05:20:00,119.20172
4159,2013-12-16 05:30:00,128.94843
4159,2013-12-16 05:40:00,122.78061
4159,2013-12-16 05:50:00,117.537254
4159,2013-12-16 06:00:00,128.12115
4159,2013-12-16 06:10:00,143.2544
4159,2013-12-16 06:20:00,163.56183
4159,2013-12-16 06:30:00,171.41664
4159,2013-12-16 06:40:00,172.86057
4159,2013-12-16 06:50:00,241.03952
4159,2013-12-16 07:00:00,235.65543
4159,2013-12-16 07:10:00,241.79187
4159,2013-12-16 07:20:00,265.95123
4159,2013-12-16 07:30:00,258.6573
4159,2013-12-16 07:40:00,304.71182
4159,2013-12-16 07:50:00,335.60083
4159,2013-12-16 08:00:00,353.2018
4159,2013-12-16 08:10:00,355.40698
4159,2013-12-16 08:20:00,375.33377
4159,2013-12-16 08:30:00,425.37283
4159,2013-12-16 08:40:00,392.72067
4159,2013-12-16 08:50:00,414.7714
4159,2013-12-16 09:00:00,399.48862
4159,2013-12-16 09:10:00,403.77292
4159,2013-12-16 09:20:00,403.11914
4159,2013-12-16 09:30:00,411.3457
4159,2013-12-16 09:40:00,417.21484
4159,2013-12-16 09:50:00,420.13934
4159,2013-12-16 10:00:00,415.922
4159,2013-12-16 10:10:00,440.51114
4159,2013-12-16 10:20:00,408.77878
4159,2013-12-16 10:30:00,434.6205
4159,2013-12-16 10:40:00,447.58282
4159,2013-12-16 10:50:00,423.64008
4159,2013-12-16 11:00:00,457.07898
4159,2013-12-16 11:10:00,468.60165
4159,2013-12-16 11:20:00,482.48016
4159,2013-12-16 11:30:00,473.58566
4159,2013-12-16 11:40:00,440.06125
4159,2013-12-16 11:50:00,450.20682
4159,2013-12-16 12:00:00,513.2104
4159,2013-12-16 12:10:00,501.51096
4159,2013-12-16 12:20:00,501.47073
4159,2013-12-16 12:30:00,519.56
4159,2013-12-16 12:40:00,480.0793
4159,2013-12-16 12:50:00,459.54953
4159,2013-12-16 13:00:00,472.35767
4159,2013-12-16 13:10:00,470.87845
4159,2013-12-16 13:20:00,443.7785
4159,2013-12-16 13:30:00,459.01398
4159,2013-12-16 13:40:00,475.49268
4159,2013-12-16 13:50:00,423.40982
4159,2013-12-16 14:00:00,463.91898
4159,2013-12-16 14:10:00,443.40176
4159,2013-12-16 14:20:00,453.04456
4159,2013-12-16 14:30:00,440.78976
4159,2013-12-16 14:40:00,420.26236
4159,2013-12-16 14:50:00,460.16428
4159,2013-12-16 15:00:00,447.2438
4159,2013-12-16 15:10:00,420.61392
4159,2013-12-16 15:20:00,441.9532
4159,2013-12-16 15:30:00,460.93723
4159,2013-12-16 15:40:00,408.20618
4159,2013-12-16 15:50:00,444.16245
4159,2013-12-16 16:00:00,437.6063
4159,2013-12-16 16:10:00,410.1081
4159,2013-12-16 16:20:00,398.11987
4159,2013-12-16 16:30:00,393.39072
4159,2013-12-16 16:40:00,420.64954
4159,2013-12-16 16:50:00,420.94763
4159,2013-12-16 17:00:00,408.4403
4159,2013-12-16 17:10:00,403.1662
4159,2013-12-16 17:20:00,375.30722
4159,2013-12-16 17:30:00,387.69104
4159,2013-12-16 17:40:00,317.02573
4159,2013-12-16 17:50:00,313.99634
4159,2013-12-16 18:00:00,308.89267
4159,2013-12-16 18:10:00,315.10934
4159,2013-12-16 18:20:00,294.73712
4159,2013-12-16 18:30:00,305.56464
4159,2013-12-16 18:40:00,288.98038
4159,2013-12-16 18:50:00,296.96274
4159,2013-12-16 19:00:00,278.65973
4159,2013-12-16 19:10:00,277.9689
4159,2013-12-16 19:20:00,308.86118
4159,2013-12-16 19:30:00,276.30023
4159,2013-12-16 19:40:00,276.2105
4159,2013-12-16 19:50:00,229.19164
4159,2013-12-16 20:00:00,232.1699
4159,2013-12-16 20:10:00,235.38577
4159,2013-12-16 20:20:00,230.05829
4159,2013-12-16 20:30:00,206.91139
4159,2013-12-16 20:40:00,206.59273
4159,2013-12-16 20:50:00,223.82169
4159,2013-12-16 21:00:00,201.09526
4159,2013-12-16 21:10:00,212.58429
4159,2013-12-16 21:20:00,212.10052
4159,2013-12-16 21:30:00,210.73923
4159,2013-12-16 21:40:00,244.16907
4159,2013-12-16 21:50:00,243.39943
4159,2013-12-16 22:00:00,246.40631
4159,2013-12-16 22:10:00,237.02393
4159,2013-12-16 22:20:00,220.99301
4159,2013-12-16 22:30:00,216.98189
4159,2013-12-16 22:40:00,236.98285
4159,2013-12-16 22:50:00,226.60034
4159,2013-12-16 23:00:00,239.58147
4159,2013-12-16 23:10:00,228.4571
4159,2013-12-16 23:20:00,168.88826
4159,2013-12-16 23:30:00,190.67134
4159,2013-12-16 23:40:00,219.23781
4159,2013-12-16 23:50:00,156.49174
4159,2013-12-17 00:00:00,155.9597
4159,2013-12-17 00:10:00,133.73154
4159,2013-12-17 00:20:00,137.64418
4159,2013-12-17 00:30:00,137.20998
4159,2013-12-17 00:40:00,123.49018
4159,2013-12-17 00:50:00,131.68423
4159,2013-12-17 01:00:00,138.14441
4159,2013-12-17 01:10:00,123.52815
4159,2013-12-17 01:20:00,130.28345
4159,2013-12-17 01:30:00,119.14604
4159,2013-12-17 01:40:00,114.42013
4159,2013-12-17 01:50:00,116.866035
4159,2013-12-17 02:00:00,118.64425
4159,2013-12-17 02:10:00,109.441
4159,2013-12-17 02:20:00,118.72982
4159,2013-12-17 02:30:00,120.04741
4159,2013-12-17 02:40:00,104.31598
4159,2013-12-17 02:50:00,114.99262
4159,2013-12-17 03:00:00,112.13494
4159,2013-12-17 03:10:00,103.61794
4159,2013-12-17 03:20:00,113.72734
4159,2013-12-17 03:30:00,114.4346
4159,2013-12-17 03:40:00,94.69604
4159,2013-12-17 03:50:00,115.9539
4159,2013-12-17 04:00:00,116.544174
4159,2013-12-17 04:10:00,108.12323
4159,2013-12-17 04:20:00,115.06267
4159,2013-12-17 04:30:00,123.88898
4159,2013-12-17 04:40:00,96.060135
4159,2013-12-17 04:50:00,120.41797
4159,2013-12-17 05:00:00,119.85828
4159,2013-12-17 05:10:00,104.71881
4159,2013-12-17 05:20:00,127.760216
4159,2013-12-17 05:30:00,139.63739
4159,2013-12-17 05:40:00,119.38127
4159,2013-12-17 05:50:00,144.73672
4159,2013-12-17 06:00:00,141.27316
4159,2013-12-17 06:10:00,130.69727
4159,2013-12-17 06:20:00,148.95131
4159,2013-12-17 06:30:00,171.60497
4159,2013-12-17 06:40:00,164.05412
4159,2013-12-17 06:50:00,198.37105
4159,2013-12-17 07:00:00,221.76863
4159,2013-12-17 07:10:00,206.4759
4159,2013-12-17 07:20:00,228.61266
4159,2013-12-17 07:30:00,261.49335
4159,2013-12-17 07:40:00,285.2048
4159,2013-12-17 07:50:00,308.25397
4159,2013-12-17 08:00:00,325.068
4159,2013-12-17 08:10:00,325.6025
4159,2013-12-17 08:20:00,355.31122
4159,2013-12-17 08:30:00,386.1937
4159,2013-12-17 08:40:00,407.8947
4159,2013-12-17 08:50:00,428.8521
4159,2013-12-17 09:00:00,421.71506
4159,2013-12-17 09:10:00,392.97574
4159,2013-12-17 09:20:00,429.51532
4159,2013-12-17 09:30:00,415.3208
4159,2013-12-17 09:40:00,438.95126
4159,2013-12-17 09:50:00,418.4734
4159,2013-12-17 10:00:00,433.93454
4159,2013-12-17 10:10:00,396.80814
4159,2013-12-17 10:20:00,429.26703
4159,2013-12-17 10:30:00,416.04532
4159,2013-12-17 10:40:00,422.714
4159,2013-12-17 10:50:00,432.34488
4159,2013-12-17 11:00:00,433.13824
4159,2013-12-17 11:10:00,427.58282
4159,2013-12-17 11:20:00,454.12723
4159,2013-12-17 11:30:00,456.66562
4159,2013-12-17 11:40:00,489.98682
4159,2013-12-17 11:50:00,480.5308
4159,2013-12-17 12:00:00,513.75653
4159,2013-12-17 12:10:00,462.39468
4159,2013-12-17 12:20:00,466.7787
4159,2013-12-17 12:30:00,448.93964
4159,2013-12-17 12:40:00,454.90283
4159,2013-12-17 12:50:00,490.79303
4159,2013-12-17 13:00:00,474.01227
4159,2013-12-17 13:10:00,439.1712
4159,2013-12-17 13:20:00,423.7723
4159,2013-12-17 13:30:00,448.14185
4159,2013-12-17 13:40:00,404.76093
4159,2013-12-17 13:50:00,441.88425
4159,2013-12-17 14:00:00,452.8303
4159,2013-12-17 14:10:00,437.8116
4159,2013-12-17 14:20:00,445.70288
4159,2013-12-17 14:30:00,475.47665
4159,2013-12-17 14:40:00,494.75946
4159,2013-12-17 14:50:00,483.5625
4159,2013-12-17 15:00:00,485.9706
4159,2013-12-17 15:10:00,480.83713
4159,2013-12-17 15:20:00,465.7165
4159,2013-12-17 15:30:00,458.52884
4159,2013-12-17 15:40:00,438.66022
4159,2013-12-17 15:50:00,462.77255
4159,2013-12-17 16:00:00,477.7027
4159,2013-12-17 16:10:00,389.14786
4159,2013-12-17 16:20:00,437.53378
4159,2013-12-17 16:30:00,432.2405
4159,2013-12-17 16:40:00,435.55865
4159,2013-12-17 16:50:00,420.52112
4159,2013-12-17 17:00:00,409.90198
4159,2013-12-17 17:10:00,360.38022
4159,2013-12-17 17:20:00,352.48706
4159,2013-12-17 17:30:00,317.18256
4159,2013-12-17 17:40:00,306.57928
4159,2013-12-17 17:50:00,322.4235
4159,2013-12-17 18:00:00,280.19443
4159,2013-12-17 18:10:00,294.9771
4159,2013-12-17 18:20:00,301.37402
4159,2013-12-17 18:30:00,287.97885
4159,2013-12-17 18:40:00,270.97928
4159,2013-12-17 18:50:00,279.32605
4159,2013-12-17 19:00:00,260.42334
4159,2013-12-17 19:10:00,264.58374
4159,2013-12-17 19:20:00,269.45193
4159,2013-12-17 19:30:00,280.74017
4159,2013-12-17 19:40:00,261.14084
4159,2013-12-17 19:50:00,241.71455
4159,2013-12-17 20:00:00,250.11562
4159,2013-12-17 20:10:00,236.56322
4159,2013-12-17 20:20:00,234.75609
4159,2013-12-17 20:30:00,267.14096
4159,2013-12-17 20:40:00,229.441
4159,2013-12-17 20:50:00,244.10657
4159,2013-12-17 21:00:00,264.8032
4159,2013-12-17 21:10:00,245.85448
4159,2013-12-17 21:20:00,221.58432
4159,2013-12-17 21:30:00,256.73074
4159,2013-12-17 21:40:00,233.24666
4159,2013-12-17 21:50:00,235.11357
4159,2013-12-17 22:00:00,228.99998
4159,2013-12-17 22:10:00,206.64314
4159,2013-12-17 22:20:00,207.96106
4159,2013-12-17 22:30:00,216.914
4159,2013-12-17 22:40:00,213.35614
4159,2013-12-17 22:50:00,296.56644
4159,2013-12-17 23:00:00,255.416
4159,2013-12-17 23:10:00,244.91052
4159,2013-12-17 23:20:00,210.92163
4159,2013-12-17 23:30:00,174.07977
4159,2013-12-17 23:40:00,147.37122
4159,2013-12-17 23:50:00,163.0528
4159,2013-12-18 00:00:00,151.51225
4159,2013-12-18 00:10:00,157.9495
4159,2013-12-18 00:20:00,164.73448
4159,2013-12-18 00:30:00,128.66087
4159,2013-12-18 00:40:00,139.55177
4159,2013-12-18 00:50:00,140.89879
4159,2013-12-18 01:00:00,119.64159
4159,2013-12-18 01:10:00,121.44958
4159,2013-12-18 01:20:00,129.21811
4159,2013-12-18 01:30:00,120.26048
4159,2013-12-18 01:40:00,133.38364
4159,2013-12-18 01:50:00,124.71863
4159,2013-12-18 02:00:00,114.667
4159,2013-12-18 02:10:00,116.15415
4159,2013-12-18 02:20:00,130.46722
4159,2013-12-18 02:30:00,116.77063
4159,2013-12-18 02:40:00,128.0105
4159,2013-12-18 02:50:00,127.17906
4159,2013-12-18 03:00:00,125.3396
4159,2013-12-18 03:10:00,123.32427
4159,2013-12-18 03:20:00,122.2453
4159,2013-12-18 03:30:00,125.040085
4159,2013-12-18 03:40:00,129.11404
4159,2013-12-18 03:50:00,121.68601
4159,2013-12-18 04:00:00,129.6081
4159,2013-12-18 04:10:00,124.357346
4159,2013-12-18 04:20:00,125.74806
4159,2013-12-18 04:30:00,138.97485
4159,2013-12-18 04:40:00,122.60864
4159,2013-12-18 04:50:00,123.93644
4159,2013-12-18 05:00:00,133.1699
4159,2013-12-18 05:10:00,123.553085
4159,2013-12-18 05:20:00,123.87955
4159,2013-12-18 05:30:00,131.8597
4159,2013-12-18 05:40:00,132.6094
4159,2013-12-18 05:50:00,145.48972
4159,2013-12-18 06:00:00,140.86284
4159,2013-12-18 06:10:00,157.57309
4159,2013-12-18 06:20:00,159.35533
4159,2013-12-18 06:30:00,188.90623
4159,2013-12-18 06:40:00,211.21736
4159,2013-12-18 06:50:00,217.77983
4159,2013-12-18 07:00:00,219.91827
4159,2013-12-18 07:10:00,245.46777
4159,2013-12-18 07:20:00,264.30716
4159,2013-12-18 07:30:00,285.29703
4159,2013-12-18 07:40:00,306.20645
4159,2013-12-18 07:50:00,320.85147
4159,2013-12-18 08:00:00,343.3272
4159,2013-12-18 08:10:00,366.6509
4159,2013-12-18 08:20:00,368.5966
4159,2013-12-18 08:30:00,405.16156
4159,2013-12-18 08:40:00,397.11957
4159,2013-12-18 08:50:00,364.34787
4159,2013-12-18 09:00:00,453.0065
4159,2013-12-18 09:10:00,440.78848
4159,2013-12-18 09:20:00,400.68402
4159,2013-12-18 09:30:00,395.1529
4159,2013-12-18 09:40:00,390.37625
4159,2013-12-18 09:50:00,403.72412
4159,2013-12-18 10:00:00,436.17606
4159,2013-12-18 10:10:00,396.53345
4159,2013-12-18 10:20:00,451.5255
4159,2013-12-18 10:30:00,438.36414
4159,2013-12-18 10:40:00,447.4501
4159,2013-12-18 10:50:00,449.22833
4159,2013-12-18 11:00:00,452.0265
4159,2013-12-18 11:10:00,466.42606
4159,2013-12-18 11:20:00,423.4583
4159,2013-12-18 11:30:00,492.1612
4159,2013-12-18 11:40:00,515.108
4159,2013-12-18 11:50:00,487.59076
4159,2013-12-18 12:00:00,499.7159
4159,2013-12-18 12:10:00,443.83502
4159,2013-12-18 12:20:00,432.8919
4159,2013-12-18 12:30:00,419.65445
4159,2013-12-18 12:40:00,443.54874
4159,2013-12-18 12:50:00,462.73468
4159,2013-12-18 13:00:00,418.5488
4159,2013-12-18 13:10:00,409.08893
4159,2013-12-18 13:20:00,414.0399
4159,2013-12-18 13:30:00,479.83707
4159,2013-12-18 13:40:00,491.05045
4159,2013-12-18 13:50:00,508.74268
4159,2013-12-18 14:00:00,483.4487
4159,2013-12-18 14:10:00,424.30804
4159,2013-12-18 14:20:00,416.8191
4159,2013-12-18 14:30:00,430.67764
4159,2013-12-18 14:40:00,403.4078
4159,2013-12-18 14:50:00,437.58997
4159,2013-12-18 15:00:00,436.36707
4159,2013-12-18 15:10:00,425.0375
4159,2013-12-18 15:20:00,412.07422
4159,2013-12-18 15:30:00,434.4275
4159,2013-12-18 15:40:00,389.53516
4159,2013-12-18 15:50:00,398.36325
4159,2013-12-18 16:00:00,399.61963
4159,2013-12-18 16:10:00,398.1594
4159,2013-12-18 16:20:00,372.0125
4159,2013-12-18 16:30:00,399.04724
4159,2013-12-18 16:40:00,412.7759
4159,2013-12-18 16:50:00,400.0425
4159,2013-12-18 17:00:00,388.85596
4159,2013-12-18 17:10:00,345.4894
4159,2013-12-18 17:20:00,358.2827
4159,2013-12-18 17:30:00,338.05554
4159,2013-12-18 17:40:00,303.06726
4159,2013-12-18 17:50:00,323.8831
4159,2013-12-18 18:00:00,335.7768
4159,2013-12-18 18:10:00,289.76953
4159,2013-12-18 18:20:00,316.3364
4159,2013-12-18 18:30:00,320.68015
4159,2013-12-18 18:40:00,272.3468
4159,2013-12-18 18:50:00,274.22037
4159,2013-12-18 19:00:00,288.55472
4159,2013-12-18 19:10:00,249.67783
4159,2013-12-18 19:20:00,267.04333
4159,2013-12-18 19:30:00,282.11926
4159,2013-12-18 19:40:00,249.44452
4159,2013-12-18 19:50:00,267.8275
4159,2013-12-18 20:00:00,253.83536
4159,2013-12-18 20:10:00,233.38791
4159,2013-12-18 20:20:00,212.91241
4159,2013-12-18 20:30:00,232.85887
4159,2013-12-18 20:40:00,250.4268
4159,2013-12-18 20:50:00,219.11517
4159,2013-12-18 21:00:00,255.69724
4159,2013-12-18 21:10:00,217.3196
4159,2013-12-18 21:20:00,204.45326
4159,2013-12-18 21:30:00,228.96458
4159,2013-12-18 21:40:00,190.17178
4159,2013-12-18 21:50:00,191.55013
4159,2013-12-18 22:00:00,197.34534
4159,2013-12-18 22:10:00,195.7871
4159,2013-12-18 22:20:00,180.00418
4159,2013-12-18 22:30:00,196.43991
4159,2013-12-18 22:40:00,190.74933
4159,2013-12-18 22:50:00,194.92308
4159,2013-12-18 23:00:00,201.87186
4159,2013-12-18 23:10:00,211.59512
4159,2013-12-18 23:20:00,183.01277
4159,2013-12-18 23:30:00,178.59364
4159,2013-12-18 23:40:00,165.27507
4159,2013-12-18 23:50:00,163.18436
4159,2013-12-19 00:00:00,181.81667
4159,2013-12-19 00:10:00,165.33997
4159,2013-12-19 00:20:00,145.30888
4159,2013-12-19 00:30:00,157.39503
4159,2013-12-19 00:40:00,136.58754
4159,2013-12-19 00:50:00,141.35976
4159,2013-12-19 01:00:00,150.88872
4159,2013-12-19 01:10:00,129.73221
4159,2013-12-19 01:20:00,131.15851
4159,2013-12-19 01:30:00,134.51103
4159,2013-12-19 01:40:00,115.093346
4159,2013-12-19 01:50:00,111.27065
4159,2013-12-19 02:00:00,124.08969
4159,2013-12-19 02:10:00,112.5405
4159,2013-12-19 02:20:00,115.29367
4159,2013-12-19 02:30:00,126.48834
4159,2013-12-19 02:40:00,110.687126
4159,2013-12-19 02:50:00,120.50854
4159,2013-12-19 03:00:00,131.90503
4159,2013-12-19 03:10:00,120.52263
4159,2013-12-19 03:20:00,120.45009
4159,2013-12-19 03:30:00,126.49913
4159,2013-12-19 03:40:00,111.13631
4159,2013-12-19 03:50:00,121.03852
4159,2013-12-19 04:00:00,126.21571
4159,2013-12-19 04:10:00,116.65266
4159,2013-12-19 04:20:00,116.268234
4159,2013-12-19 04:30:00,134.36256
4159,2013-12-19 04:40:00,116.41182
4159,2013-12-19 04:50:00,124.47835
4159,2013-12-19 05:00:00,139.99629
4159,2013-12-19 05:10:00,126.18686
4159,2013-12-19 05:20:00,127.668724
4159,2013-12-19 05:30:00,141.92062
4159,2013-12-19 05:40:00,135.36845
4159,2013-12-19 05:50:00,137.3237
4159,2013-12-19 06:00:00,154.48257
4159,2013-12-19 06:10:00,177.32286
4159,2013-12-19 06:20:00,161.1314
4159,2013-12-19 06:30:00,199.71272
4159,2013-12-19 06:40:00,188.35149
4159,2013-12-19 06:50:00,199.95493
4159,2013-12-19 07:00:00,222.78133
4159,2013-12-19 07:10:00,271.2017
4159,2013-12-19 07:20:00,255.22154
4159,2013-12-19 07:30:00,271.5018
4159,2013-12-19 07:40:00,291.83566
4159,2013-12-19 07:50:00,320.8125
4159,2013-12-19 08:00:00,344.3421
4159,2013-12-19 08:10:00,332.41263
4159,2013-12-19 08:20:00,366.2785
4159,2013-12-19 08:30:00,391.6177
4159,2013-12-19 08:40:00,436.4637
4159,2013-12-19 08:50:00,385.0047
4159,2013-12-19 09:00:00,398.88727
4159,2013-12-19 09:10:00,420.68768
4159,2013-12-19 09:20:00,392.21588
4159,2013-12-19 09:30:00,403.93063
4159,2013-12-19 09:40:00,458.5356
4159,2013-12-19 09:50:00,422.3772
4159,2013-12-19 10:00:00,455.90335
4159,2013-12-19 10:10:00,469.61014
4159,2013-12-19 10:20:00,477.4652
4159,2013-12-19 10:30:00,437.1664
4159,2013-12-19 10:40:00,396.51617
4159,2013-12-19 10:50:00,414.63382
4159,2013-12-19 11:00:00,430.2351
4159,2013-12-19 11:10:00,461.0702
4159,2013-12-19 11:20:00,459.16763
4159,2013-12-19 11:30:00,467.874
4159,2013-12-19 11:40:00,460.6528
4159,2013-12-19 11:50:00,452.32297
4159,2013-12-19 12:00:00,529.2573
4159,2013-12-19 12:10:00,497.7546
4159,2013-12-19 12:20:00,451.2596
4159,2013-12-19 12:30:00,479.42114
4159,2013-12-19 12:40:00,471.35376
4159,2013-12-19 12:50:00,432.20596
4159,2013-12-19 13:00:00,441.9019
4159,2013-12-19 13:10:00,426.81714
4159,2013-12-19 13:20:00,413.50095
4159,2013-12-19 13:30:00,468.51175
4159,2013-12-19 13:40:00,400.7992
4159,2013-12-19 13:50:00,452.9089
4159,2013-12-19 14:00:00,406.18985
4159,2013-12-19 14:10:00,405.886
4159,2013-12-19 14:20:00,426.61884
4159,2013-12-19 14:30:00,423.71335
4159,2013-12-19 14:40:00,437.0807
4159,2013-12-19 14:50:00,448.18387
4159,2013-12-19 15:00:00,415.2896
4159,2013-12-19 15:10:00,421.09488
4159,2013-12-19 15:20:00,430.80652
4159,2013-12-19 15:30:00,400.89923
4159,2013-12-19 15:40:00,403.47195
4159,2013-12-19 15:50:00,413.04276
4159,2013-12-19 16:00:00,412.03055
4159,2013-12-19 16:10:00,373.65326
4159,2013-12-19 16:20:00,371.508
4159,2013-12-19 16:30:00,403.45676
4159,2013-12-19 16:40:00,367.27127
4159,2013-12-19 16:50:00,379.86523
4159,2013-12-19 17:00:00,353.2432
4159,2013-12-19 17:10:00,344.99582
4159,2013-12-19 17:20:00,362.7181
4159,2013-12-19 17:30:00,375.13086
4159,2013-12-19 17:40:00,343.16666
4159,2013-12-19 17:50:00,309.43698
4159,2013-12-19 18:00:00,337.24
4159,2013-12-19 18:10:00,321.13605
4159,2013-12-19 18:20:00,271.3871
4159,2013-12-19 18:30:00,312.0386
4159,2013-12-19 18:40:00,305.63815
4159,2013-12-19 18:50:00,303.1521
4159,2013-12-19 19:00:00,306.46738
4159,2013-12-19 19:10:00,272.17056
4159,2013-12-19 19:20:00,259.97293
4159,2013-12-19 19:30:00,255.39899
4159,2013-12-19 19:40:00,276.05728
4159,2013-12-19 19:50:00,247.84692
4159,2013-12-19 20:00:00,206.87009
4159,2013-12-19 20:10:00,231.74823
4159,2013-12-19 20:20:00,233.31473
4159,2013-12-19 20:30:00,205.93713
4159,2013-12-19 20:40:00,216.59816
4159,2013-12-19 20:50:00,221.61896
4159,2013-12-19 21:00:00,321.69818
4159,2013-12-19 21:10:00,235.24788
4159,2013-12-19 21:20:00,240.86682
4159,2013-12-19 21:30:00,234.24455
4159,2013-12-19 21:40:00,212.98723
4159,2013-12-19 21:50:00,192.55061
4159,2013-12-19 22:00:00,223.51692
4159,2013-12-19 22:10:00,210.10477
4159,2013-12-19 22:20:00,215.93355
4159,2013-12-19 22:30:00,236.02872
4159,2013-12-19 22:40:00,203.47826
4159,2013-12-19 22:50:00,199.8494
4159,2013-12-19 23:00:00,226.54163
4159,2013-12-19 23:10:00,187.05673
4159,2013-12-19 23:20:00,205.37225
4159,2013-12-19 23:30:00,197.6619
4159,2013-12-19 23:40:00,196.68939
4159,2013-12-19 23:50:00,203.68866
4159,2013-12-20 00:00:00,184.5251
4159,2013-12-20 00:10:00,173.98016
4159,2013-12-20 00:20:00,171.43692
4159,2013-12-20 00:30:00,163.29672
4159,2013-12-20 00:40:00,146.07663
4159,2013-12-20 00:50:00,149.73862
4159,2013-12-20 01:00:00,148.85658
4159,2013-12-20 01:10:00,142.46878
4159,2013-12-20 01:20:00,140.63976
4159,2013-12-20 01:30:00,147.13998
4159,2013-12-20 01:40:00,138.73961
4159,2013-12-20 01:50:00,129.70705
4159,2013-12-20 02:00:00,130.47299
4159,2013-12-20 02:10:00,112.333305
4159,2013-12-20 02:20:00,120.65233
4159,2013-12-20 02:30:00,122.07977
4159,2013-12-20 02:40:00,120.67787
4159,2013-12-20 02:50:00,110.47641
4159,2013-12-20 03:00:00,110.68954
4159,2013-12-20 03:10:00,110.58662
4159,2013-12-20 03:20:00,110.99482
4159,2013-12-20 03:30:00,109.52567
4159,2013-12-20 03:40:00,109.801
4159,2013-12-20 03:50:00,106.38982
4159,2013-12-20 04:00:00,110.83235
4159,2013-12-20 04:10:00,113.31079
4159,2013-12-20 04:20:00,115.652275
4159,2013-12-20 04:30:00,119.07109
4159,2013-12-20 04:40:00,123.66393
4159,2013-12-20 04:50:00,117.47154
4159,2013-12-20 05:00:00,123.72082
4159,2013-12-20 05:10:00,129.58826
4159,2013-12-20 05:20:00,133.05788
4159,2013-12-20 05:30:00,130.71696
4159,2013-12-20 05:40:00,124.373474
4159,2013-12-20 05:50:00,137.94267
4159,2013-12-20 06:00:00,145.2947
4159,2013-12-20 06:10:00,141.15848
4159,2013-12-20 06:20:00,176.91716
4159,2013-12-20 06:30:00,186.33917
4159,2013-12-20 06:40:00,208.56851
4159,2013-12-20 06:50:00,220.1937
4159,2013-12-20 07:00:00,236.61429
4159,2013-12-20 07:10:00,248.43965
4159,2013-12-20 07:20:00,236.1525
4159,2013-12-20 07:30:00,270.63953
4159,2013-12-20 07:40:00,294.07272
4159,2013-12-20 07:50:00,309.89822
4159,2013-12-20 08:00:00,289.10022
4159,2013-12-20 08:10:00,320.02072
4159,2013-12-20 08:20:00,303.3536
4159,2013-12-20 08:30:00,327.6208
4159,2013-12-20 08:40:00,358.9717
4159,2013-12-20 08:50:00,346.27194
4159,2013-12-20 09:00:00,350.80508
4159,2013-12-20 09:10:00,358.63403
4159,2013-12-20 09:20:00,347.36084
4159,2013-12-20 09:30:00,380.912
4159,2013-12-20 09:40:00,365.66446
4159,2013-12-20 09:50:00,361.81265
4159,2013-12-20 10:00:00,371.92752
4159,2013-12-20 10:10:00,357.8076
4159,2013-12-20 10:20:00,360.27295
4159,2013-12-20 10:30:00,408.6015
4159,2013-12-20 10:40:00,399.9059
4159,2013-12-20 10:50:00,359.953
4159,2013-12-20 11:00:00,392.1811
4159,2013-12-20 11:10:00,379.50375
4159,2013-12-20 11:20:00,376.40958
4159,2013-12-20 11:30:00,411.91486
4159,2013-12-20 11:40:00,386.7974
4159,2013-12-20 11:50:00,365.7478
4159,2013-12-20 12:00:00,395.74792
4159,2013-12-20 12:10:00,394.49823
4159,2013-12-20 12:20:00,404.02127
4159,2013-12-20 12:30:00,403.62936
4159,2013-12-20 12:40:00,349.444
4159,2013-12-20 12:50:00,389.8939
4159,2013-12-20 13:00:00,418.99683
4159,2013-12-20 13:10:00,385.54453
4159,2013-12-20 13:20:00,336.67703
4159,2013-12-20 13:30:00,374.8539
4159,2013-12-20 13:40:00,350.28653
4159,2013-12-20 13:50:00,347.03748
4159,2013-12-20 14:00:00,397.3746
4159,2013-12-20 14:10:00,377.01508
4159,2013-12-20 14:20:00,387.24405
4159,2013-12-20 14:30:00,365.91037
4159,2013-12-20 14:40:00,366.65256
4159,2013-12-20 14:50:00,361.98227
4159,2013-12-20 15:00:00,400.1405
4159,2013-12-20 15:10:00,339.33746
4159,2013-12-20 15:20:00,376.03207
4159,2013-12-20 15:30:00,375.3451
4159,2013-12-20 15:40:00,343.79706
4159,2013-12-20 15:50:00,334.7428
4159,2013-12-20 16:00:00,376.43478
4159,2013-12-20 16:10:00,353.9143
4159,2013-12-20 16:20:00,330.53958
4159,2013-12-20 16:30:00,329.30392
4159,2013-12-20 16:40:00,306.85446
4159,2013-12-20 16:50:00,320.23453
4159,2013-12-20 17:00:00,344.30502
4159,2013-12-20 17:10:00,322.92935
4159,2013-12-20 17:20:00,291.34262
4159,2013-12-20 17:30:00,308.2243
4159,2013-12-20 17:40:00,281.61545
4159,2013-12-20 17:50:00,283.5449
4159,2013-12-20 18:00:00,268.4673
4159,2013-12-20 18:10:00,240.45013
4159,2013-12-20 18:20:00,259.49792
4159,2013-12-20 18:30:00,253.69565
4159,2013-12-20 18:40:00,251.26164
4159,2013-12-20 18:50:00,273.0319
4159,2013-12-20 19:00:00,251.41023
4159,2013-12-20 19:10:00,253.25638
4159,2013-12-20 19:20:00,242.06165
4159,2013-12-20 19:30:00,241.38182
4159,2013-12-20 19:40:00,229.14763
4159,2013-12-20 19:50:00,213.60077
4159,2013-12-20 20:00:00,231.06714
4159,2013-12-20 20:10:00,225.89972
4159,2013-12-20 20:20:00,238.02132
4159,2013-12-20 20:30:00,220.2637
4159,2013-12-20 20:40:00,184.10243
4159,2013-12-20 20:50:00,190.42174
4159,2013-12-20 21:00:00,230.08096
4159,2013-12-20 21:10:00,206.30241
4159,2013-12-20 21:20:00,215.00984
4159,2013-12-20 21:30:00,223.54947
4159,2013-12-20 21:40:00,201.63763
4159,2013-12-20 21:50:00,202.92584
4159,2013-12-20 22:00:00,227.14658
4159,2013-12-20 22:10:00,180.17584
4159,2013-12-20 22:20:00,205.51768
4159,2013-12-20 22:30:00,198.92279
4159,2013-12-20 22:40:00,187.88202
4159,2013-12-20 22:50:00,199.51549
4159,2013-12-20 23:00:00,182.43814
4159,2013-12-20 23:10:00,219.55376
4159,2013-12-20 23:20:00,202.25441
4159,2013-12-20 23:30:00,182.85146
4159,2013-12-20 23:40:00,167.86642
4159,2013-12-20 23:50:00,183.85889
4159,2013-12-21 00:00:00,166.21535
4159,2013-12-21 00:10:00,151.49698
4159,2013-12-21 00:20:00,159.34564
4159,2013-12-21 00:30:00,150.08536
4159,2013-12-21 00:40:00,151.33401
4159,2013-12-21 00:50:00,150.81717
4159,2013-12-21 01:00:00,150.41809
4159,2013-12-21 01:10:00,140.84453
4159,2013-12-21 01:20:00,131.63774
4159,2013-12-21 01:30:00,133.34111
4159,2013-12-21 01:40:00,127.53789
4159,2013-12-21 01:50:00,125.2789
4159,2013-12-21 02:00:00,129.84613
4159,2013-12-21 02:10:00,117.31764
4159,2013-12-21 02:20:00,124.63312
4159,2013-12-21 02:30:00,120.69326
4159,2013-12-21 02:40:00,122.201775
4159,2013-12-21 02:50:00,125.36942
4159,2013-12-21 03:00:00,125.113884
4159,2013-12-21 03:10:00,117.906
4159,2013-12-21 03:20:00,114.62
4159,2013-12-21 03:30:00,131.93936
4159,2013-12-21 03:40:00,118.24544
4159,2013-12-21 03:50:00,125.18788
4159,2013-12-21 04:00:00,122.69039
4159,2013-12-21 04:10:00,109.16753
4159,2013-12-21 04:20:00,118.4336
4159,2013-12-21 04:30:00,122.52358
4159,2013-12-21 04:40:00,106.35411
4159,2013-12-21 04:50:00,117.52057
4159,2013-12-21 05:00:00,118.75848
4159,2013-12-21 05:10:00,104.01083
4159,2013-12-21 05:20:00,111.61757
4159,2013-12-21 05:30:00,108.565285
4159,2013-12-21 05:40:00,106.19185
4159,2013-12-21 05:50:00,106.50049
4159,2013-12-21 06:00:00,117.65572
4159,2013-12-21 06:10:00,108.20366
4159,2013-12-21 06:20:00,126.85126
4159,2013-12-21 06:30:00,134.5214
4159,2013-12-21 06:40:00,133.02585
4159,2013-12-21 06:50:00,199.15228
4159,2013-12-21 07:00:00,138.77042
4159,2013-12-21 07:10:00,118.52369
4159,2013-12-21 07:20:00,132.03731
4159,2013-12-21 07:30:00,132.37862
4159,2013-12-21 07:40:00,140.64569
4159,2013-12-21 07:50:00,159.44238
4159,2013-12-21 08:00:00,151.22517
4159,2013-12-21 08:10:00,170.33246
4159,2013-12-21 08:20:00,178.69403
4159,2013-12-21 08:30:00,185.44736
4159,2013-12-21 08:40:00,201.68225
4159,2013-12-21 08:50:00,192.42221
4159,2013-12-21 09:00:00,182.36609
4159,2013-12-21 09:10:00,194.14255
4159,2013-12-21 09:20:00,216.97105
4159,2013-12-21 09:30:00,190.7908
4159,2013-12-21 09:40:00,243.40971
4159,2013-12-21 09:50:00,190.12512
4159,2013-12-21 10:00:00,185.51224
4159,2013-12-21 10:10:00,198.76375
4159,2013-12-21 10:20:00,186.65831
4159,2013-12-21 10:30:00,194.07503
4159,2013-12-21 10:40:00,174.01619
4159,2013-12-21 10:50:00,215.90868
4159,2013-12-21 11:00:00,226.22017
4159,2013-12-21 11:10:00,212.2599
4159,2013-12-21 11:20:00,205.27014
4159,2013-12-21 11:30:00,202.56546
4159,2013-12-21 11:40:00,177.00522
4159,2013-12-21 11:50:00,179.55933
4159,2013-12-21 12:00:00,183.23112
4159,2013-12-21 12:10:00,176.44737
4159,2013-12-21 12:20:00,181.52118
4159,2013-12-21 12:30:00,180.92867
4159,2013-12-21 12:40:00,188.75398
4159,2013-12-21 12:50:00,149.59572
4159,2013-12-21 13:00:00,176.43616
4159,2013-12-21 13:10:00,198.15216
4159,2013-12-21 13:20:00,206.72466
4159,2013-12-21 13:30:00,233.14551
4159,2013-12-21 13:40:00,259.7655
4159,2013-12-21 13:50:00,202.98341
4159,2013-12-21 14:00:00,208.60226
4159,2013-12-21 14:10:00,191.18358
4159,2013-12-21 14:20:00,189.78036
4159,2013-12-21 14:30:00,205.43434
4159,2013-12-21 14:40:00,201.48085
4159,2013-12-21 14:50:00,172.71072
4159,2013-12-21 15:00:00,178.94531
4159,2013-12-21 15:10:00,180.73866
4159,2013-12-21 15:20:00,187.56293
4159,2013-12-21 15:30:00,176.59628
4159,2013-12-21 15:40:00,165.07281
4159,2013-12-21 15:50:00,169.1848
4159,2013-12-21 16:00:00,167.91913
4159,2013-12-21 16:10:00,176.32155
4159,2013-12-21 16:20:00,158.40942
4159,2013-12-21 16:30:00,175.97954
4159,2013-12-21 16:40:00,152.85696
4159,2013-12-21 16:50:00,179.7263
4159,2013-12-21 17:00:00,167.42908
4159,2013-12-21 17:10:00,159.6051
4159,2013-12-21 17:20:00,153.86523
4159,2013-12-21 17:30:00,187.02913
4159,2013-12-21 17:40:00,149.56786
4159,2013-12-21 17:50:00,150.73662
4159,2013-12-21 18:00:00,170.44525
4159,2013-12-21 18:10:00,164.497
4159,2013-12-21 18:20:00,163.06174
4159,2013-12-21 18:30:00,164.95013
4159,2013-12-21 18:40:00,156.92894
4159,2013-12-21 18:50:00,164.33722
4159,2013-12-21 19:00:00,177.27745
4159,2013-12-21 19:10:00,172.05244
4159,2013-12-21 19:20:00,162.90594
4159,2013-12-21 19:30:00,156.93756
4159,2013-12-21 19:40:00,175.70866
4159,2013-12-21 19:50:00,167.45755
4159,2013-12-21 20:00:00,164.30373
4159,2013-12-21 20:10:00,163.96216
4159,2013-12-21 20:20:00,188.6726
4159,2013-12-21 20:30:00,143.49615
4159,2013-12-21 20:40:00,156.20804
4159,2013-12-21 20:50:00,181.33429
4159,2013-12-21 21:00:00,149.80502
4159,2013-12-21 21:10:00,146.9103
4159,2013-12-21 21:20:00,158.93484
4159,2013-12-21 21:30:00,146.80031
4159,2013-12-21 21:40:00,207.00111
4159,2013-12-21 21:50:00,194.73099
4159,2013-12-21 22:00:00,219.75253
4159,2013-12-21 22:10:00,212.66876
4159,2013-12-21 22:20:00,192.5583
4159,2013-12-21 22:30:00,154.48996
4159,2013-12-21 22:40:00,145.22711
4159,2013-12-21 22:50:00,156.58481
4159,2013-12-21 23:00:00,165.41101
4159,2013-12-21 23:10:00,152.6291
4159,2013-12-21 23:20:00,164.75125
4159,2013-12-21 23:30:00,154.35236
4159,2013-12-21 23:40:00,161.13478
4159,2013-12-21 23:50:00,171.04141
4159,2013-12-22 00:00:00,161.6614
4159,2013-12-22 00:10:00,154.53482
4159,2013-12-22 00:20:00,167.98799
4159,2013-12-22 00:30:00,182.8851
4159,2013-12-22 00:40:00,150.25659
4159,2013-12-22 00:50:00,157.15146
4159,2013-12-22 01:00:00,148.39832
4159,2013-12-22 01:10:00,130.67526
4159,2013-12-22 01:20:00,149.1655
4159,2013-12-22 01:30:00,145.57996
4159,2013-12-22 01:40:00,132.01509
4159,2013-12-22 01:50:00,139.09514
4159,2013-12-22 02:00:00,131.95244
4159,2013-12-22 02:10:00,122.29982
4159,2013-12-22 02:20:00,129.41908
4159,2013-12-22 02:30:00,117.509926
4159,2013-12-22 02:40:00,122.54684
4159,2013-12-22 02:50:00,116.48724
4159,2013-12-22 03:00:00,108.66286
4159,2013-12-22 03:10:00,107.04401
4159,2013-12-22 03:20:00,125.335365
4159,2013-12-22 03:30:00,120.24188
4159,2013-12-22 03:40:00,110.82409
4159,2013-12-22 03:50:00,111.04855
4159,2013-12-22 04:00:00,105.34055
4159,2013-12-22 04:10:00,105.36648
4159,2013-12-22 04:20:00,101.662476
4159,2013-12-22 04:30:00,96.36962
4159,2013-12-22 04:40:00,95.22995
4159,2013-12-22 04:50:00,99.73728
4159,2013-12-22 05:00:00,101.267494
4159,2013-12-22 05:10:00,100.025536
4159,2013-12-22 05:20:00,100.17873
4159,2013-12-22 05:30:00,105.798004
4159,2013-12-22 05:40:00,98.08234
4159,2013-12-22 05:50:00,102.490616
4159,2013-12-22 06:00:00,106.04291
4159,2013-12-22 06:10:00,103.27335
4159,2013-12-22 06:20:00,103.68401
4159,2013-12-22 06:30:00,111.96742
4159,2013-12-22 06:40:00,109.82198
4159,2013-12-22 06:50:00,103.96184
4159,2013-12-22 07:00:00,123.0216
4159,2013-12-22 07:10:00,104.10747
4159,2013-12-22 07:20:00,106.030624
4159,2013-12-22 07:30:00,113.28871
4159,2013-12-22 07:40:00,116.19642
4159,2013-12-22 07:50:00,120.93363
4159,2013-12-22 08:00:00,115.59712
4159,2013-12-22 08:10:00,106.62702
4159,2013-12-22 08:20:00,131.60364
4159,2013-12-22 08:30:00,123.774666
4159,2013-12-22 08:40:00,123.53912
4159,2013-12-22 08:50:00,126.77734
4159,2013-12-22 09:00:00,159.44817
4159,2013-12-22 09:10:00,137.70558
4159,2013-12-22 09:20:00,131.3628
4159,2013-12-22 09:30:00,140.7562
4159,2013-12-22 09:40:00,133.77452
4159,2013-12-22 09:50:00,141.1436
4159,2013-12-22 10:00:00,153.49123
4159,2013-12-22 10:10:00,135.69165
4159,2013-12-22 10:20:00,133.5232
4159,2013-12-22 10:30:00,150.86903
4159,2013-12-22 10:40:00,116.066216
4159,2013-12-22 10:50:00,133.42207
4159,2013-12-22 11:00:00,140.82286
4159,2013-12-22 11:10:00,138.1099
4159,2013-12-22 11:20:00,119.35771
4159,2013-12-22 11:30:00,135.49794
4159,2013-12-22 11:40:00,135.49767
4159,2013-12-22 11:50:00,152.04086
4159,2013-12-22 12:00:00,148.79337
4159,2013-12-22 12:10:00,188.99248
4159,2013-12-22 12:20:00,213.78033
4159,2013-12-22 12:30:00,182.8624
4159,2013-12-22 12:40:00,161.03226
4159,2013-12-22 12:50:00,154.21242
4159,2013-12-22 13:00:00,154.07074
4159,2013-12-22 13:10:00,140.06178
4159,2013-12-22 13:20:00,140.91891
4159,2013-12-22 13:30:00,131.71124
4159,2013-12-22 13:40:00,138.7861
4159,2013-12-22 13:50:00,149.30727
4159,2013-12-22 14:00:00,141.23288
4159,2013-12-22 14:10:00,129.83612
4159,2013-12-22 14:20:00,154.62274
4159,2013-12-22 14:30:00,146.01459
4159,2013-12-22 14:40:00,137.37175
4159,2013-12-22 14:50:00,149.58946
4159,2013-12-22 15:00:00,169.82927
4159,2013-12-22 15:10:00,138.83698
4159,2013-12-22 15:20:00,144.26129
4159,2013-12-22 15:30:00,131.6449
4159,2013-12-22 15:40:00,135.6851
4159,2013-12-22 15:50:00,151.78918
4159,2013-12-22 16:00:00,152.49605
4159,2013-12-22 16:10:00,140.72813
4159,2013-12-22 16:20:00,146.03307
4159,2013-12-22 16:30:00,154.5794
4159,2013-12-22 16:40:00,129.27795
4159,2013-12-22 16:50:00,160.79193
4159,2013-12-22 17:00:00,157.23021
4159,2013-12-22 17:10:00,146.34409
4159,2013-12-22 17:20:00,139.71913
4159,2013-12-22 17:30:00,139.39687
4159,2013-12-22 17:40:00,140.68225
4159,2013-12-22 17:50:00,135.50885
4159,2013-12-22 18:00:00,147.31262
4159,2013-12-22 18:10:00,173.20908
4159,2013-12-22 18:20:00,162.85712
4159,2013-12-22 18:30:00,163.11284
4159,2013-12-22 18:40:00,144.97899
4159,2013-12-22 18:50:00,161.82983
4159,2013-12-22 19:00:00,182.44049
4159,2013-12-22 19:10:00,159.57094
4159,2013-12-22 19:20:00,140.98988
4159,2013-12-22 19:30:00,145.1749
4159,2013-12-22 19:40:00,147.47968
4159,2013-12-22 19:50:00,167.29193
4159,2013-12-22 20:00:00,190.33617
4159,2013-12-22 20:10:00,149.99019
4159,2013-12-22 20:20:00,141.4014
4159,2013-12-22 20:30:00,127.77752
4159,2013-12-22 20:40:00,127.63937
4159,2013-12-22 20:50:00,137.36821
4159,2013-12-22 21:00:00,134.58417
4159,2013-12-22 21:10:00,116.294464
4159,2013-12-22 21:20:00,126.26028
4159,2013-12-22 21:30:00,136.05292
4159,2013-12-22 21:40:00,136.7688
4159,2013-12-22 21:50:00,130.01639
4159,2013-12-22 22:00:00,124.96102
4159,2013-12-22 22:10:00,139.72836
4159,2013-12-22 22:20:00,128.91573
4159,2013-12-22 22:30:00,138.74734
4159,2013-12-22 22:40:00,123.025444
4159,2013-12-22 22:50:00,122.25279
4159,2013-12-22 23:00:00,120.054695
4159,2013-12-22 23:10:00,116.978035
4159,2013-12-22 23:20:00,115.00969
4159,2013-12-22 23:30:00,105.1159
4159,2013-12-22 23:40:00,108.43914
4159,2013-12-22 23:50:00,112.51676
4159,2013-12-23 00:00:00,104.35856
4159,2013-12-23 00:10:00,107.85571
4159,2013-12-23 00:20:00,104.71619
4159,2013-12-23 00:30:00,99.06481
4159,2013-12-23 00:40:00,96.99964
4159,2013-12-23 00:50:00,97.5531
4159,2013-12-23 01:00:00,92.26694
4159,2013-12-23 01:10:00,88.05471
4159,2013-12-23 01:20:00,91.92968
4159,2013-12-23 01:30:00,89.719406
4159,2013-12-23 01:40:00,95.300514
4159,2013-12-23 01:50:00,96.33476
4159,2013-12-23 02:00:00,86.387215
4159,2013-12-23 02:10:00,90.42991
4159,2013-12-23 02:20:00,105.32617
4159,2013-12-23 02:30:00,108.87528
4159,2013-12-23 02:40:00,85.42615
4159,2013-12-23 02:50:00,94.937065
4159,2013-12-23 03:00:00,83.97893
4159,2013-12-23 03:10:00,84.227936
4159,2013-12-23 03:20:00,89.90109
4159,2013-12-23 03:30:00,92.98566
4159,2013-12-23 03:40:00,87.48276
4159,2013-12-23 03:50:00,91.915474
4159,2013-12-23 04:00:00,94.5387
4159,2013-12-23 04:10:00,78.05506
4159,2013-12-23 04:20:00,90.80194
4159,2013-12-23 04:30:00,89.3357
4159,2013-12-23 04:40:00,92.125046
4159,2013-12-23 04:50:00,86.02769
4159,2013-12-23 05:00:00,86.21948
4159,2013-12-23 05:10:00,80.44738
4159,2013-12-23 05:20:00,102.04888
4159,2013-12-23 05:30:00,111.70852
4159,2013-12-23 05:40:00,99.162415
4159,2013-12-23 05:50:00,101.37337
4159,2013-12-23 06:00:00,107.33544
4159,2013-12-23 06:10:00,107.74112
4159,2013-12-23 06:20:00,118.29961
4159,2013-12-23 06:30:00,117.73029
4159,2013-12-23 06:40:00,133.08723
4159,2013-12-23 06:50:00,129.63286
4159,2013-12-23 07:00:00,153.40164
4159,2013-12-23 07:10:00,157.80077
4159,2013-12-23 07:20:00,169.09895
4159,2013-12-23 07:30:00,196.528
4159,2013-12-23 07:40:00,188.723
4159,2013-12-23 07:50:00,206.3787
4159,2013-12-23 08:00:00,230.18095
4159,2013-12-23 08:10:00,198.36525
4159,2013-12-23 08:20:00,234.33063
4159,2013-12-23 08:30:00,210.96373
4159,2013-12-23 08:40:00,240.96835
4159,2013-12-23 08:50:00,258.33307
4159,2013-12-23 09:00:00,225.0758
4159,2013-12-23 09:10:00,235.45497
4159,2013-12-23 09:20:00,245.75534
4159,2013-12-23 09:30:00,247.73697
4159,2013-12-23 09:40:00,239.31042
4159,2013-12-23 09:50:00,244.20679
4159,2013-12-23 10:00:00,273.25372
4159,2013-12-23 10:10:00,235.67879
4159,2013-12-23 10:20:00,266.234
4159,2013-12-23 10:30:00,237.91844
4159,2013-12-23 10:40:00,220.0208
4159,2013-12-23 10:50:00,242.51312
4159,2013-12-23 11:00:00,240.19241
4159,2013-12-23 11:10:00,237.20483
4159,2013-12-23 11:20:00,227.85344
4159,2013-12-23 11:30:00,244.07063
4159,2013-12-23 11:40:00,269.85806
4159,2013-12-23 11:50:00,268.08282
4159,2013-12-23 12:00:00,251.9896
4159,2013-12-23 12:10:00,223.83128
4159,2013-12-23 12:20:00,243.36722
4159,2013-12-23 12:30:00,229.99094
4159,2013-12-23 12:40:00,221.84454
4159,2013-12-23 12:50:00,232.7269
4159,2013-12-23 13:00:00,228.17468
4159,2013-12-23 13:10:00,240.3226
4159,2013-12-23 13:20:00,254.60252
4159,2013-12-23 13:30:00,231.66357
4159,2013-12-23 13:40:00,256.84174
4159,2013-12-23 13:50:00,247.22357
4159,2013-12-23 14:00:00,218.89806
4159,2013-12-23 14:10:00,247.39267
4159,2013-12-23 14:20:00,236.858
4159,2013-12-23 14:30:00,235.8977
4159,2013-12-23 14:40:00,238.48135
4159,2013-12-23 14:50:00,229.66849
4159,2013-12-23 15:00:00,220.89696
4159,2013-12-23 15:10:00,228.77513
4159,2013-12-23 15:20:00,227.86664
4159,2013-12-23 15:30:00,223.79729
4159,2013-12-23 15:40:00,232.26688
4159,2013-12-23 15:50:00,220.33894
4159,2013-12-23 16:00:00,220.59627
4159,2013-12-23 16:10:00,239.81265
4159,2013-12-23 16:20:00,225.0949
4159,2013-12-23 16:30:00,199.00702
4159,2013-12-23 16:40:00,207.1
4159,2013-12-23 16:50:00,211.44884
4159,2013-12-23 17:00:00,206.2846
4159,2013-12-23 17:10:00,197.61852
4159,2013-12-23 17:20:00,169.82404
4159,2013-12-23 17:30:00,173.72464
4159,2013-12-23 17:40:00,168.23773
4159,2013-12-23 17:50:00,155.14757
4159,2013-12-23 18:00:00,150.35309
4159,2013-12-23 18:10:00,171.5975
4159,2013-12-23 18:20:00,152.90553
4159,2013-12-23 18:30:00,181.45259
4159,2013-12-23 18:40:00,156.84941
4159,2013-12-23 18:50:00,163.98003
4159,2013-12-23 19:00:00,174.58069
4159,2013-12-23 19:10:00,166.46474
4159,2013-12-23 19:20:00,166.47508
4159,2013-12-23 19:30:00,159.42903
4159,2013-12-23 19:40:00,157.54593
4159,2013-12-23 19:50:00,152.7638
4159,2013-12-23 20:00:00,140.05551
4159,2013-12-23 20:10:00,146.39583
4159,2013-12-23 20:20:00,130.35274
4159,2013-12-23 20:30:00,131.4505
4159,2013-12-23 20:40:00,139.30547
4159,2013-12-23 20:50:00,138.51701
4159,2013-12-23 21:00:00,126.00312
4159,2013-12-23 21:10:00,145.51324
4159,2013-12-23 21:20:00,134.7929
4159,2013-12-23 21:30:00,122.23395
4159,2013-12-23 21:40:00,141.49036
4159,2013-12-23 21:50:00,126.19139
4159,2013-12-23 22:00:00,137.8974
4159,2013-12-23 22:10:00,128.96744
4159,2013-12-23 22:20:00,128.35358
4159,2013-12-23 22:30:00,124.705505
4159,2013-12-23 22:40:00,134.06032
4159,2013-12-23 22:50:00,134.44325
4159,2013-12-23 23:00:00,107.38809
4159,2013-12-23 23:10:00,95.312195
4159,2013-12-23 23:20:00,111.442
4159,2013-12-23 23:30:00,103.58458
4159,2013-12-23 23:40:00,110.40118
4159,2013-12-23 23:50:00,102.64029
4159,2013-12-24 00:00:00,101.62118
4159,2013-12-24 00:10:00,89.130424
4159,2013-12-24 00:20:00,84.33011
4159,2013-12-24 00:30:00,90.89472
4159,2013-12-24 00:40:00,91.31425
4159,2013-12-24 00:50:00,86.129234
4159,2013-12-24 01:00:00,82.36145
4159,2013-12-24 01:10:00,86.28038
4159,2013-12-24 01:20:00,77.86895
4159,2013-12-24 01:30:00,86.08618
4159,2013-12-24 01:40:00,78.78448
4159,2013-12-24 01:50:00,74.981224
4159,2013-12-24 02:00:00,77.86798
4159,2013-12-24 02:10:00,72.092255
4159,2013-12-24 02:20:00,78.28242
4159,2013-12-24 02:30:00,81.67251
4159,2013-12-24 02:40:00,81.62286
4159,2013-12-24 02:50:00,72.45879
4159,2013-12-24 03:00:00,76.349236
4159,2013-12-24 03:10:00,82.40072
4159,2013-12-24 03:20:00,75.27566
4159,2013-12-24 03:30:00,79.013336
4159,2013-12-24 03:40:00,67.84894
4159,2013-12-24 03:50:00,76.44785
4159,2013-12-24 04:00:00,76.20367
4159,2013-12-24 04:10:00,72.48936
4159,2013-12-24 04:20:00,69.87344
4159,2013-12-24 04:30:00,77.93372
4159,2013-12-24 04:40:00,74.233505
4159,2013-12-24 04:50:00,75.17671
4159,2013-12-24 05:00:00,84.35374
4159,2013-12-24 05:10:00,66.94228
4159,2013-12-24 05:20:00,72.81228
4159,2013-12-24 05:30:00,83.37652
4159,2013-12-24 05:40:00,75.86317
4159,2013-12-24 05:50:00,82.17029
4159,2013-12-24 06:00:00,86.92579
4159,2013-12-24 06:10:00,81.141304
4159,2013-12-24 06:20:00,90.449844
4159,2013-12-24 06:30:00,99.63759
4159,2013-12-24 06:40:00,100.31388
4159,2013-12-24 06:50:00,103.774925
4159,2013-12-24 07:00:00,119.73058
4159,2013-12-24 07:10:00,115.27383
4159,2013-12-24 07:20:00,130.2306
4159,2013-12-24 07:30:00,130.6543
4159,2013-12-24 07:40:00,136.72711
4159,2013-12-24 07:50:00,137.54752
4159,2013-12-24 08:00:00,131.23787
4159,2013-12-24 08:10:00,137.07454
4159,2013-12-24 08:20:00,143.21088
4159,2013-12-24 08:30:00,133.85805
4159,2013-12-24 08:40:00,128.46823
4159,2013-12-24 08:50:00,139.4143
4159,2013-12-24 09:00:00,136.42659
4159,2013-12-24 09:10:00,164.73167
4159,2013-12-24 09:20:00,169.178
4159,2013-12-24 09:30:00,154.76375
4159,2013-12-24 09:40:00,149.29434
4159,2013-12-24 09:50:00,168.16656
4159,2013-12-24 10:00:00,141.22887
4159,2013-12-24 10:10:00,149.46988
4159,2013-12-24 10:20:00,149.15427
4159,2013-12-24 10:30:00,140.42691
4159,2013-12-24 10:40:00,141.77762
4159,2013-12-24 10:50:00,138.80966
4159,2013-12-24 11:00:00,143.28395
4159,2013-12-24 11:10:00,136.59665
4159,2013-12-24 11:20:00,146.37254
4159,2013-12-24 11:30:00,156.83025
4159,2013-12-24 11:40:00,132.88562
4159,2013-12-24 11:50:00,158.01793
4159,2013-12-24 12:00:00,168.38654
4159,2013-12-24 12:10:00,162.1185
4159,2013-12-24 12:20:00,164.32036
4159,2013-12-24 12:30:00,148.45255
4159,2013-12-24 12:40:00,144.94945
4159,2013-12-24 12:50:00,153.07132
4159,2013-12-24 13:00:00,136.05545
4159,2013-12-24 13:10:00,146.94612
4159,2013-12-24 13:20:00,151.24327
4159,2013-12-24 13:30:00,157.42078
4159,2013-12-24 13:40:00,176.90236
4159,2013-12-24 13:50:00,141.63254
4159,2013-12-24 14:00:00,186.78084
4159,2013-12-24 14:10:00,146.84459
4159,2013-12-24 14:20:00,153.23799
4159,2013-12-24 14:30:00,144.47563
4159,2013-12-24 14:40:00,146.94917
4159,2013-12-24 14:50:00,131.13786
4159,2013-12-24 15:00:00,153.4663
4159,2013-12-24 15:10:00,142.70488
4159,2013-12-24 15:20:00,141.04967
4159,2013-12-24 15:30:00,127.76892
4159,2013-12-24 15:40:00,140.87547
4159,2013-12-24 15:50:00,132.43364
4159,2013-12-24 16:00:00,125.68349
4159,2013-12-24 16:10:00,131.90987
4159,2013-12-24 16:20:00,122.063866
4159,2013-12-24 16:30:00,148.94469
4159,2013-12-24 16:40:00,158.2624
4159,2013-12-24 16:50:00,142.37784
4159,2013-12-24 17:00:00,125.6705
4159,2013-12-24 17:10:00,133.09506
4159,2013-12-24 17:20:00,112.2308
4159,2013-12-24 17:30:00,119.299225
4159,2013-12-24 17:40:00,106.60791
4159,2013-12-24 17:50:00,115.51376
4159,2013-12-24 18:00:00,128.37042
4159,2013-12-24 18:10:00,123.579254
4159,2013-12-24 18:20:00,119.36962
4159,2013-12-24 18:30:00,110.78613
4159,2013-12-24 18:40:00,138.72583
4159,2013-12-24 18:50:00,131.04294
4159,2013-12-24 19:00:00,108.89763
4159,2013-12-24 19:10:00,132.23936
4159,2013-12-24 19:20:00,141.7425
4159,2013-12-24 19:30:00,106.96769
4159,2013-12-24 19:40:00,119.66715
4159,2013-12-24 19:50:00,124.78964
4159,2013-12-24 20:00:00,114.00288
4159,2013-12-24 20:10:00,114.14145
4159,2013-12-24 20:20:00,101.96765
4159,2013-12-24 20:30:00,99.973976
4159,2013-12-24 20:40:00,102.81276
4159,2013-12-24 20:50:00,116.644585
4159,2013-12-24 21:00:00,104.28558
4159,2013-12-24 21:10:00,113.44991
4159,2013-12-24 21:20:00,114.84969
4159,2013-12-24 21:30:00,110.67258
4159,2013-12-24 21:40:00,116.724106
4159,2013-12-24 21:50:00,106.90428
4159,2013-12-24 22:00:00,118.10779
4159,2013-12-24 22:10:00,115.58022
4159,2013-12-24 22:20:00,115.92154
4159,2013-12-24 22:30:00,114.998405
4159,2013-12-24 22:40:00,111.38976
4159,2013-12-24 22:50:00,112.16838
4159,2013-12-24 23:00:00,106.70047
4159,2013-12-24 23:10:00,111.19272
4159,2013-12-24 23:20:00,109.189865
4159,2013-12-24 23:30:00,93.71663
4159,2013-12-24 23:40:00,87.15655
4159,2013-12-24 23:50:00,107.890076
4159,2013-12-25 00:00:00,98.27686
4159,2013-12-25 00:10:00,113.6633
4159,2013-12-25 00:20:00,107.17905
4159,2013-12-25 00:30:00,91.04695
4159,2013-12-25 00:40:00,98.40475
4159,2013-12-25 00:50:00,90.18785
4159,2013-12-25 01:00:00,80.874756
4159,2013-12-25 01:10:00,98.51599
4159,2013-12-25 01:20:00,92.16464
4159,2013-12-25 01:30:00,77.08913
4159,2013-12-25 01:40:00,89.58483
4159,2013-12-25 01:50:00,75.2656
4159,2013-12-25 02:00:00,75.733315
4159,2013-12-25 02:10:00,82.94319
4159,2013-12-25 02:20:00,83.598236
4159,2013-12-25 02:30:00,81.053246
4159,2013-12-25 02:40:00,76.61479
4159,2013-12-25 02:50:00,78.75359
4159,2013-12-25 03:00:00,80.356926
4159,2013-12-25 03:10:00,76.74617
4159,2013-12-25 03:20:00,80.66551
4159,2013-12-25 03:30:00,75.66531
4159,2013-12-25 03:40:00,74.37998
4159,2013-12-25 03:50:00,72.07246
4159,2013-12-25 04:00:00,70.692764
4159,2013-12-25 04:10:00,67.67274
4159,2013-12-25 04:20:00,73.62222
4159,2013-12-25 04:30:00,63.455387
4159,2013-12-25 04:40:00,67.86326
4159,2013-12-25 04:50:00,70.91485
4159,2013-12-25 05:00:00,61.58549
4159,2013-12-25 05:10:00,76.57538
4159,2013-12-25 05:20:00,80.272026
4159,2013-12-25 05:30:00,77.596504
4159,2013-12-25 05:40:00,78.48924
4159,2013-12-25 05:50:00,67.95848
4159,2013-12-25 06:00:00,63.89286
4159,2013-12-25 06:10:00,84.561485
4159,2013-12-25 06:20:00,76.598495
4159,2013-12-25 06:30:00,68.55516
4159,2013-12-25 06:40:00,71.14807
4159,2013-12-25 06:50:00,77.46162
4159,2013-12-25 07:00:00,75.38233
4159,2013-12-25 07:10:00,74.08829
4159,2013-12-25 07:20:00,73.302536
4159,2013-12-25 07:30:00,77.45173
4159,2013-12-25 07:40:00,76.36843
4159,2013-12-25 07:50:00,91.41668
4159,2013-12-25 08:00:00,77.062996
4159,2013-12-25 08:10:00,99.70637
4159,2013-12-25 08:20:00,86.31765
4159,2013-12-25 08:30:00,92.56053
4159,2013-12-25 08:40:00,106.278305
4159,2013-12-25 08:50:00,85.32362
4159,2013-12-25 09:00:00,106.87464
4159,2013-12-25 09:10:00,88.357735
4159,2013-12-25 09:20:00,95.85424
4159,2013-12-25 09:30:00,107.57335
4159,2013-12-25 09:40:00,108.44533
4159,2013-12-25 09:50:00,107.27998
4159,2013-12-25 10:00:00,104.36909
4159,2013-12-25 10:10:00,102.23141
4159,2013-12-25 10:20:00,96.9625
4159,2013-12-25 10:30:00,109.63151
4159,2013-12-25 10:40:00,131.18752
4159,2013-12-25 10:50:00,137.0635
4159,2013-12-25 11:00:00,114.20657
4159,2013-12-25 11:10:00,119.3387
4159,2013-12-25 11:20:00,111.29624
4159,2013-12-25 11:30:00,114.56777
4159,2013-12-25 11:40:00,120.697334
4159,2013-12-25 11:50:00,106.62517
4159,2013-12-25 12:00:00,122.11042
4159,2013-12-25 12:10:00,108.63665
4159,2013-12-25 12:20:00,94.253525
4159,2013-12-25 12:30:00,93.66696
4159,2013-12-25 12:40:00,97.28295
4159,2013-12-25 12:50:00,106.17569
4159,2013-12-25 13:00:00,85.291176
4159,2013-12-25 13:10:00,85.59153
4159,2013-12-25 13:20:00,83.71268
4159,2013-12-25 13:30:00,77.017975
4159,2013-12-25 13:40:00,82.53676
4159,2013-12-25 13:50:00,80.264275
4159,2013-12-25 14:00:00,86.951164
4159,2013-12-25 14:10:00,89.23691
4159,2013-12-25 14:20:00,80.88686
4159,2013-12-25 14:30:00,84.06195
4159,2013-12-25 14:40:00,82.76345
4159,2013-12-25 14:50:00,94.59079
4159,2013-12-25 15:00:00,84.69487
4159,2013-12-25 15:10:00,86.13439
4159,2013-12-25 15:20:00,91.81316
4159,2013-12-25 15:30:00,84.00611
4159,2013-12-25 15:40:00,113.15523
4159,2013-12-25 15:50:00,104.39957
4159,2013-12-25 16:00:00,92.48965
4159,2013-12-25 16:10:00,101.3435
4159,2013-12-25 16:20:00,121.287
4159,2013-12-25 16:30:00,109.74448
4159,2013-12-25 16:40:00,108.36456
4159,2013-12-25 16:50:00,102.257095
4159,2013-12-25 17:00:00,91.394035
4159,2013-12-25 17:10:00,105.045784
4159,2013-12-25 17:20:00,106.32284
4159,2013-12-25 17:30:00,122.61805
4159,2013-12-25 17:40:00,101.958725
4159,2013-12-25 17:50:00,97.85787
4159,2013-12-25 18:00:00,96.48177
4159,2013-12-25 18:10:00,110.311646
4159,2013-12-25 18:20:00,91.05
4159,2013-12-25 18:30:00,101.24054
4159,2013-12-25 18:40:00,117.849
4159,2013-12-25 18:50:00,82.71212
4159,2013-12-25 19:00:00,104.306274
4159,2013-12-25 19:10:00,105.19729
4159,2013-12-25 19:20:00,78.92761
4159,2013-12-25 19:30:00,123.394844
4159,2013-12-25 19:40:00,104.40028
4159,2013-12-25 19:50:00,102.119125
4159,2013-12-25 20:00:00,110.58898
4159,2013-12-25 20:10:00,91.508514
4159,2013-12-25 20:20:00,108.54334
4159,2013-12-25 20:30:00,126.41494
4159,2013-12-25 20:40:00,95.24275
4159,2013-12-25 20:50:00,106.27222
4159,2013-12-25 21:00:00,121.42381
4159,2013-12-25 21:10:00,118.41271
4159,2013-12-25 21:20:00,104.57678
4159,2013-12-25 21:30:00,120.043686
4159,2013-12-25 21:40:00,118.418175
4159,2013-12-25 21:50:00,103.70824
4159,2013-12-25 22:00:00,96.28641
4159,2013-12-25 22:10:00,99.54551
4159,2013-12-25 22:20:00,92.1857
4159,2013-12-25 22:30:00,93.32298
4159,2013-12-25 22:40:00,96.77575
4159,2013-12-25 22:50:00,91.03862
4159,2013-12-25 23:00:00,111.21046
4159,2013-12-25 23:10:00,104.44368
4159,2013-12-25 23:20:00,87.89079
4159,2013-12-25 23:30:00,95.954475
4159,2013-12-25 23:40:00,99.13508
4159,2013-12-25 23:50:00,97.05521
4159,2013-12-26 00:00:00,104.97214
4159,2013-12-26 00:10:00,97.30489
4159,2013-12-26 00:20:00,102.92759
4159,2013-12-26 00:30:00,107.079094
4159,2013-12-26 00:40:00,88.499825
4159,2013-12-26 00:50:00,88.79175
4159,2013-12-26 01:00:00,86.752014
4159,2013-12-26 01:10:00,80.911865
4159,2013-12-26 01:20:00,79.42171
4159,2013-12-26 01:30:00,80.424484
4159,2013-12-26 01:40:00,84.83712
4159,2013-12-26 01:50:00,79.39576
4159,2013-12-26 02:00:00,77.84378
4159,2013-12-26 02:10:00,85.40301
4159,2013-12-26 02:20:00,71.09507
4159,2013-12-26 02:30:00,72.31771
4159,2013-12-26 02:40:00,82.01921
4159,2013-12-26 02:50:00,71.482864
4159,2013-12-26 03:00:00,71.31842
4159,2013-12-26 03:10:00,73.20936
4159,2013-12-26 03:20:00,65.30639
4159,2013-12-26 03:30:00,62.446983
4159,2013-12-26 03:40:00,68.390495
4159,2013-12-26 03:50:00,56.322563
4159,2013-12-26 04:00:00,61.943428
4159,2013-12-26 04:10:00,64.63334
4159,2013-12-26 04:20:00,53.40484
4159,2013-12-26 04:30:00,55.386097
4159,2013-12-26 04:40:00,64.4866
4159,2013-12-26 04:50:00,59.528767
4159,2013-12-26 05:00:00,55.007847
4159,2013-12-26 05:10:00,62.968292
4159,2013-12-26 05:20:00,55.942642
4159,2013-12-26 05:30:00,60.48563
4159,2013-12-26 05:40:00,66.70675
4159,2013-12-26 05:50:00,62.463627
4159,2013-12-26 06:00:00,66.67351
4159,2013-12-26 06:10:00,75.000145
4159,2013-12-26 06:20:00,72.254906
4159,2013-12-26 06:30:00,72.41667
4159,2013-12-26 06:40:00,71.89324
4159,2013-12-26 06:50:00,83.70129
4159,2013-12-26 07:00:00,67.18317
4159,2013-12-26 07:10:00,78.77094
4159,2013-12-26 07:20:00,77.03231
4159,2013-12-26 07:30:00,69.54418
4159,2013-12-26 07:40:00,85.243454
4159,2013-12-26 07:50:00,73.187645
4159,2013-12-26 08:00:00,65.88314
4159,2013-12-26 08:10:00,85.40049
4159,2013-12-26 08:20:00,82.41715
4159,2013-12-26 08:30:00,89.194885
4159,2013-12-26 08:40:00,81.49976
4159,2013-12-26 08:50:00,84.712944
4159,2013-12-26 09:00:00,90.71817
4159,2013-12-26 09:10:00,98.69645
4159,2013-12-26 09:20:00,81.49356
4159,2013-12-26 09:30:00,78.8578
4159,2013-12-26 09:40:00,95.71317
4159,2013-12-26 09:50:00,80.954315
4159,2013-12-26 10:00:00,99.04873
4159,2013-12-26 10:10:00,83.58381
4159,2013-12-26 10:20:00,86.35903
4159,2013-12-26 10:30:00,86.768654
4159,2013-12-26 10:40:00,89.52806
4159,2013-12-26 10:50:00,93.931335
4159,2013-12-26 11:00:00,88.12954
4159,2013-12-26 11:10:00,86.876564
4159,2013-12-26 11:20:00,99.0309
4159,2013-12-26 11:30:00,88.03071
4159,2013-12-26 11:40:00,97.0669
4159,2013-12-26 11:50:00,89.49289
4159,2013-12-26 12:00:00,86.652145
4159,2013-12-26 12:10:00,91.320274
4159,2013-12-26 12:20:00,88.48409
4159,2013-12-26 12:30:00,83.30768
4159,2013-12-26 12:40:00,92.106606
4159,2013-12-26 12:50:00,75.69465
4159,2013-12-26 13:00:00,80.880905
4159,2013-12-26 13:10:00,83.283806
4159,2013-12-26 13:20:00,82.64856
4159,2013-12-26 13:30:00,76.662224
4159,2013-12-26 13:40:00,80.33869
4159,2013-12-26 13:50:00,86.76116
4159,2013-12-26 14:00:00,84.97471
4159,2013-12-26 14:10:00,73.69281
4159,2013-12-26 14:20:00,101.55561
4159,2013-12-26 14:30:00,104.94138
4159,2013-12-26 14:40:00,101.42477
4159,2013-12-26 14:50:00,113.428375
4159,2013-12-26 15:00:00,118.07937
4159,2013-12-26 15:10:00,111.81846
4159,2013-12-26 15:20:00,112.4363
4159,2013-12-26 15:30:00,124.41758
4159,2013-12-26 15:40:00,127.34206
4159,2013-12-26 15:50:00,93.17304
4159,2013-12-26 16:00:00,84.9982
4159,2013-12-26 16:10:00,110.435135
4159,2013-12-26 16:20:00,98.464775
4159,2013-12-26 16:30:00,114.00366
4159,2013-12-26 16:40:00,100.29616
4159,2013-12-26 16:50:00,121.184784
4159,2013-12-26 17:00:00,116.71937
4159,2013-12-26 17:10:00,114.665054
4159,2013-12-26 17:20:00,105.235176
4159,2013-12-26 17:30:00,94.652466
4159,2013-12-26 17:40:00,103.59719
4159,2013-12-26 17:50:00,107.241264
4159,2013-12-26 18:00:00,109.82389
4159,2013-12-26 18:10:00,92.244736
4159,2013-12-26 18:20:00,99.23229
4159,2013-12-26 18:30:00,101.17979
4159,2013-12-26 18:40:00,116.12505
4159,2013-12-26 18:50:00,123.82046
4159,2013-12-26 19:00:00,114.547935
4159,2013-12-26 19:10:00,124.43633
4159,2013-12-26 19:20:00,111.43403
4159,2013-12-26 19:30:00,115.945114
4159,2013-12-26 19:40:00,135.55467
4159,2013-12-26 19:50:00,118.54398
4159,2013-12-26 20:00:00,113.26124
4159,2013-12-26 20:10:00,102.22356
4159,2013-12-26 20:20:00,113.09215
4159,2013-12-26 20:30:00,93.3336
4159,2013-12-26 20:40:00,99.37076
4159,2013-12-26 20:50:00,105.619835
4159,2013-12-26 21:00:00,88.93842
4159,2013-12-26 21:10:00,87.50723
4159,2013-12-26 21:20:00,108.429405
4159,2013-12-26 21:30:00,117.83777
4159,2013-12-26 21:40:00,95.57706
4159,2013-12-26 21:50:00,103.79644
4159,2013-12-26 22:00:00,98.535576
4159,2013-12-26 22:10:00,103.84683
4159,2013-12-26 22:20:00,112.03429
4159,2013-12-26 22:30:00,113.96937
4159,2013-12-26 22:40:00,121.92376
4159,2013-12-26 22:50:00,129.2446
4159,2013-12-26 23:00:00,124.812325
4159,2013-12-26 23:10:00,130.5895
4159,2013-12-26 23:20:00,154.16226
4159,2013-12-26 23:30:00,125.20583
4159,2013-12-26 23:40:00,111.63573
4159,2013-12-26 23:50:00,114.71756
4159,2013-12-27 00:00:00,90.60242
4159,2013-12-27 00:10:00,84.39474
4159,2013-12-27 00:20:00,88.359085
4159,2013-12-27 00:30:00,71.517555
4159,2013-12-27 00:40:00,76.00313
4159,2013-12-27 00:50:00,86.43682
4159,2013-12-27 01:00:00,72.16448
4159,2013-12-27 01:10:00,71.931496
4159,2013-12-27 01:20:00,79.97048
4159,2013-12-27 01:30:00,65.39704
4159,2013-12-27 01:40:00,74.52462
4159,2013-12-27 01:50:00,76.41703
4159,2013-12-27 02:00:00,70.199684
4159,2013-12-27 02:10:00,65.14778
4159,2013-12-27 02:20:00,76.645035
4159,2013-12-27 02:30:00,63.608948
4159,2013-12-27 02:40:00,67.83615
4159,2013-12-27 02:50:00,66.84994
4159,2013-12-27 03:00:00,57.850845
4159,2013-12-27 03:10:00,64.23359
4159,2013-12-27 03:20:00,75.97377
4159,2013-12-27 03:30:00,59.822773
4159,2013-12-27 03:40:00,64.23936
4159,2013-12-27 03:50:00,68.17882
4159,2013-12-27 04:00:00,54.649063
4159,2013-12-27 04:10:00,67.40037
4159,2013-12-27 04:20:00,64.436165
4159,2013-12-27 04:30:00,49.43948
4159,2013-12-27 04:40:00,60.587517
4159,2013-12-27 04:50:00,57.297367
4159,2013-12-27 05:00:00,50.704292
4159,2013-12-27 05:10:00,65.71547
4159,2013-12-27 05:20:00,68.00822
4159,2013-12-27 05:30:00,62.61972
4159,2013-12-27 05:40:00,65.68258
4159,2013-12-27 05:50:00,67.94419
4159,2013-12-27 06:00:00,70.01989
4159,2013-12-27 06:10:00,81.5788
4159,2013-12-27 06:20:00,81.97468
4159,2013-12-27 06:30:00,87.57034
4159,2013-12-27 06:40:00,95.972
4159,2013-12-27 06:50:00,96.32874
4159,2013-12-27 07:00:00,76.47776
4159,2013-12-27 07:10:00,96.99104
4159,2013-12-27 07:20:00,131.0202
4159,2013-12-27 07:30:00,89.79886
4159,2013-12-27 07:40:00,103.57593
4159,2013-12-27 07:50:00,109.88349
4159,2013-12-27 08:00:00,108.69642
4159,2013-12-27 08:10:00,114.70507
4159,2013-12-27 08:20:00,131.51183
4159,2013-12-27 08:30:00,115.1634
4159,2013-12-27 08:40:00,128.00038
4159,2013-12-27 08:50:00,145.37935
4159,2013-12-27 09:00:00,127.63124
4159,2013-12-27 09:10:00,143.0972
4159,2013-12-27 09:20:00,148.71252
4159,2013-12-27 09:30:00,123.5254
4159,2013-12-27 09:40:00,145.53848
4159,2013-12-27 09:50:00,143.13275
4159,2013-12-27 10:00:00,160.99431
4159,2013-12-27 10:10:00,151.15501
4159,2013-12-27 10:20:00,149.72188
4159,2013-12-27 10:30:00,134.0675
4159,2013-12-27 10:40:00,141.11133
4159,2013-12-27 10:50:00,144.27606
4159,2013-12-27 11:00:00,139.84393
4159,2013-12-27 11:10:00,136.33885
4159,2013-12-27 11:20:00,144.16464
4159,2013-12-27 11:30:00,132.93542
4159,2013-12-27 11:40:00,143.558
4159,2013-12-27 11:50:00,133.82692
4159,2013-12-27 12:00:00,126.44035
4159,2013-12-27 12:10:00,135.35123
4159,2013-12-27 12:20:00,120.30064
4159,2013-12-27 12:30:00,130.47287
4159,2013-12-27 12:40:00,131.9364
4159,2013-12-27 12:50:00,134.14365
4159,2013-12-27 13:00:00,119.73583
4159,2013-12-27 13:10:00,130.08134
4159,2013-12-27 13:20:00,136.86365
4159,2013-12-27 13:30:00,136.4739
4159,2013-12-27 13:40:00,143.07353
4159,2013-12-27 13:50:00,153.57758
4159,2013-12-27 14:00:00,139.09962
4159,2013-12-27 14:10:00,138.79482
4159,2013-12-27 14:20:00,128.36908
4159,2013-12-27 14:30:00,157.53607
4159,2013-12-27 14:40:00,185.29163
4159,2013-12-27 14:50:00,157.52716
4159,2013-12-27 15:00:00,196.82744
4159,2013-12-27 15:10:00,188.42886
4159,2013-12-27 15:20:00,146.06909
4159,2013-12-27 15:30:00,112.063995
4159,2013-12-27 15:40:00,157.37268
4159,2013-12-27 15:50:00,151.75438
4159,2013-12-27 16:00:00,164.27884
4159,2013-12-27 16:10:00,140.13924
4159,2013-12-27 16:20:00,114.95537
4159,2013-12-27 16:30:00,119.879814
4159,2013-12-27 16:40:00,146.56111
4159,2013-12-27 16:50:00,117.75104
4159,2013-12-27 17:00:00,116.879
4159,2013-12-27 17:10:00,140.645
4159,2013-12-27 17:20:00,123.721405
4159,2013-12-27 17:30:00,150.3927
4159,2013-12-27 17:40:00,159.77873
4159,2013-12-27 17:50:00,152.07516
4159,2013-12-27 18:00:00,121.64077
4159,2013-12-27 18:10:00,129.75075
4159,2013-12-27 18:20:00,125.873314
4159,2013-12-27 18:30:00,107.44876
4159,2013-12-27 18:40:00,115.67188
4159,2013-12-27 18:50:00,124.748276
4159,2013-12-27 19:00:00,126.22264
4159,2013-12-27 19:10:00,106.67755
4159,2013-12-27 19:20:00,121.624725
4159,2013-12-27 19:30:00,95.2768
4159,2013-12-27 19:40:00,101.39585
4159,2013-12-27 19:50:00,105.9824
4159,2013-12-27 20:00:00,102.15334
4159,2013-12-27 20:10:00,105.6304
4159,2013-12-27 20:20:00,118.85959
4159,2013-12-27 20:30:00,114.288734
4159,2013-12-27 20:40:00,107.57867
4159,2013-12-27 20:50:00,113.77613
4159,2013-12-27 21:00:00,100.039955
4159,2013-12-27 21:10:00,100.69228
4159,2013-12-27 21:20:00,102.71676
4159,2013-12-27 21:30:00,110.32913
4159,2013-12-27 21:40:00,105.313446
4159,2013-12-27 21:50:00,115.60672
4159,2013-12-27 22:00:00,110.37941
4159,2013-12-27 22:10:00,95.58203
4159,2013-12-27 22:20:00,95.65879
4159,2013-12-27 22:30:00,91.437935
4159,2013-12-27 22:40:00,104.82933
4159,2013-12-27 22:50:00,97.42292
4159,2013-12-27 23:00:00,101.75654
4159,2013-12-27 23:10:00,102.770256
4159,2013-12-27 23:20:00,97.47174
4159,2013-12-27 23:30:00,99.873985
4159,2013-12-27 23:40:00,108.54447
4159,2013-12-27 23:50:00,104.549576
4159,2013-12-28 00:00:00,93.825615
4159,2013-12-28 00:10:00,92.36635
4159,2013-12-28 00:20:00,83.6411
4159,2013-12-28 00:30:00,87.83639
4159,2013-12-28 00:40:00,92.47437
4159,2013-12-28 00:50:00,96.23259
4159,2013-12-28 01:00:00,75.02277
4159,2013-12-28 01:10:00,85.235
4159,2013-12-28 01:20:00,85.97279
4159,2013-12-28 01:30:00,77.136955
4159,2013-12-28 01:40:00,80.015785
4159,2013-12-28 01:50:00,84.578926
4159,2013-12-28 02:00:00,94.81681
4159,2013-12-28 02:10:00,80.5975
4159,2013-12-28 02:20:00,95.44614
4159,2013-12-28 02:30:00,85.812546
4159,2013-12-28 02:40:00,71.56444
4159,2013-12-28 02:50:00,78.41434
4159,2013-12-28 03:00:00,61.796543
4159,2013-12-28 03:10:00,65.117195
4159,2013-12-28 03:20:00,63.693146
4159,2013-12-28 03:30:00,59.743496
4159,2013-12-28 03:40:00,63.36031
4159,2013-12-28 03:50:00,60.185776
4159,2013-12-28 04:00:00,57.877827
4159,2013-12-28 04:10:00,67.371796
4159,2013-12-28 04:20:00,61.49174
4159,2013-12-28 04:30:00,54.27082
4159,2013-12-28 04:40:00,64.69886
4159,2013-12-28 04:50:00,57.826576
4159,2013-12-28 05:00:00,59.13377
4159,2013-12-28 05:10:00,62.893353
4159,2013-12-28 05:20:00,56.402496
4159,2013-12-28 05:30:00,48.641212
4159,2013-12-28 05:40:00,61.248226
4159,2013-12-28 05:50:00,65.440094
4159,2013-12-28 06:00:00,59.16585
4159,2013-12-28 06:10:00,68.86218
4159,2013-12-28 06:20:00,72.15684
4159,2013-12-28 06:30:00,70.87646
4159,2013-12-28 06:40:00,70.05023
4159,2013-12-28 06:50:00,77.65297
4159,2013-12-28 07:00:00,66.940155
4159,2013-12-28 07:10:00,71.70417
4159,2013-12-28 07:20:00,79.12125
4159,2013-12-28 07:30:00,67.991844
4159,2013-12-28 07:40:00,90.56263
4159,2013-12-28 07:50:00,90.93027
4159,2013-12-28 08:00:00,78.87021
4159,2013-12-28 08:10:00,106.54063
4159,2013-12-28 08:20:00,102.64329
4159,2013-12-28 08:30:00,85.45714
4159,2013-12-28 08:40:00,103.07391
4159,2013-12-28 08:50:00,110.074814
4159,2013-12-28 09:00:00,89.25935
4159,2013-12-28 09:10:00,99.03364
4159,2013-12-28 09:20:00,102.36763
4159,2013-12-28 09:30:00,90.2162
4159,2013-12-28 09:40:00,102.55827
4159,2013-12-28 09:50:00,96.997
4159,2013-12-28 10:00:00,94.77223
4159,2013-12-28 10:10:00,103.77995
4159,2013-12-28 10:20:00,100.12731
4159,2013-12-28 10:30:00,101.708046
4159,2013-12-28 10:40:00,101.65038
4159,2013-12-28 10:50:00,123.86765
4159,2013-12-28 11:00:00,101.56883
4159,2013-12-28 11:10:00,96.38667
4159,2013-12-28 11:20:00,107.08465
4159,2013-12-28 11:30:00,94.23093
4159,2013-12-28 11:40:00,107.814095
4159,2013-12-28 11:50:00,94.97811
4159,2013-12-28 12:00:00,108.65938
4159,2013-12-28 12:10:00,106.76269
4159,2013-12-28 12:20:00,113.79186
4159,2013-12-28 12:30:00,123.4575
4159,2013-12-28 12:40:00,148.60582
4159,2013-12-28 12:50:00,105.081436
4159,2013-12-28 13:00:00,88.2236
4159,2013-12-28 13:10:00,110.938065
4159,2013-12-28 13:20:00,96.21321
4159,2013-12-28 13:30:00,74.709076
4159,2013-12-28 13:40:00,93.64053
4159,2013-12-28 13:50:00,95.09556
4159,2013-12-28 14:00:00,102.13422
4159,2013-12-28 14:10:00,101.79667
4159,2013-12-28 14:20:00,92.388535
4159,2013-12-28 14:30:00,119.90425
4159,2013-12-28 14:40:00,98.344444
4159,2013-12-28 14:50:00,85.52208
4159,2013-12-28 15:00:00,86.15228
4159,2013-12-28 15:10:00,87.10821
4159,2013-12-28 15:20:00,87.96528
4159,2013-12-28 15:30:00,90.49043
4159,2013-12-28 15:40:00,101.4754
4159,2013-12-28 15:50:00,103.715904
4159,2013-12-28 16:00:00,103.482704
4159,2013-12-28 16:10:00,117.54209
4159,2013-12-28 16:20:00,104.09637
4159,2013-12-28 16:30:00,100.54171
4159,2013-12-28 16:40:00,114.47194
4159,2013-12-28 16:50:00,108.889885
4159,2013-12-28 17:00:00,95.617355
4159,2013-12-28 17:10:00,105.8339
4159,2013-12-28 17:20:00,114.63103
4159,2013-12-28 17:30:00,98.807144
4159,2013-12-28 17:40:00,121.425354
4159,2013-12-28 17:50:00,106.5579
4159,2013-12-28 18:00:00,106.790306
4159,2013-12-28 18:10:00,118.206924
4159,2013-12-28 18:20:00,114.13268
4159,2013-12-28 18:30:00,87.04027
4159,2013-12-28 18:40:00,111.295845
4159,2013-12-28 18:50:00,103.53747
4159,2013-12-28 19:00:00,95.56111
4159,2013-12-28 19:10:00,88.617874
4159,2013-12-28 19:20:00,95.3736
4159,2013-12-28 19:30:00,98.346924
4159,2013-12-28 19:40:00,103.47485
4159,2013-12-28 19:50:00,113.682014
4159,2013-12-28 20:00:00,100.03341
4159,2013-12-28 20:10:00,97.40835
4159,2013-12-28 20:20:00,90.646935
4159,2013-12-28 20:30:00,91.66535
4159,2013-12-28 20:40:00,98.32045
4159,2013-12-28 20:50:00,102.00321
4159,2013-12-28 21:00:00,93.42263
4159,2013-12-28 21:10:00,97.57684
4159,2013-12-28 21:20:00,92.4963
4159,2013-12-28 21:30:00,92.520676
4159,2013-12-28 21:40:00,105.20428
4159,2013-12-28 21:50:00,114.66702
4159,2013-12-28 22:00:00,105.36014
4159,2013-12-28 22:10:00,105.886765
4159,2013-12-28 22:20:00,106.50988
4159,2013-12-28 22:30:00,105.97621
4159,2013-12-28 22:40:00,123.61389
4159,2013-12-28 22:50:00,132.35518
4159,2013-12-28 23:00:00,120.40439
4159,2013-12-28 23:10:00,132.66302
4159,2013-12-28 23:20:00,143.83052
4159,2013-12-28 23:30:00,164.21298
4159,2013-12-28 23:40:00,187.78062
4159,2013-12-28 23:50:00,160.99887
4159,2013-12-29 00:00:00,170.09824
4159,2013-12-29 00:10:00,153.5433
4159,2013-12-29 00:20:00,141.81519
4159,2013-12-29 00:30:00,155.2298
4159,2013-12-29 00:40:00,179.66933
4159,2013-12-29 00:50:00,131.01854
4159,2013-12-29 01:00:00,125.865326
4159,2013-12-29 01:10:00,164.87964
4159,2013-12-29 01:20:00,148.34282
4159,2013-12-29 01:30:00,138.47191
4159,2013-12-29 01:40:00,151.64929
4159,2013-12-29 01:50:00,145.50487
4159,2013-12-29 02:00:00,119.257965
4159,2013-12-29 02:10:00,115.28388
4159,2013-12-29 02:20:00,91.71314
4159,2013-12-29 02:30:00,96.328
4159,2013-12-29 02:40:00,99.55213
4159,2013-12-29 02:50:00,93.38993
4159,2013-12-29 03:00:00,84.41757
4159,2013-12-29 03:10:00,92.471214
4159,2013-12-29 03:20:00,89.13818
4159,2013-12-29 03:30:00,91.31611
4159,2013-12-29 03:40:00,86.85992
4159,2013-12-29 03:50:00,84.768295
4159,2013-12-29 04:00:00,87.00537
4159,2013-12-29 04:10:00,89.99309
4159,2013-12-29 04:20:00,81.95897
4159,2013-12-29 04:30:00,78.99829
4159,2013-12-29 04:40:00,83.44301
4159,2013-12-29 04:50:00,77.8717
4159,2013-12-29 05:00:00,80.01399
4159,2013-12-29 05:10:00,86.922905
4159,2013-12-29 05:20:00,80.606766
4159,2013-12-29 05:30:00,85.77244
4159,2013-12-29 05:40:00,93.13083
4159,2013-12-29 05:50:00,77.91568
4159,2013-12-29 06:00:00,94.51261
4159,2013-12-29 06:10:00,92.3507
4159,2013-12-29 06:20:00,84.18142
4159,2013-12-29 06:30:00,84.4493
4159,2013-12-29 06:40:00,103.08648
4159,2013-12-29 06:50:00,90.34785
4159,2013-12-29 07:00:00,104.65479
4159,2013-12-29 07:10:00,98.48332
4159,2013-12-29 07:20:00,88.52355
4159,2013-12-29 07:30:00,89.35549
4159,2013-12-29 07:40:00,99.05122
4159,2013-12-29 07:50:00,89.71985
4159,2013-12-29 08:00:00,94.59261
4159,2013-12-29 08:10:00,100.67837
4159,2013-12-29 08:20:00,95.29033
4159,2013-12-29 08:30:00,93.72439
4159,2013-12-29 08:40:00,101.84922
4159,2013-12-29 08:50:00,99.074684
4159,2013-12-29 09:00:00,109.6105
4159,2013-12-29 09:10:00,106.71088
4159,2013-12-29 09:20:00,115.77307
4159,2013-12-29 09:30:00,128.1764
4159,2013-12-29 09:40:00,149.72693
4159,2013-12-29 09:50:00,118.549255
4159,2013-12-29 10:00:00,109.179115
4159,2013-12-29 10:10:00,115.69349
4159,2013-12-29 10:20:00,116.21081
4159,2013-12-29 10:30:00,116.6751
4159,2013-12-29 10:40:00,110.279816
4159,2013-12-29 10:50:00,132.55385
4159,2013-12-29 11:00:00,106.85718
4159,2013-12-29 11:10:00,112.33702
4159,2013-12-29 11:20:00,100.84308
4159,2013-12-29 11:30:00,89.88541
4159,2013-12-29 11:40:00,94.998726
4159,2013-12-29 11:50:00,84.28581
4159,2013-12-29 12:00:00,87.63555
4159,2013-12-29 12:10:00,86.51983
4159,2013-12-29 12:20:00,112.37824
4159,2013-12-29 12:30:00,80.74564
4159,2013-12-29 12:40:00,88.79265
4159,2013-12-29 12:50:00,86.87839
4159,2013-12-29 13:00:00,87.41554
4159,2013-12-29 13:10:00,86.28599
4159,2013-12-29 13:20:00,90.320114
4159,2013-12-29 13:30:00,82.36469
4159,2013-12-29 13:40:00,103.10728
4159,2013-12-29 13:50:00,94.31556
4159,2013-12-29 14:00:00,81.36959
4159,2013-12-29 14:10:00,123.68883
4159,2013-12-29 14:20:00,128.85161
4159,2013-12-29 14:30:00,117.92649
4159,2013-12-29 14:40:00,97.57896
4159,2013-12-29 14:50:00,113.03235
4159,2013-12-29 15:00:00,106.26932
4159,2013-12-29 15:10:00,99.82665
4159,2013-12-29 15:20:00,104.515396
4159,2013-12-29 15:30:00,109.5372
4159,2013-12-29 15:40:00,93.840935
4159,2013-12-29 15:50:00,95.18878
4159,2013-12-29 16:00:00,96.94654
4159,2013-12-29 16:10:00,104.033104
4159,2013-12-29 16:20:00,100.96352
4159,2013-12-29 16:30:00,106.32039
4159,2013-12-29 16:40:00,107.40337
4159,2013-12-29 16:50:00,103.48544
4159,2013-12-29 17:00:00,102.733864
4159,2013-12-29 17:10:00,100.66439
4159,2013-12-29 17:20:00,97.058205
4159,2013-12-29 17:30:00,102.47677
4159,2013-12-29 17:40:00,105.41148
4159,2013-12-29 17:50:00,95.70455
4159,2013-12-29 18:00:00,101.15456
4159,2013-12-29 18:10:00,109.80135
4159,2013-12-29 18:20:00,94.54586
4159,2013-12-29 18:30:00,103.092865
4159,2013-12-29 18:40:00,123.90149
4159,2013-12-29 18:50:00,128.05699
4159,2013-12-29 19:00:00,116.8241
4159,2013-12-29 19:10:00,128.72144
4159,2013-12-29 19:20:00,120.0036
4159,2013-12-29 19:30:00,118.38621
4159,2013-12-29 19:40:00,129.54727
4159,2013-12-29 19:50:00,122.26843
4159,2013-12-29 20:00:00,130.25186
4159,2013-12-29 20:10:00,121.81704
4159,2013-12-29 20:20:00,114.891785
4159,2013-12-29 20:30:00,106.711685
4159,2013-12-29 20:40:00,105.17876
4159,2013-12-29 20:50:00,97.91613
4159,2013-12-29 21:00:00,89.0337
4159,2013-12-29 21:10:00,95.76694
4159,2013-12-29 21:20:00,82.26987
4159,2013-12-29 21:30:00,86.251015
4159,2013-12-29 21:40:00,94.19458
4159,2013-12-29 21:50:00,83.87405
4159,2013-12-29 22:00:00,84.11639
4159,2013-12-29 22:10:00,98.111206
4159,2013-12-29 22:20:00,95.24581
4159,2013-12-29 22:30:00,92.13301
4159,2013-12-29 22:40:00,105.64974
4159,2013-12-29 22:50:00,103.49322
4159,2013-12-29 23:00:00,75.52852
4159,2013-12-29 23:10:00,82.22022
4159,2013-12-29 23:20:00,79.04312
4159,2013-12-29 23:30:00,68.40526
4159,2013-12-29 23:40:00,89.47916
4159,2013-12-29 23:50:00,77.97172
4159,2013-12-30 00:00:00,70.85664
4159,2013-12-30 00:10:00,77.657845
4159,2013-12-30 00:20:00,70.63095
4159,2013-12-30 00:30:00,65.5709
4159,2013-12-30 00:40:00,73.45029
4159,2013-12-30 00:50:00,65.62497
4159,2013-12-30 01:00:00,66.91815
4159,2013-12-30 01:10:00,62.976006
4159,2013-12-30 01:20:00,58.556183
4159,2013-12-30 01:30:00,53.77951
4159,2013-12-30 01:40:00,63.00851
4159,2013-12-30 01:50:00,59.380077
4159,2013-12-30 02:00:00,59.654594
4159,2013-12-30 02:10:00,59.653107
4159,2013-12-30 02:20:00,50.663326
4159,2013-12-30 02:30:00,59.884266
4159,2013-12-30 02:40:00,63.74227
4159,2013-12-30 02:50:00,55.535896
4159,2013-12-30 03:00:00,59.917244
4159,2013-12-30 03:10:00,59.9674
4159,2013-12-30 03:20:00,51.46106
4159,2013-12-30 03:30:00,58.10192
4159,2013-12-30 03:40:00,61.434814
4159,2013-12-30 03:50:00,53.512516
4159,2013-12-30 04:00:00,59.224487
4159,2013-12-30 04:10:00,59.365005
4159,2013-12-30 04:20:00,53.344193
4159,2013-12-30 04:30:00,59.72524
4159,2013-12-30 04:40:00,60.816265
4159,2013-12-30 04:50:00,55.13642
4159,2013-12-30 05:00:00,57.90332
4159,2013-12-30 05:10:00,64.76193
4159,2013-12-30 05:20:00,59.951298
4159,2013-12-30 05:30:00,67.64295
4159,2013-12-30 05:40:00,91.24045
4159,2013-12-30 05:50:00,70.70279
4159,2013-12-30 06:00:00,79.718796
4159,2013-12-30 06:10:00,76.41124
4159,2013-12-30 06:20:00,78.0481
4159,2013-12-30 06:30:00,86.54173
4159,2013-12-30 06:40:00,81.56639
4159,2013-12-30 06:50:00,94.36264
4159,2013-12-30 07:00:00,104.36166
4159,2013-12-30 07:10:00,115.97775
4159,2013-12-30 07:20:00,118.63886
4159,2013-12-30 07:30:00,112.91761
4159,2013-12-30 07:40:00,117.53753
4159,2013-12-30 07:50:00,143.86217
4159,2013-12-30 08:00:00,122.87949
4159,2013-12-30 08:10:00,153.63531
4159,2013-12-30 08:20:00,123.9205
4159,2013-12-30 08:30:00,116.73942
4159,2013-12-30 08:40:00,184.69356
4159,2013-12-30 08:50:00,157.8774
4159,2013-12-30 09:00:00,145.27121
4159,2013-12-30 09:10:00,157.18407
4159,2013-12-30 09:20:00,149.3912
4159,2013-12-30 09:30:00,150.43222
4159,2013-12-30 09:40:00,164.93085
4159,2013-12-30 09:50:00,159.41066
4159,2013-12-30 10:00:00,149.05504
4159,2013-12-30 10:10:00,158.71921
4159,2013-12-30 10:20:00,143.01883
4159,2013-12-30 10:30:00,162.91518
4159,2013-12-30 10:40:00,181.42351
4159,2013-12-30 10:50:00,174.8936
4159,2013-12-30 11:00:00,188.72182
4159,2013-12-30 11:10:00,187.48204
4159,2013-12-30 11:20:00,168.51363
4159,2013-12-30 11:30:00,209.20071
4159,2013-12-30 11:40:00,184.66455
4159,2013-12-30 11:50:00,149.68344
4159,2013-12-30 12:00:00,166.85442
4159,2013-12-30 12:10:00,162.56589
4159,2013-12-30 12:20:00,135.92476
4159,2013-12-30 12:30:00,140.2545
4159,2013-12-30 12:40:00,145.15942
4159,2013-12-30 12:50:00,160.32343
4159,2013-12-30 13:00:00,157.31555
4159,2013-12-30 13:10:00,162.63084
4159,2013-12-30 13:20:00,145.64806
4159,2013-12-30 13:30:00,196.52817
4159,2013-12-30 13:40:00,176.7554
4159,2013-12-30 13:50:00,156.51085
4159,2013-12-30 14:00:00,134.6748
4159,2013-12-30 14:10:00,141.07419
4159,2013-12-30 14:20:00,136.47467
4159,2013-12-30 14:30:00,128.093
4159,2013-12-30 14:40:00,139.3274
4159,2013-12-30 14:50:00,127.38064
4159,2013-12-30 15:00:00,152.68124
4159,2013-12-30 15:10:00,136.47852
4159,2013-12-30 15:20:00,146.93335
4159,2013-12-30 15:30:00,161.60736
4159,2013-12-30 15:40:00,133.80638
4159,2013-12-30 15:50:00,126.67141
4159,2013-12-30 16:00:00,146.01747
4159,2013-12-30 16:10:00,179.94472
4159,2013-12-30 16:20:00,157.99088
4159,2013-12-30 16:30:00,137.91672
4159,2013-12-30 16:40:00,129.70369
4159,2013-12-30 16:50:00,132.81264
4159,2013-12-30 17:00:00,128.65659
4159,2013-12-30 17:10:00,128.52315
4159,2013-12-30 17:20:00,129.8121
4159,2013-12-30 17:30:00,127.73798
4159,2013-12-30 17:40:00,115.921234
4159,2013-12-30 17:50:00,104.21212
4159,2013-12-30 18:00:00,113.44966
4159,2013-12-30 18:10:00,109.435356
4159,2013-12-30 18:20:00,92.37317
4159,2013-12-30 18:30:00,98.99831
4159,2013-12-30 18:40:00,110.53591
4159,2013-12-30 18:50:00,95.17589
4159,2013-12-30 19:00:00,130.9713
4159,2013-12-30 19:10:00,116.46684
4159,2013-12-30 19:20:00,115.77419
4159,2013-12-30 19:30:00,116.52038
4159,2013-12-30 19:40:00,116.7943
4159,2013-12-30 19:50:00,117.07433
4159,2013-12-30 20:00:00,112.07999
4159,2013-12-30 20:10:00,119.77057
4159,2013-12-30 20:20:00,108.67493
4159,2013-12-30 20:30:00,130.5962
4159,2013-12-30 20:40:00,127.052956
4159,2013-12-30 20:50:00,115.255196
4159,2013-12-30 21:00:00,95.7763
4159,2013-12-30 21:10:00,93.66009
4159,2013-12-30 21:20:00,103.18335
4159,2013-12-30 21:30:00,87.20052
4159,2013-12-30 21:40:00,134.84184
4159,2013-12-30 21:50:00,89.10607
4159,2013-12-30 22:00:00,83.87393
4159,2013-12-30 22:10:00,101.15318
4159,2013-12-30 22:20:00,95.5704
4159,2013-12-30 22:30:00,86.951324
4159,2013-12-30 22:40:00,111.5634
4159,2013-12-30 22:50:00,102.02475
4159,2013-12-30 23:00:00,87.77264
4159,2013-12-30 23:10:00,98.37834
4159,2013-12-30 23:20:00,90.81453
4159,2013-12-30 23:30:00,79.68546
4159,2013-12-30 23:40:00,78.66461
4159,2013-12-30 23:50:00,91.59882
4159,2013-12-31 00:00:00,61.725906
4159,2013-12-31 00:10:00,104.16493
4159,2013-12-31 00:20:00,98.659935
4159,2013-12-31 00:30:00,72.68849
4159,2013-12-31 00:40:00,84.87314
4159,2013-12-31 00:50:00,75.82844
4159,2013-12-31 01:00:00,57.8152
4159,2013-12-31 01:10:00,69.58498
4159,2013-12-31 01:20:00,64.81616
4159,2013-12-31 01:30:00,55.629066
4159,2013-12-31 01:40:00,69.22887
4159,2013-12-31 01:50:00,64.062096
4159,2013-12-31 02:00:00,55.510822
4159,2013-12-31 02:10:00,74.37102
4159,2013-12-31 02:20:00,60.391357
4159,2013-12-31 02:30:00,54.45738
4159,2013-12-31 02:40:00,72.259315
4159,2013-12-31 02:50:00,62.27146
4159,2013-12-31 03:00:00,56.21019
4159,2013-12-31 03:10:00,66.81021
4159,2013-12-31 03:20:00,57.473667
4159,2013-12-31 03:30:00,57.0591
4159,2013-12-31 03:40:00,67.15936
4159,2013-12-31 03:50:00,59.977848
4159,2013-12-31 04:00:00,47.625378
4159,2013-12-31 04:10:00,63.908817
4159,2013-12-31 04:20:00,56.38002
4159,2013-12-31 04:30:00,54.526375
4159,2013-12-31 04:40:00,63.492756
4159,2013-12-31 04:50:00,64.04007
4159,2013-12-31 05:00:00,53.85195
4159,2013-12-31 05:10:00,61.93784
4159,2013-12-31 05:20:00,66.619995
4159,2013-12-31 05:30:00,57.400513
4159,2013-12-31 05:40:00,70.43597
4159,2013-12-31 05:50:00,66.01566
4159,2013-12-31 06:00:00,63.61824
4159,2013-12-31 06:10:00,74.37982
4159,2013-12-31 06:20:00,63.22833
4159,2013-12-31 06:30:00,72.3482
4159,2013-12-31 06:40:00,89.092514
4159,2013-12-31 06:50:00,78.44577
4159,2013-12-31 07:00:00,97.946594
4159,2013-12-31 07:10:00,103.85379
4159,2013-12-31 07:20:00,96.2394
4159,2013-12-31 07:30:00,104.37002
4159,2013-12-31 07:40:00,108.92242
4159,2013-12-31 07:50:00,101.174866
4159,2013-12-31 08:00:00,96.118805
4159,2013-12-31 08:10:00,117.49409
4159,2013-12-31 08:20:00,130.30063
4159,2013-12-31 08:30:00,108.72962
4159,2013-12-31 08:40:00,134.53319
4159,2013-12-31 08:50:00,106.67988
4159,2013-12-31 09:00:00,112.64744
4159,2013-12-31 09:10:00,120.350975
4159,2013-12-31 09:20:00,138.13922
4159,2013-12-31 09:30:00,129.86577
4159,2013-12-31 09:40:00,149.64148
4159,2013-12-31 09:50:00,159.71767
4159,2013-12-31 10:00:00,129.58032
4159,2013-12-31 10:10:00,141.05212
4159,2013-12-31 10:20:00,123.23276
4159,2013-12-31 10:30:00,126.87713
4159,2013-12-31 10:40:00,128.56699
4159,2013-12-31 10:50:00,140.26772
4159,2013-12-31 11:00:00,119.126495
4159,2013-12-31 11:10:00,131.35327
4159,2013-12-31 11:20:00,122.90343
4159,2013-12-31 11:30:00,109.17366
4159,2013-12-31 11:40:00,125.8191
4159,2013-12-31 11:50:00,120.53283
4159,2013-12-31 12:00:00,116.09581
4159,2013-12-31 12:10:00,108.00681
4159,2013-12-31 12:20:00,108.90584
4159,2013-12-31 12:30:00,101.63268
4159,2013-12-31 12:40:00,98.7788
4159,2013-12-31 12:50:00,116.28274
4159,2013-12-31 13:00:00,107.415474
4159,2013-12-31 13:10:00,105.91082
4159,2013-12-31 13:20:00,119.244835
4159,2013-12-31 13:30:00,108.5927
4159,2013-12-31 13:40:00,119.36513
4159,2013-12-31 13:50:00,121.66843
4159,2013-12-31 14:00:00,117.54024
4159,2013-12-31 14:10:00,129.8449
4159,2013-12-31 14:20:00,127.08344
4159,2013-12-31 14:30:00,111.70045
4159,2013-12-31 14:40:00,124.25367
4159,2013-12-31 14:50:00,105.42723
4159,2013-12-31 15:00:00,85.92728
4159,2013-12-31 15:10:00,97.34849
4159,2013-12-31 15:20:00,110.934074
4159,2013-12-31 15:30:00,104.2107
4159,2013-12-31 15:40:00,98.61998
4159,2013-12-31 15:50:00,117.7484
4159,2013-12-31 16:00:00,113.16331
4159,2013-12-31 16:10:00,110.80981
4159,2013-12-31 16:20:00,101.270424
4159,2013-12-31 16:30:00,108.15487
4159,2013-12-31 16:40:00,110.82658
4159,2013-12-31 16:50:00,100.91413
4159,2013-12-31 17:00:00,95.91078
4159,2013-12-31 17:10:00,102.10342
4159,2013-12-31 17:20:00,100.02143
4159,2013-12-31 17:30:00,95.70159
4159,2013-12-31 17:40:00,117.680435
4159,2013-12-31 17:50:00,90.89719
4159,2013-12-31 18:00:00,114.58479
4159,2013-12-31 18:10:00,117.289474
4159,2013-12-31 18:20:00,104.02303
4159,2013-12-31 18:30:00,109.61324
4159,2013-12-31 18:40:00,131.36699
4159,2013-12-31 18:50:00,125.63557
4159,2013-12-31 19:00:00,129.9489
4159,2013-12-31 19:10:00,109.17113
4159,2013-12-31 19:20:00,99.14529
4159,2013-12-31 19:30:00,92.16195
4159,2013-12-31 19:40:00,101.40124
4159,2013-12-31 19:50:00,100.35134
4159,2013-12-31 20:00:00,114.15578
4159,2013-12-31 20:10:00,95.26285
4159,2013-12-31 20:20:00,110.54
4159,2013-12-31 20:30:00,102.75121
4159,2013-12-31 20:40:00,93.415276
4159,2013-12-31 20:50:00,104.96301
4159,2013-12-31 21:00:00,85.24252
4159,2013-12-31 21:10:00,103.9564
4159,2013-12-31 21:20:00,108.72953
4159,2013-12-31 21:30:00,91.17063
4159,2013-12-31 21:40:00,98.781235
4159,2013-12-31 21:50:00,89.36761
4159,2013-12-31 22:00:00,100.386734
4159,2013-12-31 22:10:00,102.30926
4159,2013-12-31 22:20:00,96.55297
4159,2013-12-31 22:30:00,107.58603
4159,2013-12-31 22:40:00,136.55228
4159,2013-12-31 22:50:00,128.29688
4159,2013-12-31 23:00:00,111.252426
4159,2013-12-31 23:10:00,116.41036
4159,2013-12-31 23:20:00,103.57503
4159,2013-12-31 23:30:00,126.60778
4159,2013-12-31 23:40:00,122.79068
4159,2013-12-31 23:50:00,115.90848
4159,2014-01-01 00:00:00,131.3682
4159,2014-01-01 00:10:00,148.58405
4159,2014-01-01 00:20:00,148.57457
4159,2014-01-01 00:30:00,147.23624
4159,2014-01-01 00:40:00,152.28275
4159,2014-01-01 00:50:00,175.14091
4159,2014-01-01 01:00:00,162.26253
4159,2014-01-01 01:10:00,162.29024
4159,2014-01-01 01:20:00,187.6806
4159,2014-01-01 01:30:00,171.3086
4159,2014-01-01 01:40:00,150.74419
4159,2014-01-01 01:50:00,139.10089
4159,2014-01-01 02:00:00,135.25644
4159,2014-01-01 02:10:00,135.93965
4159,2014-01-01 02:20:00,141.3421
4159,2014-01-01 02:30:00,134.85124
4159,2014-01-01 02:40:00,141.58913
4159,2014-01-01 02:50:00,117.14809
4159,2014-01-01 03:00:00,107.685135
4159,2014-01-01 03:10:00,126.35383
4159,2014-01-01 03:20:00,98.30851
4159,2014-01-01 03:30:00,103.919685
4159,2014-01-01 03:40:00,95.6032
4159,2014-01-01 03:50:00,96.29228
4159,2014-01-01 04:00:00,87.95007
4159,2014-01-01 04:10:00,91.32285
4159,2014-01-01 04:20:00,80.54649
4159,2014-01-01 04:30:00,82.92104
4159,2014-01-01 04:40:00,72.77301
4159,2014-01-01 04:50:00,71.96768
4159,2014-01-01 05:00:00,70.11096
4159,2014-01-01 05:10:00,68.70824
4159,2014-01-01 05:20:00,62.979916
4159,2014-01-01 05:30:00,67.159424
4159,2014-01-01 05:40:00,67.74747
4159,2014-01-01 05:50:00,60.280724
4159,2014-01-01 06:00:00,62.09293
4159,2014-01-01 06:10:00,60.69459
4159,2014-01-01 06:20:00,65.10919
4159,2014-01-01 06:30:00,61.877407
4159,2014-01-01 06:40:00,56.59588
4159,2014-01-01 06:50:00,54.314777
4159,2014-01-01 07:00:00,60.506664
4159,2014-01-01 07:10:00,58.238773
4159,2014-01-01 07:20:00,50.813137
4159,2014-01-01 07:30:00,55.011955
4159,2014-01-01 07:40:00,51.308533
4159,2014-01-01 07:50:00,51.38928
4159,2014-01-01 08:00:00,51.537415
4159,2014-01-01 08:10:00,47.263763
4159,2014-01-01 08:20:00,52.707256
4159,2014-01-01 08:30:00,61.906906
4159,2014-01-01 08:40:00,64.756065
4159,2014-01-01 08:50:00,78.08557
4159,2014-01-01 09:00:00,66.928665
4159,2014-01-01 09:10:00,73.978676
4159,2014-01-01 09:20:00,61.511036
4159,2014-01-01 09:30:00,67.20381
4159,2014-01-01 09:40:00,61.558495
4159,2014-01-01 09:50:00,67.86445
4159,2014-01-01 10:00:00,70.30685
4159,2014-01-01 10:10:00,65.481964
4159,2014-01-01 10:20:00,69.15982
4159,2014-01-01 10:30:00,70.23184
4159,2014-01-01 10:40:00,79.24543
4159,2014-01-01 10:50:00,79.787605
4159,2014-01-01 11:00:00,75.02015
4159,2014-01-01 11:10:00,72.391525
4159,2014-01-01 11:20:00,91.83704
4159,2014-01-01 11:30:00,79.14802
4159,2014-01-01 11:40:00,71.467545
4159,2014-01-01 11:50:00,78.610146
4159,2014-01-01 12:00:00,82.64996
4159,2014-01-01 12:10:00,78.29216
4159,2014-01-01 12:20:00,89.185455
4159,2014-01-01 12:30:00,82.969925
4159,2014-01-01 12:40:00,71.63667
4159,2014-01-01 12:50:00,78.726746
4159,2014-01-01 13:00:00,79.9775
4159,2014-01-01 13:10:00,80.284256
4159,2014-01-01 13:20:00,76.53496
4159,2014-01-01 13:30:00,83.749176
4159,2014-01-01 13:40:00,94.71072
4159,2014-01-01 13:50:00,93.59315
4159,2014-01-01 14:00:00,70.059715
4159,2014-01-01 14:10:00,84.48248
4159,2014-01-01 14:20:00,93.45042
4159,2014-01-01 14:30:00,77.388466
4159,2014-01-01 14:40:00,78.34815
4159,2014-01-01 14:50:00,77.22511
4159,2014-01-01 15:00:00,107.09999
4159,2014-01-01 15:10:00,81.12427
4159,2014-01-01 15:20:00,92.766365
4159,2014-01-01 15:30:00,82.089874
4159,2014-01-01 15:40:00,82.63605
4159,2014-01-01 15:50:00,94.75616
4159,2014-01-01 16:00:00,84.209694
4159,2014-01-01 16:10:00,122.06374
4159,2014-01-01 16:20:00,90.431526
4159,2014-01-01 16:30:00,96.931114
4159,2014-01-01 16:40:00,98.68623
4159,2014-01-01 16:50:00,110.11433
4159,2014-01-01 17:00:00,96.01724
4159,2014-01-01 17:10:00,95.09295
4159,2014-01-01 17:20:00,87.73948
4159,2014-01-01 17:30:00,83.24688
4159,2014-01-01 17:40:00,99.89233
4159,2014-01-01 17:50:00,94.45461
4159,2014-01-01 18:00:00,100.57483
4159,2014-01-01 18:10:00,102.10704
4159,2014-01-01 18:20:00,111.30244
4159,2014-01-01 18:30:00,102.117714
4159,2014-01-01 18:40:00,106.12349
4159,2014-01-01 18:50:00,81.013084
4159,2014-01-01 19:00:00,99.77792
4159,2014-01-01 19:10:00,90.26701
4159,2014-01-01 19:20:00,91.99913
4159,2014-01-01 19:30:00,103.2223
4159,2014-01-01 19:40:00,81.93551
4159,2014-01-01 19:50:00,82.42196
4159,2014-01-01 20:00:00,131.18152
4159,2014-01-01 20:10:00,83.92158
4159,2014-01-01 20:20:00,102.9329
4159,2014-01-01 20:30:00,107.047935
4159,2014-01-01 20:40:00,111.306564
4159,2014-01-01 20:50:00,108.85747
4159,2014-01-01 21:00:00,90.558495
4159,2014-01-01 21:10:00,99.41749
4159,2014-01-01 21:20:00,140.96892
4159,2014-01-01 21:30:00,132.67769
4159,2014-01-01 21:40:00,91.10845
4159,2014-01-01 21:50:00,106.067665
4159,2014-01-01 22:00:00,96.66514
4159,2014-01-01 22:10:00,94.39534
4159,2014-01-01 22:20:00,91.22781
4159,2014-01-01 22:30:00,86.749306
4159,2014-01-01 22:40:00,77.48619
4159,2014-01-01 22:50:00,103.57692
4556,2013-10-31 23:00:00,1134.6389
4556,2013-10-31 23:10:00,983.85626
4556,2013-10-31 23:20:00,998.1107
4556,2013-10-31 23:30:00,962.9543
4556,2013-10-31 23:40:00,935.78217
4556,2013-10-31 23:50:00,982.6596
4556,2013-11-01 00:00:00,1101.1825
4556,2013-11-01 00:10:00,833.3837
4556,2013-11-01 00:20:00,886.5671
4556,2013-11-01 00:30:00,871.99164
4556,2013-11-01 00:40:00,823.7918
4556,2013-11-01 00:50:00,678.20026
4556,2013-11-01 01:00:00,656.96497
4556,2013-11-01 01:10:00,611.19904
4556,2013-11-01 01:20:00,559.6664
4556,2013-11-01 01:30:00,482.23218
4556,2013-11-01 01:40:00,471.77176
4556,2013-11-01 01:50:00,498.20413
4556,2013-11-01 02:00:00,431.74332
4556,2013-11-01 02:10:00,385.02478
4556,2013-11-01 02:20:00,366.21338
4556,2013-11-01 02:30:00,366.9895
4556,2013-11-01 02:40:00,335.1529
4556,2013-11-01 02:50:00,369.97983
4556,2013-11-01 03:00:00,388.4384
4556,2013-11-01 03:10:00,471.39313
4556,2013-11-01 03:20:00,528.7848
4556,2013-11-01 03:30:00,341.87155
4556,2013-11-01 03:40:00,313.73407
4556,2013-11-01 03:50:00,322.86746
4556,2013-11-01 04:00:00,267.07254
4556,2013-11-01 04:10:00,289.00076
4556,2013-11-01 04:20:00,272.84384
4556,2013-11-01 04:30:00,258.1528
4556,2013-11-01 04:40:00,268.25168
4556,2013-11-01 04:50:00,357.4608
4556,2013-11-01 05:00:00,276.96756
4556,2013-11-01 05:10:00,313.56088
4556,2013-11-01 05:20:00,271.55115
4556,2013-11-01 05:30:00,219.02803
4556,2013-11-01 05:40:00,231.25917
4556,2013-11-01 05:50:00,256.4545
4556,2013-11-01 06:00:00,237.12685
4556,2013-11-01 06:10:00,257.88776
4556,2013-11-01 06:20:00,239.26897
4556,2013-11-01 06:30:00,263.23044
4556,2013-11-01 06:40:00,256.32898
4556,2013-11-01 06:50:00,238.80113
4556,2013-11-01 07:00:00,236.35065
4556,2013-11-01 07:10:00,254.98524
4556,2013-11-01 07:20:00,256.96997
4556,2013-11-01 07:30:00,278.4199
4556,2013-11-01 07:40:00,311.12326
4556,2013-11-01 07:50:00,321.21835
4556,2013-11-01 08:00:00,309.41812
4556,2013-11-01 08:10:00,328.53275
4556,2013-11-01 08:20:00,353.39432
4556,2013-11-01 08:30:00,312.78586
4556,2013-11-01 08:40:00,363.09973
4556,2013-11-01 08:50:00,410.04504
4556,2013-11-01 09:00:00,459.83942
4556,2013-11-01 09:10:00,577.66925
4556,2013-11-01 09:20:00,536.7073
4556,2013-11-01 09:30:00,510.8029
4556,2013-11-01 09:40:00,552.41205
4556,2013-11-01 09:50:00,507.7207
4556,2013-11-01 10:00:00,460.18582
4556,2013-11-01 10:10:00,478.8744
4556,2013-11-01 10:20:00,367.32455
4556,2013-11-01 10:30:00,422.99637
4556,2013-11-01 10:40:00,421.2009
4556,2013-11-01 10:50:00,510.44864
4556,2013-11-01 11:00:00,548.70514
4556,2013-11-01 11:10:00,535.8504
4556,2013-11-01 11:20:00,542.4752
4556,2013-11-01 11:30:00,512.2654
4556,2013-11-01 11:40:00,640.8708
4556,2013-11-01 11:50:00,586.544
4556,2013-11-01 12:00:00,507.3251
4556,2013-11-01 12:10:00,645.21
4556,2013-11-01 12:20:00,616.0712
4556,2013-11-01 12:30:00,557.32086
4556,2013-11-01 12:40:00,573.99255
4556,2013-11-01 12:50:00,588.02655
4556,2013-11-01 13:00:00,604.7973
4556,2013-11-01 13:10:00,623.5381
4556,2013-11-01 13:20:00,597.8563
4556,2013-11-01 13:30:00,565.27374
4556,2013-11-01 13:40:00,614.52545
4556,2013-11-01 13:50:00,575.0139
4556,2013-11-01 14:00:00,579.33875
4556,2013-11-01 14:10:00,676.88104
4556,2013-11-01 14:20:00,561.21124
4556,2013-11-01 14:30:00,504.32706
4556,2013-11-01 14:40:00,491.75504
4556,2013-11-01 14:50:00,519.6541
4556,2013-11-01 15:00:00,502.6472
4556,2013-11-01 15:10:00,579.77545
4556,2013-11-01 15:20:00,575.87744
4556,2013-11-01 15:30:00,495.42413
4556,2013-11-01 15:40:00,468.6535
4556,2013-11-01 15:50:00,636.6037
4556,2013-11-01 16:00:00,603.21857
4556,2013-11-01 16:10:00,591.6522
4556,2013-11-01 16:20:00,656.37067
4556,2013-11-01 16:30:00,541.1216
4556,2013-11-01 16:40:00,557.9487
4556,2013-11-01 16:50:00,680.03845
4556,2013-11-01 17:00:00,583.4141
4556,2013-11-01 17:10:00,591.5948
4556,2013-11-01 17:20:00,580.93494
4556,2013-11-01 17:30:00,597.14703
4556,2013-11-01 17:40:00,632.70306
4556,2013-11-01 17:50:00,694.5754
4556,2013-11-01 18:00:00,659.92725
4556,2013-11-01 18:10:00,1040.6173
4556,2013-11-01 18:20:00,864.3393
4556,2013-11-01 18:30:00,862.63135
4556,2013-11-01 18:40:00,872.17377
4556,2013-11-01 18:50:00,895.84674
4556,2013-11-01 19:00:00,1201.6896
4556,2013-11-01 19:10:00,925.5032
4556,2013-11-01 19:20:00,904.8897
4556,2013-11-01 19:30:00,904.41327
4556,2013-11-01 19:40:00,826.4824
4556,2013-11-01 19:50:00,817.152
4556,2013-11-01 20:00:00,940.36194
4556,2013-11-01 20:10:00,1012.25024
4556,2013-11-01 20:20:00,920.40405
4556,2013-11-01 20:30:00,1037.5647
4556,2013-11-01 20:40:00,1047.3918
4556,2013-11-01 20:50:00,930.3074
4556,2013-11-01 21:00:00,882.8736
4556,2013-11-01 21:10:00,1033.8507
4556,2013-11-01 21:20:00,946.3782
4556,2013-11-01 21:30:00,938.97906
4556,2013-11-01 21:40:00,1010.5541
4556,2013-11-01 21:50:00,833.33234
4556,2013-11-01 22:00:00,865.7205
4556,2013-11-01 22:10:00,924.0748
4556,2013-11-01 22:20:00,995.32166
4556,2013-11-01 22:30:00,994.45667
4556,2013-11-01 22:40:00,806.1698
4556,2013-11-01 22:50:00,881.0923
4556,2013-11-01 23:00:00,815.0538
4556,2013-11-01 23:10:00,751.12286
4556,2013-11-01 23:20:00,751.71735
4556,2013-11-01 23:30:00,885.61945
4556,2013-11-01 23:40:00,679.4345
4556,2013-11-01 23:50:00,850.24554
4556,2013-11-02 00:00:00,1020.3623
4556,2013-11-02 00:10:00,752.28564
4556,2013-11-02 00:20:00,629.16156
4556,2013-11-02 00:30:00,555.97394
4556,2013-11-02 00:40:00,650.0757
4556,2013-11-02 00:50:00,428.44534
4556,2013-11-02 01:00:00,628.8967
4556,2013-11-02 01:10:00,395.12003
4556,2013-11-02 01:20:00,391.008
4556,2013-11-02 01:30:00,429.88794
4556,2013-11-02 01:40:00,524.641
4556,2013-11-02 01:50:00,410.95602
4556,2013-11-02 02:00:00,456.6137
4556,2013-11-02 02:10:00,293.70456
4556,2013-11-02 02:20:00,259.09406
4556,2013-11-02 02:30:00,273.3365
4556,2013-11-02 02:40:00,280.8201
4556,2013-11-02 02:50:00,206.84563
4556,2013-11-02 03:00:00,249.90082
4556,2013-11-02 03:10:00,212.91772
4556,2013-11-02 03:20:00,221.77927
4556,2013-11-02 03:30:00,240.56082
4556,2013-11-02 03:40:00,211.27098
4556,2013-11-02 03:50:00,195.21071
4556,2013-11-02 04:00:00,209.26851
4556,2013-11-02 04:10:00,247.86287
4556,2013-11-02 04:20:00,190.94635
4556,2013-11-02 04:30:00,197.7349
4556,2013-11-02 04:40:00,184.43251
4556,2013-11-02 04:50:00,182.24025
4556,2013-11-02 05:00:00,191.03854
4556,2013-11-02 05:10:00,191.59198
4556,2013-11-02 05:20:00,199.87411
4556,2013-11-02 05:30:00,171.95769
4556,2013-11-02 05:40:00,189.86748
4556,2013-11-02 05:50:00,337.40723
4556,2013-11-02 06:00:00,197.23676
4556,2013-11-02 06:10:00,311.25824
4556,2013-11-02 06:20:00,203.3411
4556,2013-11-02 06:30:00,195.31075
4556,2013-11-02 06:40:00,230.08514
4556,2013-11-02 06:50:00,229.43536
4556,2013-11-02 07:00:00,225.8259
4556,2013-11-02 07:10:00,225.89444
4556,2013-11-02 07:20:00,332.5236
4556,2013-11-02 07:30:00,307.6148
4556,2013-11-02 07:40:00,239.94585
4556,2013-11-02 07:50:00,276.25638
4556,2013-11-02 08:00:00,317.3086
4556,2013-11-02 08:10:00,344.48602
4556,2013-11-02 08:20:00,499.35388
4556,2013-11-02 08:30:00,405.8578
4556,2013-11-02 08:40:00,367.0553
4556,2013-11-02 08:50:00,433.9324
4556,2013-11-02 09:00:00,456.82892
4556,2013-11-02 09:10:00,392.8257
4556,2013-11-02 09:20:00,439.04022
4556,2013-11-02 09:30:00,389.14688
4556,2013-11-02 09:40:00,470.03473
4556,2013-11-02 09:50:00,489.52692
4556,2013-11-02 10:00:00,465.81183
4556,2013-11-02 10:10:00,689.06
4556,2013-11-02 10:20:00,570.2763
4556,2013-11-02 10:30:00,584.791
4556,2013-11-02 10:40:00,703.3169
4556,2013-11-02 10:50:00,542.9974
4556,2013-11-02 11:00:00,642.0061
4556,2013-11-02 11:10:00,559.69507
4556,2013-11-02 11:20:00,635.7836
4556,2013-11-02 11:30:00,631.6396
4556,2013-11-02 11:40:00,626.6379
4556,2013-11-02 11:50:00,500.2147
4556,2013-11-02 12:00:00,534.2146
4556,2013-11-02 12:10:00,663.3637
4556,2013-11-02 12:20:00,638.5737
4556,2013-11-02 12:30:00,544.49817
4556,2013-11-02 12:40:00,537.5405
4556,2013-11-02 12:50:00,622.32007
4556,2013-11-02 13:00:00,601.4836
4556,2013-11-02 13:10:00,596.8621
4556,2013-11-02 13:20:00,666.788
4556,2013-11-02 13:30:00,687.17725
4556,2013-11-02 13:40:00,769.4373
4556,2013-11-02 13:50:00,698.4649
4556,2013-11-02 14:00:00,700.32605
4556,2013-11-02 14:10:00,680.39325
4556,2013-11-02 14:20:00,809.4556
4556,2013-11-02 14:30:00,705.4836
4556,2013-11-02 14:40:00,679.4265
4556,2013-11-02 14:50:00,661.4406
4556,2013-11-02 15:00:00,858.2469
4556,2013-11-02 15:10:00,703.9988
4556,2013-11-02 15:20:00,609.6479
4556,2013-11-02 15:30:00,582.8734
4556,2013-11-02 15:40:00,616.07983
4556,2013-11-02 15:50:00,673.4975
4556,2013-11-02 16:00:00,588.8001
4556,2013-11-02 16:10:00,511.7562
4556,2013-11-02 16:20:00,585.09485
4556,2013-11-02 16:30:00,611.5981
4556,2013-11-02 16:40:00,594.91516
4556,2013-11-02 16:50:00,646.97394
4556,2013-11-02 17:00:00,719.7951
4556,2013-11-02 17:10:00,891.7794
4556,2013-11-02 17:20:00,668.1126
4556,2013-11-02 17:30:00,823.75806
4556,2013-11-02 17:40:00,742.6107
4556,2013-11-02 17:50:00,825.8427
4556,2013-11-02 18:00:00,808.1967
4556,2013-11-02 18:10:00,848.3325
4556,2013-11-02 18:20:00,808.3447
4556,2013-11-02 18:30:00,872.3405
4556,2013-11-02 18:40:00,742.74506
4556,2013-11-02 18:50:00,994.68365
4556,2013-11-02 19:00:00,906.73773
4556,2013-11-02 19:10:00,830.5023
4556,2013-11-02 19:20:00,871.96075
4556,2013-11-02 19:30:00,910.5266
4556,2013-11-02 19:40:00,927.56665
4556,2013-11-02 19:50:00,998.9398
4556,2013-11-02 20:00:00,1000.23096
4556,2013-11-02 20:10:00,974.97974
4556,2013-11-02 20:20:00,978.88385
4556,2013-11-02 20:30:00,1090.6371
4556,2013-11-02 20:40:00,1031.2428
4556,2013-11-02 20:50:00,1026.2212
4556,2013-11-02 21:00:00,1153.7748
4556,2013-11-02 21:10:00,1220.0989
4556,2013-11-02 21:20:00,1199.2471
4556,2013-11-02 21:30:00,1180.9717
4556,2013-11-02 21:40:00,1314.3867
4556,2013-11-02 21:50:00,1007.0216
4556,2013-11-02 22:00:00,1133.1058
4556,2013-11-02 22:10:00,1120.2291
4556,2013-11-02 22:20:00,1141.1678
4556,2013-11-02 22:30:00,1379.0447
4556,2013-11-02 22:40:00,1284.8564
4556,2013-11-02 22:50:00,1120.635
4556,2013-11-02 23:00:00,1026.1387
4556,2013-11-02 23:10:00,1060.9622
4556,2013-11-02 23:20:00,1126.7205
4556,2013-11-02 23:30:00,923.2835
4556,2013-11-02 23:40:00,1014.6935
4556,2013-11-02 23:50:00,864.9072
4556,2013-11-03 00:00:00,933.07544
4556,2013-11-03 00:10:00,830.57214
4556,2013-11-03 00:20:00,645.77167
4556,2013-11-03 00:30:00,666.11694
4556,2013-11-03 00:40:00,658.4051
4556,2013-11-03 00:50:00,514.0496
4556,2013-11-03 01:00:00,561.59973
4556,2013-11-03 01:10:00,527.03
4556,2013-11-03 01:20:00,481.702
4556,2013-11-03 01:30:00,403.05377
4556,2013-11-03 01:40:00,397.38678
4556,2013-11-03 01:50:00,366.20892
4556,2013-11-03 02:00:00,332.10138
4556,2013-11-03 02:10:00,403.08603
4556,2013-11-03 02:20:00,328.52945
4556,2013-11-03 02:30:00,286.10086
4556,2013-11-03 02:40:00,313.60037
4556,2013-11-03 02:50:00,271.33755
4556,2013-11-03 03:00:00,269.102
4556,2013-11-03 03:10:00,256.6137
4556,2013-11-03 03:20:00,250.97621
4556,2013-11-03 03:30:00,242.00842
4556,2013-11-03 03:40:00,266.83768
4556,2013-11-03 03:50:00,253.7046
4556,2013-11-03 04:00:00,239.16405
4556,2013-11-03 04:10:00,221.51746
4556,2013-11-03 04:20:00,206.334
4556,2013-11-03 04:30:00,219.33482
4556,2013-11-03 04:40:00,211.97113
4556,2013-11-03 04:50:00,219.0234
4556,2013-11-03 05:00:00,222.94417
4556,2013-11-03 05:10:00,216.46501
4556,2013-11-03 05:20:00,184.13927
4556,2013-11-03 05:30:00,192.46793
4556,2013-11-03 05:40:00,202.5997
4556,2013-11-03 05:50:00,209.57213
4556,2013-11-03 06:00:00,211.40205
4556,2013-11-03 06:10:00,202.28134
4556,2013-11-03 06:20:00,181.8046
4556,2013-11-03 06:30:00,179.60532
4556,2013-11-03 06:40:00,208.9708
4556,2013-11-03 06:50:00,172.53062
4556,2013-11-03 07:00:00,205.91727
4556,2013-11-03 07:10:00,214.89127
4556,2013-11-03 07:20:00,221.51164
4556,2013-11-03 07:30:00,225.70193
4556,2013-11-03 07:40:00,245.71393
4556,2013-11-03 07:50:00,227.56212
4556,2013-11-03 08:00:00,365.94745
4556,2013-11-03 08:10:00,340.952
4556,2013-11-03 08:20:00,269.9966
4556,2013-11-03 08:30:00,332.2921
4556,2013-11-03 08:40:00,355.95764
4556,2013-11-03 08:50:00,323.98495
4556,2013-11-03 09:00:00,326.0132
4556,2013-11-03 09:10:00,324.84424
4556,2013-11-03 09:20:00,289.58566
4556,2013-11-03 09:30:00,448.58218
4556,2013-11-03 09:40:00,418.12656
4556,2013-11-03 09:50:00,483.73325
4556,2013-11-03 10:00:00,496.77374
4556,2013-11-03 10:10:00,444.85748
4556,2013-11-03 10:20:00,649.0666
4556,2013-11-03 10:30:00,791.24506
4556,2013-11-03 10:40:00,630.4307
4556,2013-11-03 10:50:00,513.9809
4556,2013-11-03 11:00:00,467.69702
4556,2013-11-03 11:10:00,504.2128
4556,2013-11-03 11:20:00,491.74332
4556,2013-11-03 11:30:00,559.62616
4556,2013-11-03 11:40:00,410.55084
4556,2013-11-03 11:50:00,462.45563
4556,2013-11-03 12:00:00,475.50436
4556,2013-11-03 12:10:00,491.44443
4556,2013-11-03 12:20:00,595.5429
4556,2013-11-03 12:30:00,456.94302
4556,2013-11-03 12:40:00,573.7684
4556,2013-11-03 12:50:00,599.3377
4556,2013-11-03 13:00:00,604.63464
4556,2013-11-03 13:10:00,799.14136
4556,2013-11-03 13:20:00,608.89044
4556,2013-11-03 13:30:00,547.7826
4556,2013-11-03 13:40:00,612.02484
4556,2013-11-03 13:50:00,655.0181
4556,2013-11-03 14:00:00,759.6472
4556,2013-11-03 14:10:00,860.7951
4556,2013-11-03 14:20:00,675.5195
4556,2013-11-03 14:30:00,670.27344
4556,2013-11-03 14:40:00,643.84686
4556,2013-11-03 14:50:00,744.91425
4556,2013-11-03 15:00:00,651.4072
4556,2013-11-03 15:10:00,594.83405
4556,2013-11-03 15:20:00,504.72586
4556,2013-11-03 15:30:00,599.6979
4556,2013-11-03 15:40:00,558.59924
4556,2013-11-03 15:50:00,537.7267
4556,2013-11-03 16:00:00,584.1611
4556,2013-11-03 16:10:00,603.93054
4556,2013-11-03 16:20:00,559.57715
4556,2013-11-03 16:30:00,610.3976
4556,2013-11-03 16:40:00,664.3767
4556,2013-11-03 16:50:00,841.6248
4556,2013-11-03 17:00:00,524.823
4556,2013-11-03 17:10:00,610.5709
4556,2013-11-03 17:20:00,715.2263
4556,2013-11-03 17:30:00,720.5719
4556,2013-11-03 17:40:00,910.72375
4556,2013-11-03 17:50:00,653.8407
4556,2013-11-03 18:00:00,828.6316
4556,2013-11-03 18:10:00,717.7952
4556,2013-11-03 18:20:00,792.0959
4556,2013-11-03 18:30:00,652.85785
4556,2013-11-03 18:40:00,705.79065
4556,2013-11-03 18:50:00,863.5998
4556,2013-11-03 19:00:00,829.40454
4556,2013-11-03 19:10:00,690.356
4556,2013-11-03 19:20:00,898.3193
4556,2013-11-03 19:30:00,857.8765
4556,2013-11-03 19:40:00,831.01514
4556,2013-11-03 19:50:00,901.3045
4556,2013-11-03 20:00:00,901.6947
4556,2013-11-03 20:10:00,922.239
4556,2013-11-03 20:20:00,971.3796
4556,2013-11-03 20:30:00,996.9074
4556,2013-11-03 20:40:00,972.9602
4556,2013-11-03 20:50:00,1091.7793
4556,2013-11-03 21:00:00,1159.483
4556,2013-11-03 21:10:00,829.24664
4556,2013-11-03 21:20:00,1019.9218
4556,2013-11-03 21:30:00,1155.2272
4556,2013-11-03 21:40:00,790.0768
4556,2013-11-03 21:50:00,688.43835
4556,2013-11-03 22:00:00,730.20526
4556,2013-11-03 22:10:00,699.8409
4556,2013-11-03 22:20:00,593.1537
4556,2013-11-03 22:30:00,597.1803
4556,2013-11-03 22:40:00,686.3452
4556,2013-11-03 22:50:00,539.68866
4556,2013-11-03 23:00:00,570.9203
4556,2013-11-03 23:10:00,537.1142
4556,2013-11-03 23:20:00,522.12286
4556,2013-11-03 23:30:00,472.54758
4556,2013-11-03 23:40:00,495.2796
4556,2013-11-03 23:50:00,492.8297
4556,2013-11-04 00:00:00,483.08295
4556,2013-11-04 00:10:00,404.85898
4556,2013-11-04 00:20:00,436.63422
4556,2013-11-04 00:30:00,397.86597
4556,2013-11-04 00:40:00,448.1913
4556,2013-11-04 00:50:00,379.25616
4556,2013-11-04 01:00:00,351.49484
4556,2013-11-04 01:10:00,350.22733
4556,2013-11-04 01:20:00,310.02112
4556,2013-11-04 01:30:00,346.73135
4556,2013-11-04 01:40:00,327.9292
4556,2013-11-04 01:50:00,307.96573
4556,2013-11-04 02:00:00,287.76318
4556,2013-11-04 02:10:00,278.6145
4556,2013-11-04 02:20:00,274.97275
4556,2013-11-04 02:30:00,289.86325
4556,2013-11-04 02:40:00,300.8668
4556,2013-11-04 02:50:00,262.03012
4556,2013-11-04 03:00:00,264.11584
4556,2013-11-04 03:10:00,254.65016
4556,2013-11-04 03:20:00,237.23639
4556,2013-11-04 03:30:00,259.61783
4556,2013-11-04 03:40:00,261.77893
4556,2013-11-04 03:50:00,228.5419
4556,2013-11-04 04:00:00,242.48486
4556,2013-11-04 04:10:00,235.89828
4556,2013-11-04 04:20:00,227.71854
4556,2013-11-04 04:30:00,243.1741
4556,2013-11-04 04:40:00,230.48341
4556,2013-11-04 04:50:00,224.4442
4556,2013-11-04 05:00:00,241.55241
4556,2013-11-04 05:10:00,250.10173
4556,2013-11-04 05:20:00,227.59991
4556,2013-11-04 05:30:00,250.88515
4556,2013-11-04 05:40:00,224.30647
4556,2013-11-04 05:50:00,260.77957
4556,2013-11-04 06:00:00,259.63147
4556,2013-11-04 06:10:00,300.3098
4556,2013-11-04 06:20:00,316.64453
4556,2013-11-04 06:30:00,344.45975
4556,2013-11-04 06:40:00,394.9655
4556,2013-11-04 06:50:00,427.48343
4556,2013-11-04 07:00:00,377.33392
4556,2013-11-04 07:10:00,444.53122
4556,2013-11-04 07:20:00,459.48813
4556,2013-11-04 07:30:00,513.35583
4556,2013-11-04 07:40:00,545.4659
4556,2013-11-04 07:50:00,537.8871
4556,2013-11-04 08:00:00,432.05054
4556,2013-11-04 08:10:00,434.3842
4556,2013-11-04 08:20:00,563.3055
4556,2013-11-04 08:30:00,537.85815
4556,2013-11-04 08:40:00,550.9961
4556,2013-11-04 08:50:00,661.298
4556,2013-11-04 09:00:00,518.5372
4556,2013-11-04 09:10:00,514.3719
4556,2013-11-04 09:20:00,469.38348
4556,2013-11-04 09:30:00,509.17493
4556,2013-11-04 09:40:00,570.90796
4556,2013-11-04 09:50:00,501.15283
4556,2013-11-04 10:00:00,693.79065
4556,2013-11-04 10:10:00,656.5576
4556,2013-11-04 10:20:00,474.27362
4556,2013-11-04 10:30:00,398.91245
4556,2013-11-04 10:40:00,460.69394
4556,2013-11-04 10:50:00,532.52374
4556,2013-11-04 11:00:00,429.21368
4556,2013-11-04 11:10:00,462.70602
4556,2013-11-04 11:20:00,523.9573
4556,2013-11-04 11:30:00,421.3648
4556,2013-11-04 11:40:00,451.0076
4556,2013-11-04 11:50:00,466.4675
4556,2013-11-04 12:00:00,515.36847
4556,2013-11-04 12:10:00,572.54913
4556,2013-11-04 12:20:00,491.97504
4556,2013-11-04 12:30:00,516.66174
4556,2013-11-04 12:40:00,563.1137
4556,2013-11-04 12:50:00,505.20868
4556,2013-11-04 13:00:00,572.0526
4556,2013-11-04 13:10:00,538.80334
4556,2013-11-04 13:20:00,542.15125
4556,2013-11-04 13:30:00,547.59326
4556,2013-11-04 13:40:00,491.15396
4556,2013-11-04 13:50:00,529.26166
4556,2013-11-04 14:00:00,534.06665
4556,2013-11-04 14:10:00,493.97122
4556,2013-11-04 14:20:00,470.3391
4556,2013-11-04 14:30:00,510.06598
4556,2013-11-04 14:40:00,530.22076
4556,2013-11-04 14:50:00,560.8539
4556,2013-11-04 15:00:00,493.36545
4556,2013-11-04 15:10:00,560.73224
4556,2013-11-04 15:20:00,631.6749
4556,2013-11-04 15:30:00,552.0092
4556,2013-11-04 15:40:00,543.3527
4556,2013-11-04 15:50:00,631.1802
4556,2013-11-04 16:00:00,540.0059
4556,2013-11-04 16:10:00,543.9486
4556,2013-11-04 16:20:00,568.7182
4556,2013-11-04 16:30:00,548.3742
4556,2013-11-04 16:40:00,604.4461
4556,2013-11-04 16:50:00,616.0871
4556,2013-11-04 17:00:00,751.69006
4556,2013-11-04 17:10:00,584.2192
4556,2013-11-04 17:20:00,747.28125
4556,2013-11-04 17:30:00,931.9112
4556,2013-11-04 17:40:00,665.13477
4556,2013-11-04 17:50:00,850.79517
4556,2013-11-04 18:00:00,722.59247
4556,2013-11-04 18:10:00,575.54486
4556,2013-11-04 18:20:00,605.6845
4556,2013-11-04 18:30:00,797.3802
4556,2013-11-04 18:40:00,779.4353
4556,2013-11-04 18:50:00,801.2943
4556,2013-11-04 19:00:00,837.69244
4556,2013-11-04 19:10:00,709.07776
4556,2013-11-04 19:20:00,721.24963
4556,2013-11-04 19:30:00,793.91736
4556,2013-11-04 19:40:00,779.42865
4556,2013-11-04 19:50:00,737.9071
4556,2013-11-04 20:00:00,864.87146
4556,2013-11-04 20:10:00,786.95074
4556,2013-11-04 20:20:00,904.9337
4556,2013-11-04 20:30:00,755.1828
4556,2013-11-04 20:40:00,979.1908
4556,2013-11-04 20:50:00,960.9139
4556,2013-11-04 21:00:00,860.3916
4556,2013-11-04 21:10:00,743.8288
4556,2013-11-04 21:20:00,866.34827
4556,2013-11-04 21:30:00,843.6987
4556,2013-11-04 21:40:00,832.74255
4556,2013-11-04 21:50:00,679.15826
4556,2013-11-04 22:00:00,586.69147
4556,2013-11-04 22:10:00,643.18164
4556,2013-11-04 22:20:00,551.7035
4556,2013-11-04 22:30:00,582.5565
4556,2013-11-04 22:40:00,561.48175
4556,2013-11-04 22:50:00,538.9766
4556,2013-11-04 23:00:00,501.58286
4556,2013-11-04 23:10:00,512.5154
4556,2013-11-04 23:20:00,480.9055
4556,2013-11-04 23:30:00,526.3264
4556,2013-11-04 23:40:00,432.932
4556,2013-11-04 23:50:00,472.62094
4556,2013-11-05 00:00:00,466.19373
4556,2013-11-05 00:10:00,449.41223
4556,2013-11-05 00:20:00,521.4155
4556,2013-11-05 00:30:00,602.1291
4556,2013-11-05 00:40:00,340.28775
4556,2013-11-05 00:50:00,346.47122
4556,2013-11-05 01:00:00,302.3253
4556,2013-11-05 01:10:00,296.18332
4556,2013-11-05 01:20:00,280.04617
4556,2013-11-05 01:30:00,252.63777
4556,2013-11-05 01:40:00,266.2803
4556,2013-11-05 01:50:00,262.5535
4556,2013-11-05 02:00:00,269.76083
4556,2013-11-05 02:10:00,247.46562
4556,2013-11-05 02:20:00,231.98203
4556,2013-11-05 02:30:00,330.26547
4556,2013-11-05 02:40:00,216.99474
4556,2013-11-05 02:50:00,223.26619
4556,2013-11-05 03:00:00,220.45863
4556,2013-11-05 03:10:00,214.37201
4556,2013-11-05 03:20:00,207.89757
4556,2013-11-05 03:30:00,224.39812
4556,2013-11-05 03:40:00,204.45761
4556,2013-11-05 03:50:00,206.8118
4556,2013-11-05 04:00:00,204.32486
4556,2013-11-05 04:10:00,211.21269
4556,2013-11-05 04:20:00,194.37695
4556,2013-11-05 04:30:00,206.60416
4556,2013-11-05 04:40:00,211.59366
4556,2013-11-05 04:50:00,204.2886
4556,2013-11-05 05:00:00,219.03242
4556,2013-11-05 05:10:00,220.65126
4556,2013-11-05 05:20:00,226.5474
4556,2013-11-05 05:30:00,228.40274
4556,2013-11-05 05:40:00,278.62753
4556,2013-11-05 05:50:00,253.82994
4556,2013-11-05 06:00:00,325.10492
4556,2013-11-05 06:10:00,341.12436
4556,2013-11-05 06:20:00,313.8194
4556,2013-11-05 06:30:00,352.95264
4556,2013-11-05 06:40:00,475.79578
4556,2013-11-05 06:50:00,444.42523
4556,2013-11-05 07:00:00,499.88928
4556,2013-11-05 07:10:00,521.2887
4556,2013-11-05 07:20:00,493.7338
4556,2013-11-05 07:30:00,478.55624
4556,2013-11-05 07:40:00,475.06586
4556,2013-11-05 07:50:00,515.2303
4556,2013-11-05 08:00:00,487.95636
4556,2013-11-05 08:10:00,648.2495
4556,2013-11-05 08:20:00,471.3361
4556,2013-11-05 08:30:00,574.39014
4556,2013-11-05 08:40:00,529.6848
4556,2013-11-05 08:50:00,925.71674
4556,2013-11-05 09:00:00,664.74304
4556,2013-11-05 09:10:00,469.81403
4556,2013-11-05 09:20:00,495.23007
4556,2013-11-05 09:30:00,505.40353
4556,2013-11-05 09:40:00,499.53995
4556,2013-11-05 09:50:00,448.94446
4556,2013-11-05 10:00:00,581.38464
4556,2013-11-05 10:10:00,608.65857
4556,2013-11-05 10:20:00,504.32516
4556,2013-11-05 10:30:00,560.4411
4556,2013-11-05 10:40:00,520.42224
4556,2013-11-05 10:50:00,488.54504
4556,2013-11-05 11:00:00,516.2945
4556,2013-11-05 11:10:00,477.56827
4556,2013-11-05 11:20:00,516.85785
4556,2013-11-05 11:30:00,526.36035
4556,2013-11-05 11:40:00,594.4611
4556,2013-11-05 11:50:00,558.3602
4556,2013-11-05 12:00:00,667.7125
4556,2013-11-05 12:10:00,581.5405
4556,2013-11-05 12:20:00,666.65814
4556,2013-11-05 12:30:00,559.10645
4556,2013-11-05 12:40:00,558.7159
4556,2013-11-05 12:50:00,709.0355
4556,2013-11-05 13:00:00,586.0902
4556,2013-11-05 13:10:00,648.3615
4556,2013-11-05 13:20:00,642.66565
4556,2013-11-05 13:30:00,579.59906
4556,2013-11-05 13:40:00,597.79565
4556,2013-11-05 13:50:00,607.27325
4556,2013-11-05 14:00:00,791.3613
4556,2013-11-05 14:10:00,757.1302
4556,2013-11-05 14:20:00,530.83105
4556,2013-11-05 14:30:00,552.28394
4556,2013-11-05 14:40:00,529.1717
4556,2013-11-05 14:50:00,534.58997
4556,2013-11-05 15:00:00,581.2918
4556,2013-11-05 15:10:00,610.33105
4556,2013-11-05 15:20:00,559.1905
4556,2013-11-05 15:30:00,514.4878
4556,2013-11-05 15:40:00,602.0631
4556,2013-11-05 15:50:00,548.745
4556,2013-11-05 16:00:00,596.20624
4556,2013-11-05 16:10:00,591.10736
4556,2013-11-05 16:20:00,512.4996
4556,2013-11-05 16:30:00,751.8044
4556,2013-11-05 16:40:00,667.2544
4556,2013-11-05 16:50:00,686.3492
4556,2013-11-05 17:00:00,735.90985
4556,2013-11-05 17:10:00,720.1814
4556,2013-11-05 17:20:00,691.99023
4556,2013-11-05 17:30:00,783.4544
4556,2013-11-05 17:40:00,728.7013
4556,2013-11-05 17:50:00,746.83624
4556,2013-11-05 18:00:00,654.06396
4556,2013-11-05 18:10:00,778.9727
4556,2013-11-05 18:20:00,610.61346
4556,2013-11-05 18:30:00,650.43713
4556,2013-11-05 18:40:00,782.8794
4556,2013-11-05 18:50:00,596.47424
4556,2013-11-05 19:00:00,964.5949
4556,2013-11-05 19:10:00,698.0202
4556,2013-11-05 19:20:00,772.8553
4556,2013-11-05 19:30:00,947.5065
4556,2013-11-05 19:40:00,966.2139
4556,2013-11-05 19:50:00,876.4478
4556,2013-11-05 20:00:00,1022.6164
4556,2013-11-05 20:10:00,803.8584
4556,2013-11-05 20:20:00,999.56195
4556,2013-11-05 20:30:00,1063.5187
4556,2013-11-05 20:40:00,1172.9309
4556,2013-11-05 20:50:00,935.121
4556,2013-11-05 21:00:00,1156.3364
4556,2013-11-05 21:10:00,1083.9719
4556,2013-11-05 21:20:00,1192.9417
4556,2013-11-05 21:30:00,1225.4783
4556,2013-11-05 21:40:00,948.1196
4556,2013-11-05 21:50:00,808.52527
4556,2013-11-05 22:00:00,824.6469
4556,2013-11-05 22:10:00,838.02997
4556,2013-11-05 22:20:00,782.66254
4556,2013-11-05 22:30:00,773.5405
4556,2013-11-05 22:40:00,869.68854
4556,2013-11-05 22:50:00,628.1809
4556,2013-11-05 23:00:00,631.76697
4556,2013-11-05 23:10:00,770.40106
4556,2013-11-05 23:20:00,597.142
4556,2013-11-05 23:30:00,612.4909
4556,2013-11-05 23:40:00,529.31323
4556,2013-11-05 23:50:00,435.2607
4556,2013-11-06 00:00:00,473.37006
4556,2013-11-06 00:10:00,435.7528
4556,2013-11-06 00:20:00,462.2177
4556,2013-11-06 00:30:00,364.55795
4556,2013-11-06 00:40:00,417.12622
4556,2013-11-06 00:50:00,374.1555
4556,2013-11-06 01:00:00,356.4629
4556,2013-11-06 01:10:00,356.6786
4556,2013-11-06 01:20:00,327.06003
4556,2013-11-06 01:30:00,298.8496
4556,2013-11-06 01:40:00,296.3365
4556,2013-11-06 01:50:00,290.24152
4556,2013-11-06 02:00:00,284.47757
4556,2013-11-06 02:10:00,276.9189
4556,2013-11-06 02:20:00,262.69864
4556,2013-11-06 02:30:00,272.04092
4556,2013-11-06 02:40:00,269.35095
4556,2013-11-06 02:50:00,227.89828
4556,2013-11-06 03:00:00,241.28008
4556,2013-11-06 03:10:00,249.59357
4556,2013-11-06 03:20:00,218.40225
4556,2013-11-06 03:30:00,227.89865
4556,2013-11-06 03:40:00,229.4449
4556,2013-11-06 03:50:00,237.05908
4556,2013-11-06 04:00:00,228.5056
4556,2013-11-06 04:10:00,233.40721
4556,2013-11-06 04:20:00,240.47166
4556,2013-11-06 04:30:00,266.8186
4556,2013-11-06 04:40:00,224.75838
4556,2013-11-06 04:50:00,249.60744
4556,2013-11-06 05:00:00,268.69513
4556,2013-11-06 05:10:00,258.3685
4556,2013-11-06 05:20:00,300.78302
4556,2013-11-06 05:30:00,270.69205
4556,2013-11-06 05:40:00,275.36847
4556,2013-11-06 05:50:00,290.91296
4556,2013-11-06 06:00:00,279.70236
4556,2013-11-06 06:10:00,307.5142
4556,2013-11-06 06:20:00,382.74152
4556,2013-11-06 06:30:00,547.2754
4556,2013-11-06 06:40:00,601.67926
4556,2013-11-06 06:50:00,440.60095
4556,2013-11-06 07:00:00,518.88806
4556,2013-11-06 07:10:00,601.7264
4556,2013-11-06 07:20:00,567.8521
4556,2013-11-06 07:30:00,625.96234
4556,2013-11-06 07:40:00,545.5726
4556,2013-11-06 07:50:00,505.6766
4556,2013-11-06 08:00:00,575.5918
4556,2013-11-06 08:10:00,714.9488
4556,2013-11-06 08:20:00,478.37653
4556,2013-11-06 08:30:00,498.86728
4556,2013-11-06 08:40:00,707.9326
4556,2013-11-06 08:50:00,504.99414
4556,2013-11-06 09:00:00,504.53964
4556,2013-11-06 09:10:00,611.3336
4556,2013-11-06 09:20:00,543.351
4556,2013-11-06 09:30:00,444.19247
4556,2013-11-06 09:40:00,489.07803
4556,2013-11-06 09:50:00,483.48294
4556,2013-11-06 10:00:00,592.42914
4556,2013-11-06 10:10:00,560.52344
4556,2013-11-06 10:20:00,484.85706
4556,2013-11-06 10:30:00,505.42123
4556,2013-11-06 10:40:00,501.3205
4556,2013-11-06 10:50:00,606.6832
4556,2013-11-06 11:00:00,460.45013
4556,2013-11-06 11:10:00,516.19415
4556,2013-11-06 11:20:00,526.9107
4556,2013-11-06 11:30:00,567.26465
4556,2013-11-06 11:40:00,569.81146
4556,2013-11-06 11:50:00,540.61707
4556,2013-11-06 12:00:00,575.032
4556,2013-11-06 12:10:00,512.5011
4556,2013-11-06 12:20:00,715.3244
4556,2013-11-06 12:30:00,704.4996
4556,2013-11-06 12:40:00,595.8432
4556,2013-11-06 12:50:00,619.82306
4556,2013-11-06 13:00:00,662.9136
4556,2013-11-06 13:10:00,794.82916
4556,2013-11-06 13:20:00,653.9686
4556,2013-11-06 13:30:00,602.3429
4556,2013-11-06 13:40:00,598.0989
4556,2013-11-06 13:50:00,648.4417
4556,2013-11-06 14:00:00,714.82825
4556,2013-11-06 14:10:00,656.18146
4556,2013-11-06 14:20:00,593.036
4556,2013-11-06 14:30:00,638.88
4556,2013-11-06 14:40:00,642.7024
4556,2013-11-06 14:50:00,617.4073
4556,2013-11-06 15:00:00,631.97125
4556,2013-11-06 15:10:00,621.46893
4556,2013-11-06 15:20:00,599.505
4556,2013-11-06 15:30:00,585.8383
4556,2013-11-06 15:40:00,622.9625
4556,2013-11-06 15:50:00,573.8923
4556,2013-11-06 16:00:00,559.01685
4556,2013-11-06 16:10:00,579.0905
4556,2013-11-06 16:20:00,579.80414
4556,2013-11-06 16:30:00,591.8003
4556,2013-11-06 16:40:00,609.1231
4556,2013-11-06 16:50:00,640.8052
4556,2013-11-06 17:00:00,612.8985
4556,2013-11-06 17:10:00,688.6217
4556,2013-11-06 17:20:00,714.74963
4556,2013-11-06 17:30:00,835.5673
4556,2013-11-06 17:40:00,977.44324
4556,2013-11-06 17:50:00,649.8828
4556,2013-11-06 18:00:00,712.3362
4556,2013-11-06 18:10:00,768.58704
4556,2013-11-06 18:20:00,824.0182
4556,2013-11-06 18:30:00,761.0441
4556,2013-11-06 18:40:00,821.13367
4556,2013-11-06 18:50:00,878.7266
4556,2013-11-06 19:00:00,843.9637
4556,2013-11-06 19:10:00,780.46625
4556,2013-11-06 19:20:00,879.5577
4556,2013-11-06 19:30:00,970.2015
4556,2013-11-06 19:40:00,1157.0391
4556,2013-11-06 19:50:00,1037.4656
4556,2013-11-06 20:00:00,1016.5046
4556,2013-11-06 20:10:00,1084.3218
4556,2013-11-06 20:20:00,938.5587
4556,2013-11-06 20:30:00,1033.8351
4556,2013-11-06 20:40:00,970.6224
4556,2013-11-06 20:50:00,936.5676
4556,2013-11-06 21:00:00,961.62427
4556,2013-11-06 21:10:00,1125.8345
4556,2013-11-06 21:20:00,1007.45905
4556,2013-11-06 21:30:00,1102.475
4556,2013-11-06 21:40:00,1124.9952
4556,2013-11-06 21:50:00,969.8584
4556,2013-11-06 22:00:00,940.5489
4556,2013-11-06 22:10:00,890.9559
4556,2013-11-06 22:20:00,757.3818
4556,2013-11-06 22:30:00,926.30316
4556,2013-11-06 22:40:00,684.73975
4556,2013-11-06 22:50:00,820.99274
4556,2013-11-06 23:00:00,674.71655
4556,2013-11-06 23:10:00,603.74493
4556,2013-11-06 23:20:00,700.68823
4556,2013-11-06 23:30:00,602.0793
4556,2013-11-06 23:40:00,570.70776
4556,2013-11-06 23:50:00,570.3702
4556,2013-11-07 00:00:00,498.28082
4556,2013-11-07 00:10:00,467.59073
4556,2013-11-07 00:20:00,446.46143
4556,2013-11-07 00:30:00,485.64343
4556,2013-11-07 00:40:00,401.69595
4556,2013-11-07 00:50:00,377.50018
4556,2013-11-07 01:00:00,397.40005
4556,2013-11-07 01:10:00,354.99643
4556,2013-11-07 01:20:00,349.8954
4556,2013-11-07 01:30:00,372.2871
4556,2013-11-07 01:40:00,353.0065
4556,2013-11-07 01:50:00,344.5306
4556,2013-11-07 02:00:00,350.15085
4556,2013-11-07 02:10:00,349.48907
4556,2013-11-07 02:20:00,300.9278
4556,2013-11-07 02:30:00,319.8212
4556,2013-11-07 02:40:00,293.0078
4556,2013-11-07 02:50:00,266.8833
4556,2013-11-07 03:00:00,291.4505
4556,2013-11-07 03:10:00,265.95895
4556,2013-11-07 03:20:00,262.52856
4556,2013-11-07 03:30:00,256.88193
4556,2013-11-07 03:40:00,251.34544
4556,2013-11-07 03:50:00,272.41513
4556,2013-11-07 04:00:00,267.2877
4556,2013-11-07 04:10:00,273.9599
4556,2013-11-07 04:20:00,289.76974
4556,2013-11-07 04:30:00,319.7303
4556,2013-11-07 04:40:00,260.97928
4556,2013-11-07 04:50:00,284.7136
4556,2013-11-07 05:00:00,279.42136
4556,2013-11-07 05:10:00,282.66748
4556,2013-11-07 05:20:00,298.2106
4556,2013-11-07 05:30:00,311.4095
4556,2013-11-07 05:40:00,315.08582
4556,2013-11-07 05:50:00,314.0958
4556,2013-11-07 06:00:00,316.95032
4556,2013-11-07 06:10:00,312.35983
4556,2013-11-07 06:20:00,361.59363
4556,2013-11-07 06:30:00,467.46204
4556,2013-11-07 06:40:00,440.03168
4556,2013-11-07 06:50:00,452.0509
4556,2013-11-07 07:00:00,542.6013
4556,2013-11-07 07:10:00,842.65784
4556,2013-11-07 07:20:00,611.6335
4556,2013-11-07 07:30:00,598.26526
4556,2013-11-07 07:40:00,702.2453
4556,2013-11-07 07:50:00,522.32367
4556,2013-11-07 08:00:00,621.6748
4556,2013-11-07 08:10:00,537.14655
4556,2013-11-07 08:20:00,464.93408
4556,2013-11-07 08:30:00,521.23474
4556,2013-11-07 08:40:00,478.95468
4556,2013-11-07 08:50:00,674.22736
4556,2013-11-07 09:00:00,531.1741
4556,2013-11-07 09:10:00,508.49435
4556,2013-11-07 09:20:00,499.00745
4556,2013-11-07 09:30:00,468.6802
4556,2013-11-07 09:40:00,597.363
4556,2013-11-07 09:50:00,543.6197
4556,2013-11-07 10:00:00,493.89886
4556,2013-11-07 10:10:00,455.85596
4556,2013-11-07 10:20:00,633.9069
4556,2013-11-07 10:30:00,501.83945
4556,2013-11-07 10:40:00,675.6038
4556,2013-11-07 10:50:00,605.86914
4556,2013-11-07 11:00:00,654.84326
4556,2013-11-07 11:10:00,764.3215
4556,2013-11-07 11:20:00,605.8115
4556,2013-11-07 11:30:00,588.0678
4556,2013-11-07 11:40:00,629.24
4556,2013-11-07 11:50:00,593.61475
4556,2013-11-07 12:00:00,618.8904
4556,2013-11-07 12:10:00,653.3762
4556,2013-11-07 12:20:00,818.3238
4556,2013-11-07 12:30:00,814.2582
4556,2013-11-07 12:40:00,716.2816
4556,2013-11-07 12:50:00,808.78705
4556,2013-11-07 13:00:00,757.22327
4556,2013-11-07 13:10:00,698.5919
4556,2013-11-07 13:20:00,684.64105
4556,2013-11-07 13:30:00,710.22943
4556,2013-11-07 13:40:00,603.5299
4556,2013-11-07 13:50:00,627.71124
4556,2013-11-07 14:00:00,544.24744
4556,2013-11-07 14:10:00,567.19885
4556,2013-11-07 14:20:00,584.9088
4556,2013-11-07 14:30:00,587.42065
4556,2013-11-07 14:40:00,529.4787
4556,2013-11-07 14:50:00,585.31384
4556,2013-11-07 15:00:00,535.3046
4556,2013-11-07 15:10:00,540.924
4556,2013-11-07 15:20:00,579.39496
4556,2013-11-07 15:30:00,554.2759
4556,2013-11-07 15:40:00,567.0958
4556,2013-11-07 15:50:00,605.5169
4556,2013-11-07 16:00:00,551.51324
4556,2013-11-07 16:10:00,533.2167
4556,2013-11-07 16:20:00,519.7991
4556,2013-11-07 16:30:00,582.6028
4556,2013-11-07 16:40:00,648.04987
4556,2013-11-07 16:50:00,615.1526
4556,2013-11-07 17:00:00,622.9141
4556,2013-11-07 17:10:00,583.8569
4556,2013-11-07 17:20:00,625.952
4556,2013-11-07 17:30:00,647.0375
4556,2013-11-07 17:40:00,661.326
4556,2013-11-07 17:50:00,655.62866
4556,2013-11-07 18:00:00,832.7979
4556,2013-11-07 18:10:00,949.33264
4556,2013-11-07 18:20:00,788.3871
4556,2013-11-07 18:30:00,871.8798
4556,2013-11-07 18:40:00,888.0525
4556,2013-11-07 18:50:00,732.58295
4556,2013-11-07 19:00:00,835.37286
4556,2013-11-07 19:10:00,780.9056
4556,2013-11-07 19:20:00,808.7685
4556,2013-11-07 19:30:00,915.09534
4556,2013-11-07 19:40:00,872.27216
4556,2013-11-07 19:50:00,874.7348
4556,2013-11-07 20:00:00,881.8136
4556,2013-11-07 20:10:00,957.0555
4556,2013-11-07 20:20:00,858.7346
4556,2013-11-07 20:30:00,1070.9972
4556,2013-11-07 20:40:00,866.2082
4556,2013-11-07 20:50:00,954.97266
4556,2013-11-07 21:00:00,1038.4425
4556,2013-11-07 21:10:00,1030.1902
4556,2013-11-07 21:20:00,1049.9373
4556,2013-11-07 21:30:00,1024.9949
4556,2013-11-07 21:40:00,1025.0206
4556,2013-11-07 21:50:00,1077.8804
4556,2013-11-07 22:00:00,876.0547
4556,2013-11-07 22:10:00,867.8984
4556,2013-11-07 22:20:00,1088.7781
4556,2013-11-07 22:30:00,839.7316
4556,2013-11-07 22:40:00,805.226
4556,2013-11-07 22:50:00,882.6645
4556,2013-11-07 23:00:00,752.8414
4556,2013-11-07 23:10:00,807.6863
4556,2013-11-07 23:20:00,807.86774
4556,2013-11-07 23:30:00,765.89795
4556,2013-11-07 23:40:00,772.826
4556,2013-11-07 23:50:00,591.98755
4556,2013-11-08 00:00:00,539.80084
4556,2013-11-08 00:10:00,473.24258
4556,2013-11-08 00:20:00,473.51923
4556,2013-11-08 00:30:00,472.22305
4556,2013-11-08 00:40:00,484.46652
4556,2013-11-08 00:50:00,601.14044
4556,2013-11-08 01:00:00,374.7711
4556,2013-11-08 01:10:00,381.4268
4556,2013-11-08 01:20:00,371.5107
4556,2013-11-08 01:30:00,444.26614
4556,2013-11-08 01:40:00,337.42374
4556,2013-11-08 01:50:00,359.316
4556,2013-11-08 02:00:00,326.67062
4556,2013-11-08 02:10:00,330.05942
4556,2013-11-08 02:20:00,301.52692
4556,2013-11-08 02:30:00,307.07724
4556,2013-11-08 02:40:00,278.06735
4556,2013-11-08 02:50:00,276.37613
4556,2013-11-08 03:00:00,289.74487
4556,2013-11-08 03:10:00,250.11281
4556,2013-11-08 03:20:00,251.26726
4556,2013-11-08 03:30:00,264.48373
4556,2013-11-08 03:40:00,269.85693
4556,2013-11-08 03:50:00,256.58997
4556,2013-11-08 04:00:00,241.30196
4556,2013-11-08 04:10:00,271.59735
4556,2013-11-08 04:20:00,276.73486
4556,2013-11-08 04:30:00,263.26938
4556,2013-11-08 04:40:00,272.2744
4556,2013-11-08 04:50:00,258.00775
4556,2013-11-08 05:00:00,264.9805
4556,2013-11-08 05:10:00,267.09222
4556,2013-11-08 05:20:00,304.8132
4556,2013-11-08 05:30:00,345.25763
4556,2013-11-08 05:40:00,280.83124
4556,2013-11-08 05:50:00,283.07376
4556,2013-11-08 06:00:00,342.49277
4556,2013-11-08 06:10:00,300.75232
4556,2013-11-08 06:20:00,377.938
4556,2013-11-08 06:30:00,427.43723
4556,2013-11-08 06:40:00,419.25888
4556,2013-11-08 06:50:00,595.1691
4556,2013-11-08 07:00:00,548.25745
4556,2013-11-08 07:10:00,540.0229
4556,2013-11-08 07:20:00,712.79803
4556,2013-11-08 07:30:00,623.4644
4556,2013-11-08 07:40:00,667.7864
4556,2013-11-08 07:50:00,567.26196
4556,2013-11-08 08:00:00,538.7722
4556,2013-11-08 08:10:00,631.8579
4556,2013-11-08 08:20:00,620.3414
4556,2013-11-08 08:30:00,562.66766
4556,2013-11-08 08:40:00,542.07806
4556,2013-11-08 08:50:00,667.8153
4556,2013-11-08 09:00:00,596.04736
4556,2013-11-08 09:10:00,575.9114
4556,2013-11-08 09:20:00,520.52985
4556,2013-11-08 09:30:00,603.5252
4556,2013-11-08 09:40:00,448.57214
4556,2013-11-08 09:50:00,658.7253
4556,2013-11-08 10:00:00,652.4181
4556,2013-11-08 10:10:00,615.5509
4556,2013-11-08 10:20:00,602.3152
4556,2013-11-08 10:30:00,558.17755
4556,2013-11-08 10:40:00,539.355
4556,2013-11-08 10:50:00,566.7237
4556,2013-11-08 11:00:00,564.46387
4556,2013-11-08 11:10:00,606.5081
4556,2013-11-08 11:20:00,598.90857
4556,2013-11-08 11:30:00,600.4518
4556,2013-11-08 11:40:00,601.623
4556,2013-11-08 11:50:00,754.3103
4556,2013-11-08 12:00:00,654.38586
4556,2013-11-08 12:10:00,577.0184
4556,2013-11-08 12:20:00,643.17395
4556,2013-11-08 12:30:00,638.132
4556,2013-11-08 12:40:00,641.2658
4556,2013-11-08 12:50:00,631.3517
4556,2013-11-08 13:00:00,604.2437
4556,2013-11-08 13:10:00,666.1409
4556,2013-11-08 13:20:00,575.24536
4556,2013-11-08 13:30:00,677.9939
4556,2013-11-08 13:40:00,723.2968
4556,2013-11-08 13:50:00,665.4879
4556,2013-11-08 14:00:00,639.8857
4556,2013-11-08 14:10:00,818.75366
4556,2013-11-08 14:20:00,635.8593
4556,2013-11-08 14:30:00,634.8652
4556,2013-11-08 14:40:00,614.4218
4556,2013-11-08 14:50:00,577.0913
4556,2013-11-08 15:00:00,560.5329
4556,2013-11-08 15:10:00,595.08575
4556,2013-11-08 15:20:00,567.4226
4556,2013-11-08 15:30:00,566.7763
4556,2013-11-08 15:40:00,585.911
4556,2013-11-08 15:50:00,600.6548
4556,2013-11-08 16:00:00,612.9799
4556,2013-11-08 16:10:00,591.07245
4556,2013-11-08 16:20:00,590.4591
4556,2013-11-08 16:30:00,641.94415
4556,2013-11-08 16:40:00,700.7448
4556,2013-11-08 16:50:00,831.07635
4556,2013-11-08 17:00:00,758.3322
4556,2013-11-08 17:10:00,708.65173
4556,2013-11-08 17:20:00,779.0725
4556,2013-11-08 17:30:00,825.3803
4556,2013-11-08 17:40:00,741.41895
4556,2013-11-08 17:50:00,614.84534
4556,2013-11-08 18:00:00,633.27795
4556,2013-11-08 18:10:00,638.383
4556,2013-11-08 18:20:00,851.6079
4556,2013-11-08 18:30:00,842.47705
4556,2013-11-08 18:40:00,684.1328
4556,2013-11-08 18:50:00,817.5594
4556,2013-11-08 19:00:00,931.6381
4556,2013-11-08 19:10:00,761.7089
4556,2013-11-08 19:20:00,920.6024
4556,2013-11-08 19:30:00,935.0775
4556,2013-11-08 19:40:00,900.80164
4556,2013-11-08 19:50:00,1102.1073
4556,2013-11-08 20:00:00,1031.9934
4556,2013-11-08 20:10:00,1125.1793
4556,2013-11-08 20:20:00,1084.1357
4556,2013-11-08 20:30:00,1133.6311
4556,2013-11-08 20:40:00,1238.4698
4556,2013-11-08 20:50:00,1293.2312
4556,2013-11-08 21:00:00,988.42615
4556,2013-11-08 21:10:00,1150.1846
4556,2013-11-08 21:20:00,1142.8104
4556,2013-11-08 21:30:00,1111.2891
4556,2013-11-08 21:40:00,1091.1554
4556,2013-11-08 21:50:00,1217.5865
4556,2013-11-08 22:00:00,1156.6392
4556,2013-11-08 22:10:00,1273.777
4556,2013-11-08 22:20:00,1185.835
4556,2013-11-08 22:30:00,1271.1073
4556,2013-11-08 22:40:00,1095.1533
4556,2013-11-08 22:50:00,1117.7885
4556,2013-11-08 23:00:00,1185.4279
4556,2013-11-08 23:10:00,1161.8322
4556,2013-11-08 23:20:00,1208.8976
4556,2013-11-08 23:30:00,1062.6433
4556,2013-11-08 23:40:00,931.33234
4556,2013-11-08 23:50:00,1013.0135
4556,2013-11-09 00:00:00,759.1631
4556,2013-11-09 00:10:00,724.2547
4556,2013-11-09 00:20:00,723.813
4556,2013-11-09 00:30:00,607.6727
4556,2013-11-09 00:40:00,621.3398
4556,2013-11-09 00:50:00,579.9352
4556,2013-11-09 01:00:00,587.2006
4556,2013-11-09 01:10:00,619.0414
4556,2013-11-09 01:20:00,654.39386
4556,2013-11-09 01:30:00,596.09515
4556,2013-11-09 01:40:00,444.5123
4556,2013-11-09 01:50:00,445.0626
4556,2013-11-09 02:00:00,457.0832
4556,2013-11-09 02:10:00,397.95395
4556,2013-11-09 02:20:00,429.06552
4556,2013-11-09 02:30:00,373.93472
4556,2013-11-09 02:40:00,408.99692
4556,2013-11-09 02:50:00,389.90262
4556,2013-11-09 03:00:00,424.10388
4556,2013-11-09 03:10:00,309.34943
4556,2013-11-09 03:20:00,307.2261
4556,2013-11-09 03:30:00,284.72855
4556,2013-11-09 03:40:00,305.73294
4556,2013-11-09 03:50:00,267.89465
4556,2013-11-09 04:00:00,265.32095
4556,2013-11-09 04:10:00,265.19656
4556,2013-11-09 04:20:00,259.00018
4556,2013-11-09 04:30:00,239.64967
4556,2013-11-09 04:40:00,257.9915
4556,2013-11-09 04:50:00,247.57542
4556,2013-11-09 05:00:00,260.74176
4556,2013-11-09 05:10:00,245.59668
4556,2013-11-09 05:20:00,254.77284
4556,2013-11-09 05:30:00,349.56027
4556,2013-11-09 05:40:00,273.61823
4556,2013-11-09 05:50:00,265.6504
4556,2013-11-09 06:00:00,253.15697
4556,2013-11-09 06:10:00,269.18735
4556,2013-11-09 06:20:00,279.34344
4556,2013-11-09 06:30:00,260.8039
4556,2013-11-09 06:40:00,317.40634
4556,2013-11-09 06:50:00,288.23346
4556,2013-11-09 07:00:00,354.7346
4556,2013-11-09 07:10:00,359.56744
4556,2013-11-09 07:20:00,354.10034
4556,2013-11-09 07:30:00,327.38
4556,2013-11-09 07:40:00,414.17902
4556,2013-11-09 07:50:00,487.7509
4556,2013-11-09 08:00:00,432.09402
4556,2013-11-09 08:10:00,454.02014
4556,2013-11-09 08:20:00,515.01447
4556,2013-11-09 08:30:00,554.33356
4556,2013-11-09 08:40:00,726.8972
4556,2013-11-09 08:50:00,789.4712
4556,2013-11-09 09:00:00,633.4831
4556,2013-11-09 09:10:00,510.63303
4556,2013-11-09 09:20:00,587.5361
4556,2013-11-09 09:30:00,642.98486
4556,2013-11-09 09:40:00,554.5045
4556,2013-11-09 09:50:00,554.0984
4556,2013-11-09 10:00:00,597.6205
4556,2013-11-09 10:10:00,558.7119
4556,2013-11-09 10:20:00,660.9025
4556,2013-11-09 10:30:00,623.21783
4556,2013-11-09 10:40:00,573.3097
4556,2013-11-09 10:50:00,577.85913
4556,2013-11-09 11:00:00,583.0088
4556,2013-11-09 11:10:00,628.8808
4556,2013-11-09 11:20:00,582.4554
4556,2013-11-09 11:30:00,614.2233
4556,2013-11-09 11:40:00,633.38666
4556,2013-11-09 11:50:00,627.1324
4556,2013-11-09 12:00:00,652.1748
4556,2013-11-09 12:10:00,688.159
4556,2013-11-09 12:20:00,695.23334
4556,2013-11-09 12:30:00,802.01404
4556,2013-11-09 12:40:00,804.13477
4556,2013-11-09 12:50:00,708.6013
4556,2013-11-09 13:00:00,707.31146
4556,2013-11-09 13:10:00,725.6588
4556,2013-11-09 13:20:00,741.1571
4556,2013-11-09 13:30:00,819.8923
4556,2013-11-09 13:40:00,931.8121
4556,2013-11-09 13:50:00,780.4746
4556,2013-11-09 14:00:00,903.8025
4556,2013-11-09 14:10:00,744.5922
4556,2013-11-09 14:20:00,912.1113
4556,2013-11-09 14:30:00,877.02344
4556,2013-11-09 14:40:00,927.8383
4556,2013-11-09 14:50:00,939.8026
4556,2013-11-09 15:00:00,845.9372
4556,2013-11-09 15:10:00,906.76996
4556,2013-11-09 15:20:00,914.7926
4556,2013-11-09 15:30:00,760.4972
4556,2013-11-09 15:40:00,951.69183
4556,2013-11-09 15:50:00,973.81946
4556,2013-11-09 16:00:00,764.6121
4556,2013-11-09 16:10:00,735.1674
4556,2013-11-09 16:20:00,932.90936
4556,2013-11-09 16:30:00,918.10474
4556,2013-11-09 16:40:00,882.03217
4556,2013-11-09 16:50:00,775.5451
4556,2013-11-09 17:00:00,847.1843
4556,2013-11-09 17:10:00,825.69165
4556,2013-11-09 17:20:00,713.85
4556,2013-11-09 17:30:00,743.77167
4556,2013-11-09 17:40:00,918.78345
4556,2013-11-09 17:50:00,684.2271
4556,2013-11-09 18:00:00,689.1722
4556,2013-11-09 18:10:00,877.44183
4556,2013-11-09 18:20:00,876.03625
4556,2013-11-09 18:30:00,914.00714
4556,2013-11-09 18:40:00,1019.9021
4556,2013-11-09 18:50:00,1049.2295
4556,2013-11-09 19:00:00,881.56226
4556,2013-11-09 19:10:00,1203.672
4556,2013-11-09 19:20:00,1013.4216
4556,2013-11-09 19:30:00,1218.7202
4556,2013-11-09 19:40:00,1154.2998
4556,2013-11-09 19:50:00,1324.7793
4556,2013-11-09 20:00:00,1240.6598
4556,2013-11-09 20:10:00,1418.9017
4556,2013-11-09 20:20:00,1226.0203
4556,2013-11-09 20:30:00,1428.3787
4556,2013-11-09 20:40:00,1436.0837
4556,2013-11-09 20:50:00,1420.2559
4556,2013-11-09 21:00:00,1448.5891
4556,2013-11-09 21:10:00,1868.742
4556,2013-11-09 21:20:00,1718.0978
4556,2013-11-09 21:30:00,1458.0815
4556,2013-11-09 21:40:00,1483.8748
4556,2013-11-09 21:50:00,1415.2845
4556,2013-11-09 22:00:00,1589.8533
4556,2013-11-09 22:10:00,1564.8187
4556,2013-11-09 22:20:00,1494.9358
4556,2013-11-09 22:30:00,1437.9014
4556,2013-11-09 22:40:00,1541.6785
4556,2013-11-09 22:50:00,1419.3054
4556,2013-11-09 23:00:00,1469.4165
4556,2013-11-09 23:10:00,1381.128
4556,2013-11-09 23:20:00,1314.424
4556,2013-11-09 23:30:00,1186.9294
4556,2013-11-09 23:40:00,1242.8284
4556,2013-11-09 23:50:00,1455.6659
4556,2013-11-10 00:00:00,1237.2456
4556,2013-11-10 00:10:00,1145.4995
4556,2013-11-10 00:20:00,1119.8156
4556,2013-11-10 00:30:00,1064.1881
4556,2013-11-10 00:40:00,1147.4548
4556,2013-11-10 00:50:00,834.3296
4556,2013-11-10 01:00:00,764.79517
4556,2013-11-10 01:10:00,737.08887
4556,2013-11-10 01:20:00,652.93567
4556,2013-11-10 01:30:00,599.8921
4556,2013-11-10 01:40:00,644.4588
4556,2013-11-10 01:50:00,572.5671
4556,2013-11-10 02:00:00,507.6141
4556,2013-11-10 02:10:00,435.05984
4556,2013-11-10 02:20:00,346.06583
4556,2013-11-10 02:30:00,330.22293
4556,2013-11-10 02:40:00,345.8831
4556,2013-11-10 02:50:00,283.18848
4556,2013-11-10 03:00:00,293.52313
4556,2013-11-10 03:10:00,304.4341
4556,2013-11-10 03:20:00,253.7364
4556,2013-11-10 03:30:00,309.90924
4556,2013-11-10 03:40:00,358.06396
4556,2013-11-10 03:50:00,242.54341
4556,2013-11-10 04:00:00,281.1366
4556,2013-11-10 04:10:00,307.39276
4556,2013-11-10 04:20:00,242.67601
4556,2013-11-10 04:30:00,268.19208
4556,2013-11-10 04:40:00,271.97668
4556,2013-11-10 04:50:00,226.01793
4556,2013-11-10 05:00:00,249.81955
4556,2013-11-10 05:10:00,273.7229
4556,2013-11-10 05:20:00,246.81657
4556,2013-11-10 05:30:00,258.13385
4556,2013-11-10 05:40:00,293.96927
4556,2013-11-10 05:50:00,241.12654
4556,2013-11-10 06:00:00,290.75772
4556,2013-11-10 06:10:00,291.01993
4556,2013-11-10 06:20:00,305.10376
4556,2013-11-10 06:30:00,278.55313
4556,2013-11-10 06:40:00,287.02618
4556,2013-11-10 06:50:00,286.26437
4556,2013-11-10 07:00:00,318.0612
4556,2013-11-10 07:10:00,345.70038
4556,2013-11-10 07:20:00,276.30136
4556,2013-11-10 07:30:00,315.11392
4556,2013-11-10 07:40:00,343.21628
4556,2013-11-10 07:50:00,332.08444
4556,2013-11-10 08:00:00,387.9503
4556,2013-11-10 08:10:00,350.43448
4556,2013-11-10 08:20:00,333.25827
4556,2013-11-10 08:30:00,424.597
4556,2013-11-10 08:40:00,368.49014
4556,2013-11-10 08:50:00,404.31345
4556,2013-11-10 09:00:00,590.51935
4556,2013-11-10 09:10:00,517.5033
4556,2013-11-10 09:20:00,440.3522
4556,2013-11-10 09:30:00,400.67987
4556,2013-11-10 09:40:00,408.42212
4556,2013-11-10 09:50:00,457.0239
4556,2013-11-10 10:00:00,451.03268
4556,2013-11-10 10:10:00,442.0615
4556,2013-11-10 10:20:00,539.6811
4556,2013-11-10 10:30:00,565.776
4556,2013-11-10 10:40:00,478.44742
4556,2013-11-10 10:50:00,595.7269
4556,2013-11-10 11:00:00,503.9382
4556,2013-11-10 11:10:00,584.8095
4556,2013-11-10 11:20:00,573.91315
4556,2013-11-10 11:30:00,615.8122
4556,2013-11-10 11:40:00,529.3473
4556,2013-11-10 11:50:00,589.51697
4556,2013-11-10 12:00:00,569.30927
4556,2013-11-10 12:10:00,560.4427
4556,2013-11-10 12:20:00,629.519
4556,2013-11-10 12:30:00,831.1399
4556,2013-11-10 12:40:00,793.3742
4556,2013-11-10 12:50:00,648.0475
4556,2013-11-10 13:00:00,692.766
4556,2013-11-10 13:10:00,928.0141
4556,2013-11-10 13:20:00,830.4977
4556,2013-11-10 13:30:00,849.9687
4556,2013-11-10 13:40:00,798.88904
4556,2013-11-10 13:50:00,797.7933
4556,2013-11-10 14:00:00,698.6484
4556,2013-11-10 14:10:00,748.61115
4556,2013-11-10 14:20:00,831.36383
4556,2013-11-10 14:30:00,686.22986
4556,2013-11-10 14:40:00,614.2642
4556,2013-11-10 14:50:00,661.5131
4556,2013-11-10 15:00:00,706.72974
4556,2013-11-10 15:10:00,655.75653
4556,2013-11-10 15:20:00,692.8503
4556,2013-11-10 15:30:00,715.8306
4556,2013-11-10 15:40:00,770.1741
4556,2013-11-10 15:50:00,676.42914
4556,2013-11-10 16:00:00,684.7134
4556,2013-11-10 16:10:00,667.7952
4556,2013-11-10 16:20:00,616.50824
4556,2013-11-10 16:30:00,688.0373
4556,2013-11-10 16:40:00,735.8315
4556,2013-11-10 16:50:00,874.3606
4556,2013-11-10 17:00:00,688.1643
4556,2013-11-10 17:10:00,618.2114
4556,2013-11-10 17:20:00,671.0674
4556,2013-11-10 17:30:00,623.0551
4556,2013-11-10 17:40:00,688.3595
4556,2013-11-10 17:50:00,655.47125
4556,2013-11-10 18:00:00,682.46844
4556,2013-11-10 18:10:00,768.12067
4556,2013-11-10 18:20:00,749.8296
4556,2013-11-10 18:30:00,746.2989
4556,2013-11-10 18:40:00,771.2216
4556,2013-11-10 18:50:00,766.7799
4556,2013-11-10 19:00:00,837.8607
4556,2013-11-10 19:10:00,833.88153
4556,2013-11-10 19:20:00,810.092
4556,2013-11-10 19:30:00,822.04
4556,2013-11-10 19:40:00,898.6068
4556,2013-11-10 19:50:00,814.43445
4556,2013-11-10 20:00:00,797.4741
4556,2013-11-10 20:10:00,880.9043
4556,2013-11-10 20:20:00,1047.9711
4556,2013-11-10 20:30:00,904.5346
4556,2013-11-10 20:40:00,960.6973
4556,2013-11-10 20:50:00,930.01324
4556,2013-11-10 21:00:00,968.559
4556,2013-11-10 21:10:00,1182.1534
4556,2013-11-10 21:20:00,1084.875
4556,2013-11-10 21:30:00,849.8179
4556,2013-11-10 21:40:00,837.4378
4556,2013-11-10 21:50:00,769.8622
4556,2013-11-10 22:00:00,883.21216
4556,2013-11-10 22:10:00,725.14795
4556,2013-11-10 22:20:00,628.63434
4556,2013-11-10 22:30:00,734.72766
4556,2013-11-10 22:40:00,680.591
4556,2013-11-10 22:50:00,558.25085
4556,2013-11-10 23:00:00,578.15906
4556,2013-11-10 23:10:00,558.02527
4556,2013-11-10 23:20:00,470.48486
4556,2013-11-10 23:30:00,530.3681
4556,2013-11-10 23:40:00,468.03204
4556,2013-11-10 23:50:00,400.27405
4556,2013-11-11 00:00:00,405.26346
4556,2013-11-11 00:10:00,381.59778
4556,2013-11-11 00:20:00,392.45468
4556,2013-11-11 00:30:00,348.33078
4556,2013-11-11 00:40:00,362.99203
4556,2013-11-11 00:50:00,312.70724
4556,2013-11-11 01:00:00,343.78973
4556,2013-11-11 01:10:00,333.57892
4556,2013-11-11 01:20:00,284.6886
4556,2013-11-11 01:30:00,294.30743
4556,2013-11-11 01:40:00,287.45734
4556,2013-11-11 01:50:00,261.56012
4556,2013-11-11 02:00:00,291.21603
4556,2013-11-11 02:10:00,294.70807
4556,2013-11-11 02:20:00,268.99188
4556,2013-11-11 02:30:00,265.5825
4556,2013-11-11 02:40:00,261.37558
4556,2013-11-11 02:50:00,246.00441
4556,2013-11-11 03:00:00,243.97371
4556,2013-11-11 03:10:00,243.43869
4556,2013-11-11 03:20:00,230.04945
4556,2013-11-11 03:30:00,257.05496
4556,2013-11-11 03:40:00,232.8895
4556,2013-11-11 03:50:00,219.99812
4556,2013-11-11 04:00:00,238.28497
4556,2013-11-11 04:10:00,221.22643
4556,2013-11-11 04:20:00,210.73256
4556,2013-11-11 04:30:00,245.02753
4556,2013-11-11 04:40:00,225.71188
4556,2013-11-11 04:50:00,204.55939
4556,2013-11-11 05:00:00,240.25719
4556,2013-11-11 05:10:00,243.21634
4556,2013-11-11 05:20:00,214.37646
4556,2013-11-11 05:30:00,250.53929
4556,2013-11-11 05:40:00,260.90894
4556,2013-11-11 05:50:00,249.62048
4556,2013-11-11 06:00:00,303.94968
4556,2013-11-11 06:10:00,309.15732
4556,2013-11-11 06:20:00,343.26505
4556,2013-11-11 06:30:00,422.5105
4556,2013-11-11 06:40:00,428.21823
4556,2013-11-11 06:50:00,428.78177
4556,2013-11-11 07:00:00,440.64285
4556,2013-11-11 07:10:00,544.4763
4556,2013-11-11 07:20:00,597.54095
4556,2013-11-11 07:30:00,511.6512
4556,2013-11-11 07:40:00,546.5519
4556,2013-11-11 07:50:00,570.98834
4556,2013-11-11 08:00:00,556.4692
4556,2013-11-11 08:10:00,554.33966
4556,2013-11-11 08:20:00,654.54987
4556,2013-11-11 08:30:00,617.59796
4556,2013-11-11 08:40:00,547.6274
4556,2013-11-11 08:50:00,563.1598
4556,2013-11-11 09:00:00,656.6124
4556,2013-11-11 09:10:00,538.0983
4556,2013-11-11 09:20:00,553.9903
4556,2013-11-11 09:30:00,623.201
4556,2013-11-11 09:40:00,545.21185
4556,2013-11-11 09:50:00,514.23944
4556,2013-11-11 10:00:00,509.55087
4556,2013-11-11 10:10:00,491.4578
4556,2013-11-11 10:20:00,547.16534
4556,2013-11-11 10:30:00,502.8122
4556,2013-11-11 10:40:00,517.6941
4556,2013-11-11 10:50:00,448.07898
4556,2013-11-11 11:00:00,504.3442
4556,2013-11-11 11:10:00,554.7105
4556,2013-11-11 11:20:00,513.6352
4556,2013-11-11 11:30:00,541.9359
4556,2013-11-11 11:40:00,665.75616
4556,2013-11-11 11:50:00,665.40967
4556,2013-11-11 12:00:00,567.6649
4556,2013-11-11 12:10:00,601.715
4556,2013-11-11 12:20:00,594.3469
4556,2013-11-11 12:30:00,734.4497
4556,2013-11-11 12:40:00,729.9437
4556,2013-11-11 12:50:00,634.1796
4556,2013-11-11 13:00:00,674.3161
4556,2013-11-11 13:10:00,769.7415
4556,2013-11-11 13:20:00,705.1641
4556,2013-11-11 13:30:00,629.62537
4556,2013-11-11 13:40:00,680.3316
4556,2013-11-11 13:50:00,576.28644
4556,2013-11-11 14:00:00,566.81934
4556,2013-11-11 14:10:00,766.38055
4556,2013-11-11 14:20:00,581.10443
4556,2013-11-11 14:30:00,766.61206
4556,2013-11-11 14:40:00,682.3755
4556,2013-11-11 14:50:00,693.4704
4556,2013-11-11 15:00:00,575.1938
4556,2013-11-11 15:10:00,618.5321
4556,2013-11-11 15:20:00,652.0806
4556,2013-11-11 15:30:00,788.967
4556,2013-11-11 15:40:00,561.70264
4556,2013-11-11 15:50:00,658.4141
4556,2013-11-11 16:00:00,600.0511
4556,2013-11-11 16:10:00,631.8415
4556,2013-11-11 16:20:00,627.8123
4556,2013-11-11 16:30:00,625.3833
4556,2013-11-11 16:40:00,601.81024
4556,2013-11-11 16:50:00,645.36066
4556,2013-11-11 17:00:00,668.3894
4556,2013-11-11 17:10:00,612.195
4556,2013-11-11 17:20:00,654.6996
4556,2013-11-11 17:30:00,623.3697
4556,2013-11-11 17:40:00,742.6047
4556,2013-11-11 17:50:00,659.41455
4556,2013-11-11 18:00:00,699.20447
4556,2013-11-11 18:10:00,633.4635
4556,2013-11-11 18:20:00,684.3821
4556,2013-11-11 18:30:00,694.158
4556,2013-11-11 18:40:00,711.0196
4556,2013-11-11 18:50:00,765.1491
4556,2013-11-11 19:00:00,701.12244
4556,2013-11-11 19:10:00,813.0224
4556,2013-11-11 19:20:00,673.79083
4556,2013-11-11 19:30:00,663.45416
4556,2013-11-11 19:40:00,745.226
4556,2013-11-11 19:50:00,750.1493
4556,2013-11-11 20:00:00,732.40265
4556,2013-11-11 20:10:00,822.98505
4556,2013-11-11 20:20:00,741.5112
4556,2013-11-11 20:30:00,696.4588
4556,2013-11-11 20:40:00,834.5554
4556,2013-11-11 20:50:00,693.9768
4556,2013-11-11 21:00:00,729.0024
4556,2013-11-11 21:10:00,904.2935
4556,2013-11-11 21:20:00,815.23535
4556,2013-11-11 21:30:00,790.1647
4556,2013-11-11 21:40:00,689.8903
4556,2013-11-11 21:50:00,907.86584
4556,2013-11-11 22:00:00,716.4316
4556,2013-11-11 22:10:00,724.417
4556,2013-11-11 22:20:00,790.4111
4556,2013-11-11 22:30:00,722.7379
4556,2013-11-11 22:40:00,667.1871
4556,2013-11-11 22:50:00,777.01324
4556,2013-11-11 23:00:00,521.44104
4556,2013-11-11 23:10:00,517.5631
4556,2013-11-11 23:20:00,491.29547
4556,2013-11-11 23:30:00,474.85117
4556,2013-11-11 23:40:00,425.6606
4556,2013-11-11 23:50:00,398.90915
4556,2013-11-12 00:00:00,417.049
4556,2013-11-12 00:10:00,391.0958
4556,2013-11-12 00:20:00,476.94186
4556,2013-11-12 00:30:00,391.37094
4556,2013-11-12 00:40:00,380.44028
4556,2013-11-12 00:50:00,379.85315
4556,2013-11-12 01:00:00,346.85425
4556,2013-11-12 01:10:00,311.33096
4556,2013-11-12 01:20:00,331.17758
4556,2013-11-12 01:30:00,310.19763
4556,2013-11-12 01:40:00,304.61795
4556,2013-11-12 01:50:00,290.57645
4556,2013-11-12 02:00:00,285.91794
4556,2013-11-12 02:10:00,278.5989
4556,2013-11-12 02:20:00,275.89487
4556,2013-11-12 02:30:00,266.73587
4556,2013-11-12 02:40:00,243.67714
4556,2013-11-12 02:50:00,244.61726
4556,2013-11-12 03:00:00,261.80255
4556,2013-11-12 03:10:00,245.38988
4556,2013-11-12 03:20:00,220.01492
4556,2013-11-12 03:30:00,250.44664
4556,2013-11-12 03:40:00,241.65935
4556,2013-11-12 03:50:00,215.65082
4556,2013-11-12 04:00:00,252.08926
4556,2013-11-12 04:10:00,253.85457
4556,2013-11-12 04:20:00,237.0319
4556,2013-11-12 04:30:00,237.66376
4556,2013-11-12 04:40:00,249.91882
4556,2013-11-12 04:50:00,269.21646
4556,2013-11-12 05:00:00,353.17865
4556,2013-11-12 05:10:00,259.8485
4556,2013-11-12 05:20:00,274.97772
4556,2013-11-12 05:30:00,340.2836
4556,2013-11-12 05:40:00,326.84467
4556,2013-11-12 05:50:00,317.1985
4556,2013-11-12 06:00:00,329.67386
4556,2013-11-12 06:10:00,312.62897
4556,2013-11-12 06:20:00,394.98758
4556,2013-11-12 06:30:00,464.35956
4556,2013-11-12 06:40:00,468.454
4556,2013-11-12 06:50:00,451.71213
4556,2013-11-12 07:00:00,514.821
4556,2013-11-12 07:10:00,530.2849
4556,2013-11-12 07:20:00,525.41
4556,2013-11-12 07:30:00,524.1499
4556,2013-11-12 07:40:00,591.4961
4556,2013-11-12 07:50:00,603.70917
4556,2013-11-12 08:00:00,638.06885
4556,2013-11-12 08:10:00,557.1468
4556,2013-11-12 08:20:00,560.17566
4556,2013-11-12 08:30:00,606.15454
4556,2013-11-12 08:40:00,534.4908
4556,2013-11-12 08:50:00,599.71277
4556,2013-11-12 09:00:00,610.1045
4556,2013-11-12 09:10:00,538.65497
4556,2013-11-12 09:20:00,531.40094
4556,2013-11-12 09:30:00,510.7833
4556,2013-11-12 09:40:00,498.58627
4556,2013-11-12 09:50:00,571.7492
4556,2013-11-12 10:00:00,476.4642
4556,2013-11-12 10:10:00,493.49936
4556,2013-11-12 10:20:00,531.1847
4556,2013-11-12 10:30:00,429.96994
4556,2013-11-12 10:40:00,614.2478
4556,2013-11-12 10:50:00,552.9537
4556,2013-11-12 11:00:00,670.5658
4556,2013-11-12 11:10:00,717.2996
4556,2013-11-12 11:20:00,708.17804
4556,2013-11-12 11:30:00,579.659
4556,2013-11-12 11:40:00,774.068
4556,2013-11-12 11:50:00,519.98
4556,2013-11-12 12:00:00,660.6353
4556,2013-11-12 12:10:00,720.1146
4556,2013-11-12 12:20:00,685.54083
4556,2013-11-12 12:30:00,614.603
4556,2013-11-12 12:40:00,778.4422
4556,2013-11-12 12:50:00,628.4004
4556,2013-11-12 13:00:00,819.5488
4556,2013-11-12 13:10:00,665.92664
4556,2013-11-12 13:20:00,535.5208
4556,2013-11-12 13:30:00,645.107
4556,2013-11-12 13:40:00,632.53784
4556,2013-11-12 13:50:00,645.53265
4556,2013-11-12 14:00:00,658.22833
4556,2013-11-12 14:10:00,603.7836
4556,2013-11-12 14:20:00,568.5885
4556,2013-11-12 14:30:00,615.4201
4556,2013-11-12 14:40:00,642.3739
4556,2013-11-12 14:50:00,638.9578
4556,2013-11-12 15:00:00,556.9212
4556,2013-11-12 15:10:00,602.3522
4556,2013-11-12 15:20:00,617.53564
4556,2013-11-12 15:30:00,534.02185
4556,2013-11-12 15:40:00,581.0863
4556,2013-11-12 15:50:00,610.169
4556,2013-11-12 16:00:00,849.9134
4556,2013-11-12 16:10:00,721.3056
4556,2013-11-12 16:20:00,627.2407
4556,2013-11-12 16:30:00,573.1218
4556,2013-11-12 16:40:00,744.8732
4556,2013-11-12 16:50:00,582.12506
4556,2013-11-12 17:00:00,585.5699
4556,2013-11-12 17:10:00,713.70624
4556,2013-11-12 17:20:00,672.27716
4556,2013-11-12 17:30:00,752.8906
4556,2013-11-12 17:40:00,726.13226
4556,2013-11-12 17:50:00,846.12866
4556,2013-11-12 18:00:00,709.6028
4556,2013-11-12 18:10:00,603.8086
4556,2013-11-12 18:20:00,597.5554
4556,2013-11-12 18:30:00,662.4683
4556,2013-11-12 18:40:00,666.9025
4556,2013-11-12 18:50:00,710.57764
4556,2013-11-12 19:00:00,870.2053
4556,2013-11-12 19:10:00,762.42096
4556,2013-11-12 19:20:00,963.8462
4556,2013-11-12 19:30:00,985.34186
4556,2013-11-12 19:40:00,1331.7251
4556,2013-11-12 19:50:00,963.2997
4556,2013-11-12 20:00:00,800.58
4556,2013-11-12 20:10:00,883.82306
4556,2013-11-12 20:20:00,808.94977
4556,2013-11-12 20:30:00,782.80365
4556,2013-11-12 20:40:00,802.57947
4556,2013-11-12 20:50:00,830.2166
4556,2013-11-12 21:00:00,930.7887
4556,2013-11-12 21:10:00,807.3735
4556,2013-11-12 21:20:00,862.5614
4556,2013-11-12 21:30:00,929.0945
4556,2013-11-12 21:40:00,843.5457
4556,2013-11-12 21:50:00,831.53
4556,2013-11-12 22:00:00,848.4241
4556,2013-11-12 22:10:00,903.2719
4556,2013-11-12 22:20:00,825.29816
4556,2013-11-12 22:30:00,689.18744
4556,2013-11-12 22:40:00,1011.47
4556,2013-11-12 22:50:00,770.8309
4556,2013-11-12 23:00:00,632.0197
4556,2013-11-12 23:10:00,595.8448
4556,2013-11-12 23:20:00,595.50464
4556,2013-11-12 23:30:00,505.57346
4556,2013-11-12 23:40:00,543.54205
4556,2013-11-12 23:50:00,478.7299
4556,2013-11-13 00:00:00,415.49377
4556,2013-11-13 00:10:00,466.21368
4556,2013-11-13 00:20:00,389.85983
4556,2013-11-13 00:30:00,355.04712
4556,2013-11-13 00:40:00,388.4254
4556,2013-11-13 00:50:00,383.88943
4556,2013-11-13 01:00:00,374.82343
4556,2013-11-13 01:10:00,351.2081
4556,2013-11-13 01:20:00,331.94656
4556,2013-11-13 01:30:00,305.29813
4556,2013-11-13 01:40:00,337.58908
4556,2013-11-13 01:50:00,306.9224
4556,2013-11-13 02:00:00,265.33945
4556,2013-11-13 02:10:00,290.8576
4556,2013-11-13 02:20:00,268.6698
4556,2013-11-13 02:30:00,255.24344
4556,2013-11-13 02:40:00,288.82596
4556,2013-11-13 02:50:00,273.79446
4556,2013-11-13 03:00:00,253.24617
4556,2013-11-13 03:10:00,266.02383
4556,2013-11-13 03:20:00,259.27383
4556,2013-11-13 03:30:00,243.59248
4556,2013-11-13 03:40:00,249.89307
4556,2013-11-13 03:50:00,241.85225
4556,2013-11-13 04:00:00,238.07973
4556,2013-11-13 04:10:00,251.38754
4556,2013-11-13 04:20:00,223.46234
4556,2013-11-13 04:30:00,253.73308
4556,2013-11-13 04:40:00,256.1332
4556,2013-11-13 04:50:00,249.15482
4556,2013-11-13 05:00:00,275.9813
4556,2013-11-13 05:10:00,284.57092
4556,2013-11-13 05:20:00,261.185
4556,2013-11-13 05:30:00,236.70384
4556,2013-11-13 05:40:00,280.47015
4556,2013-11-13 05:50:00,288.6845
4556,2013-11-13 06:00:00,268.4367
4556,2013-11-13 06:10:00,333.06924
4556,2013-11-13 06:20:00,329.51007
4556,2013-11-13 06:30:00,324.64584
4556,2013-11-13 06:40:00,494.28812
4556,2013-11-13 06:50:00,436.9446
4556,2013-11-13 07:00:00,485.32645
4556,2013-11-13 07:10:00,536.405
4556,2013-11-13 07:20:00,568.8837
4556,2013-11-13 07:30:00,619.3007
4556,2013-11-13 07:40:00,729.1438
4556,2013-11-13 07:50:00,704.1265
4556,2013-11-13 08:00:00,529.8256
4556,2013-11-13 08:10:00,581.6566
4556,2013-11-13 08:20:00,627.6785
4556,2013-11-13 08:30:00,565.62915
4556,2013-11-13 08:40:00,568.38544
4556,2013-11-13 08:50:00,627.65753
4556,2013-11-13 09:00:00,473.54028
4556,2013-11-13 09:10:00,580.8244
4556,2013-11-13 09:20:00,604.6198
4556,2013-11-13 09:30:00,432.06122
4556,2013-11-13 09:40:00,519.7673
4556,2013-11-13 09:50:00,534.3657
4556,2013-11-13 10:00:00,466.32233
4556,2013-11-13 10:10:00,588.21765
4556,2013-11-13 10:20:00,526.27167
4556,2013-11-13 10:30:00,510.87085
4556,2013-11-13 10:40:00,545.3896
4556,2013-11-13 10:50:00,511.30588
4556,2013-11-13 11:00:00,493.57907
4556,2013-11-13 11:10:00,568.25995
4556,2013-11-13 11:20:00,570.20197
4556,2013-11-13 11:30:00,635.02856
4556,2013-11-13 11:40:00,538.4159
4556,2013-11-13 11:50:00,600.7061
4556,2013-11-13 12:00:00,559.0527
4556,2013-11-13 12:10:00,583.6103
4556,2013-11-13 12:20:00,604.0053
4556,2013-11-13 12:30:00,635.69293
4556,2013-11-13 12:40:00,760.9821
4556,2013-11-13 12:50:00,636.81396
4556,2013-11-13 13:00:00,562.5786
4556,2013-11-13 13:10:00,793.3565
4556,2013-11-13 13:20:00,616.92615
4556,2013-11-13 13:30:00,582.65106
4556,2013-11-13 13:40:00,590.3903
4556,2013-11-13 13:50:00,746.9935
4556,2013-11-13 14:00:00,663.62787
4556,2013-11-13 14:10:00,672.5079
4556,2013-11-13 14:20:00,557.47705
4556,2013-11-13 14:30:00,587.8064
4556,2013-11-13 14:40:00,774.0947
4556,2013-11-13 14:50:00,597.1347
4556,2013-11-13 15:00:00,616.1006
4556,2013-11-13 15:10:00,662.36035
4556,2013-11-13 15:20:00,693.5765
4556,2013-11-13 15:30:00,677.9427
4556,2013-11-13 15:40:00,587.3769
4556,2013-11-13 15:50:00,581.1981
4556,2013-11-13 16:00:00,655.2119
4556,2013-11-13 16:10:00,694.9952
4556,2013-11-13 16:20:00,601.8791
4556,2013-11-13 16:30:00,600.6102
4556,2013-11-13 16:40:00,741.89606
4556,2013-11-13 16:50:00,761.7016
4556,2013-11-13 17:00:00,736.52686
4556,2013-11-13 17:10:00,759.5872
4556,2013-11-13 17:20:00,710.98834
4556,2013-11-13 17:30:00,888.8937
4556,2013-11-13 17:40:00,779.7119
4556,2013-11-13 17:50:00,719.74274
4556,2013-11-13 18:00:00,672.7863
4556,2013-11-13 18:10:00,731.2535
4556,2013-11-13 18:20:00,801.3415
4556,2013-11-13 18:30:00,800.20245
4556,2013-11-13 18:40:00,882.6264
4556,2013-11-13 18:50:00,744.9409
4556,2013-11-13 19:00:00,821.8221
4556,2013-11-13 19:10:00,742.04663
4556,2013-11-13 19:20:00,782.83044
4556,2013-11-13 19:30:00,988.2602
4556,2013-11-13 19:40:00,852.83746
4556,2013-11-13 19:50:00,847.017
4556,2013-11-13 20:00:00,972.0591
4556,2013-11-13 20:10:00,974.2472
4556,2013-11-13 20:20:00,994.4205
4556,2013-11-13 20:30:00,999.52026
4556,2013-11-13 20:40:00,1024.2117
4556,2013-11-13 20:50:00,1049.9609
4556,2013-11-13 21:00:00,944.1359
4556,2013-11-13 21:10:00,993.0231
4556,2013-11-13 21:20:00,960.27905
4556,2013-11-13 21:30:00,916.716
4556,2013-11-13 21:40:00,1066.3528
4556,2013-11-13 21:50:00,992.12036
4556,2013-11-13 22:00:00,915.98315
4556,2013-11-13 22:10:00,1039.456
4556,2013-11-13 22:20:00,1002.1072
4556,2013-11-13 22:30:00,953.6791
4556,2013-11-13 22:40:00,1085.7388
4556,2013-11-13 22:50:00,842.77795
4556,2013-11-13 23:00:00,748.8656
4556,2013-11-13 23:10:00,917.7325
4556,2013-11-13 23:20:00,807.1897
4556,2013-11-13 23:30:00,707.7967
4556,2013-11-13 23:40:00,764.92523
4556,2013-11-13 23:50:00,701.73334
4556,2013-11-14 00:00:00,698.83496
4556,2013-11-14 00:10:00,609.7441
4556,2013-11-14 00:20:00,478.20612
4556,2013-11-14 00:30:00,478.02493
4556,2013-11-14 00:40:00,444.1765
4556,2013-11-14 00:50:00,429.44638
4556,2013-11-14 01:00:00,401.08353
4556,2013-11-14 01:10:00,383.59363
4556,2013-11-14 01:20:00,367.24173
4556,2013-11-14 01:30:00,336.88242
4556,2013-11-14 01:40:00,365.93866
4556,2013-11-14 01:50:00,375.42963
4556,2013-11-14 02:00:00,345.3734
4556,2013-11-14 02:10:00,342.53525
4556,2013-11-14 02:20:00,311.6759
4556,2013-11-14 02:30:00,298.91815
4556,2013-11-14 02:40:00,325.58105
4556,2013-11-14 02:50:00,297.03015
4556,2013-11-14 03:00:00,290.04178
4556,2013-11-14 03:10:00,286.27426
4556,2013-11-14 03:20:00,263.9716
4556,2013-11-14 03:30:00,266.1738
4556,2013-11-14 03:40:00,262.9391
4556,2013-11-14 03:50:00,281.56766
4556,2013-11-14 04:00:00,243.63002
4556,2013-11-14 04:10:00,257.3622
4556,2013-11-14 04:20:00,261.90915
4556,2013-11-14 04:30:00,282.5891
4556,2013-11-14 04:40:00,251.57993
4556,2013-11-14 04:50:00,242.29436
4556,2013-11-14 05:00:00,292.60794
4556,2013-11-14 05:10:00,262.69522
4556,2013-11-14 05:20:00,319.30966
4556,2013-11-14 05:30:00,297.77942
4556,2013-11-14 05:40:00,289.33636
4556,2013-11-14 05:50:00,319.2234
4556,2013-11-14 06:00:00,322.7533
4556,2013-11-14 06:10:00,363.30386
4556,2013-11-14 06:20:00,407.78192
4556,2013-11-14 06:30:00,430.27405
4556,2013-11-14 06:40:00,486.16724
4556,2013-11-14 06:50:00,408.52072
4556,2013-11-14 07:00:00,557.1847
4556,2013-11-14 07:10:00,622.94916
4556,2013-11-14 07:20:00,601.6779
4556,2013-11-14 07:30:00,623.3409
4556,2013-11-14 07:40:00,628.9833
4556,2013-11-14 07:50:00,596.4766
4556,2013-11-14 08:00:00,529.3429
4556,2013-11-14 08:10:00,477.12
4556,2013-11-14 08:20:00,504.38446
4556,2013-11-14 08:30:00,518.6817
4556,2013-11-14 08:40:00,590.0335
4556,2013-11-14 08:50:00,706.46893
4556,2013-11-14 09:00:00,556.5223
4556,2013-11-14 09:10:00,505.76544
4556,2013-11-14 09:20:00,478.2121
4556,2013-11-14 09:30:00,548.8447
4556,2013-11-14 09:40:00,533.63
4556,2013-11-14 09:50:00,535.89264
4556,2013-11-14 10:00:00,487.33517
4556,2013-11-14 10:10:00,455.17017
4556,2013-11-14 10:20:00,623.47894
4556,2013-11-14 10:30:00,494.19382
4556,2013-11-14 10:40:00,554.8705
4556,2013-11-14 10:50:00,482.94238
4556,2013-11-14 11:00:00,614.5996
4556,2013-11-14 11:10:00,705.7099
4556,2013-11-14 11:20:00,631.17834
4556,2013-11-14 11:30:00,667.6507
4556,2013-11-14 11:40:00,684.0199
4556,2013-11-14 11:50:00,512.33734
4556,2013-11-14 12:00:00,598.85455
4556,2013-11-14 12:10:00,657.2351
4556,2013-11-14 12:20:00,653.8256
4556,2013-11-14 12:30:00,724.8053
4556,2013-11-14 12:40:00,627.58575
4556,2013-11-14 12:50:00,789.56903
4556,2013-11-14 13:00:00,802.4671
4556,2013-11-14 13:10:00,705.41223
4556,2013-11-14 13:20:00,667.0043
4556,2013-11-14 13:30:00,674.3486
4556,2013-11-14 13:40:00,592.168
4556,2013-11-14 13:50:00,585.5037
4556,2013-11-14 14:00:00,639.3493
4556,2013-11-14 14:10:00,611.0151
4556,2013-11-14 14:20:00,565.84576
4556,2013-11-14 14:30:00,621.40125
4556,2013-11-14 14:40:00,581.6888
4556,2013-11-14 14:50:00,478.94562
4556,2013-11-14 15:00:00,501.41888
4556,2013-11-14 15:10:00,511.6343
4556,2013-11-14 15:20:00,564.77277
4556,2013-11-14 15:30:00,550.95526
4556,2013-11-14 15:40:00,550.59607
4556,2013-11-14 15:50:00,561.2203
4556,2013-11-14 16:00:00,599.0077
4556,2013-11-14 16:10:00,581.7455
4556,2013-11-14 16:20:00,647.44495
4556,2013-11-14 16:30:00,563.7707
4556,2013-11-14 16:40:00,512.03656
4556,2013-11-14 16:50:00,645.79114
4556,2013-11-14 17:00:00,595.4074
4556,2013-11-14 17:10:00,657.4678
4556,2013-11-14 17:20:00,665.1829
4556,2013-11-14 17:30:00,660.80505
4556,2013-11-14 17:40:00,629.73846
4556,2013-11-14 17:50:00,781.4088
4556,2013-11-14 18:00:00,1172.5624
4556,2013-11-14 18:10:00,944.128
4556,2013-11-14 18:20:00,752.3768
4556,2013-11-14 18:30:00,805.9997
4556,2013-11-14 18:40:00,755.90375
4556,2013-11-14 18:50:00,746.5332
4556,2013-11-14 19:00:00,767.0652
4556,2013-11-14 19:10:00,774.3351
4556,2013-11-14 19:20:00,789.76385
4556,2013-11-14 19:30:00,810.6348
4556,2013-11-14 19:40:00,780.0748
4556,2013-11-14 19:50:00,862.49475
4556,2013-11-14 20:00:00,864.14215
4556,2013-11-14 20:10:00,854.30597
4556,2013-11-14 20:20:00,997.1089
4556,2013-11-14 20:30:00,874.595
4556,2013-11-14 20:40:00,917.1435
4556,2013-11-14 20:50:00,990.46576
4556,2013-11-14 21:00:00,878.26447
4556,2013-11-14 21:10:00,1031.162
4556,2013-11-14 21:20:00,872.23126
4556,2013-11-14 21:30:00,859.2911
4556,2013-11-14 21:40:00,855.3009
4556,2013-11-14 21:50:00,758.0927
4556,2013-11-14 22:00:00,833.2353
4556,2013-11-14 22:10:00,821.91296
4556,2013-11-14 22:20:00,775.7062
4556,2013-11-14 22:30:00,780.00287
4556,2013-11-14 22:40:00,815.68176
4556,2013-11-14 22:50:00,804.07166
4556,2013-11-14 23:00:00,694.5019
4556,2013-11-14 23:10:00,643.3956
4556,2013-11-14 23:20:00,757.4243
4556,2013-11-14 23:30:00,630.0452
4556,2013-11-14 23:40:00,592.95166
4556,2013-11-14 23:50:00,551.03595
4556,2013-11-15 00:00:00,481.9566
4556,2013-11-15 00:10:00,478.2669
4556,2013-11-15 00:20:00,399.9755
4556,2013-11-15 00:30:00,383.85318
4556,2013-11-15 00:40:00,468.6675
4556,2013-11-15 00:50:00,366.16925
4556,2013-11-15 01:00:00,441.4619
4556,2013-11-15 01:10:00,338.43243
4556,2013-11-15 01:20:00,343.16315
4556,2013-11-15 01:30:00,316.01944
4556,2013-11-15 01:40:00,306.0128
4556,2013-11-15 01:50:00,299.40155
4556,2013-11-15 02:00:00,282.36212
4556,2013-11-15 02:10:00,295.3225
4556,2013-11-15 02:20:00,286.6581
4556,2013-11-15 02:30:00,292.0117
4556,2013-11-15 02:40:00,293.40063
4556,2013-11-15 02:50:00,260.709
4556,2013-11-15 03:00:00,260.6658
4556,2013-11-15 03:10:00,260.22202
4556,2013-11-15 03:20:00,243.39032
4556,2013-11-15 03:30:00,237.98235
4556,2013-11-15 03:40:00,241.64467
4556,2013-11-15 03:50:00,234.15694
4556,2013-11-15 04:00:00,237.25961
4556,2013-11-15 04:10:00,232.29396
4556,2013-11-15 04:20:00,240.50424
4556,2013-11-15 04:30:00,224.00645
4556,2013-11-15 04:40:00,245.7033
4556,2013-11-15 04:50:00,237.04597
4556,2013-11-15 05:00:00,245.25644
4556,2013-11-15 05:10:00,216.98671
4556,2013-11-15 05:20:00,230.99156
4556,2013-11-15 05:30:00,281.32156
4556,2013-11-15 05:40:00,326.31128
4556,2013-11-15 05:50:00,375.88116
4556,2013-11-15 06:00:00,348.22244
4556,2013-11-15 06:10:00,380.7151
4556,2013-11-15 06:20:00,437.88858
4556,2013-11-15 06:30:00,417.42215
4556,2013-11-15 06:40:00,476.18484
4556,2013-11-15 06:50:00,463.763
4556,2013-11-15 07:00:00,423.46567
4556,2013-11-15 07:10:00,526.1048
4556,2013-11-15 07:20:00,568.89746
4556,2013-11-15 07:30:00,655.8226
4556,2013-11-15 07:40:00,542.13495
4556,2013-11-15 07:50:00,627.41235
4556,2013-11-15 08:00:00,576.07715
4556,2013-11-15 08:10:00,541.46674
4556,2013-11-15 08:20:00,612.1981
4556,2013-11-15 08:30:00,671.9978
4556,2013-11-15 08:40:00,681.49207
4556,2013-11-15 08:50:00,577.00464
4556,2013-11-15 09:00:00,635.4559
4556,2013-11-15 09:10:00,613.4612
4556,2013-11-15 09:20:00,550.3556
4556,2013-11-15 09:30:00,491.94348
4556,2013-11-15 09:40:00,577.39075
4556,2013-11-15 09:50:00,546.1028
4556,2013-11-15 10:00:00,676.74774
4556,2013-11-15 10:10:00,646.322
4556,2013-11-15 10:20:00,564.369
4556,2013-11-15 10:30:00,515.5814
4556,2013-11-15 10:40:00,588.7517
4556,2013-11-15 10:50:00,706.47046
4556,2013-11-15 11:00:00,660.5552
4556,2013-11-15 11:10:00,593.1215
4556,2013-11-15 11:20:00,616.89606
4556,2013-11-15 11:30:00,560.18304
4556,2013-11-15 11:40:00,606.26984
4556,2013-11-15 11:50:00,591.42816
4556,2013-11-15 12:00:00,494.5013
4556,2013-11-15 12:10:00,591.55786
4556,2013-11-15 12:20:00,654.91327
4556,2013-11-15 12:30:00,722.13947
4556,2013-11-15 12:40:00,556.66846
4556,2013-11-15 12:50:00,682.7621
4556,2013-11-15 13:00:00,770.6051
4556,2013-11-15 13:10:00,761.30566
4556,2013-11-15 13:20:00,776.37744
4556,2013-11-15 13:30:00,674.72687
4556,2013-11-15 13:40:00,697.5896
4556,2013-11-15 13:50:00,707.73364
4556,2013-11-15 14:00:00,622.3837
4556,2013-11-15 14:10:00,626.09467
4556,2013-11-15 14:20:00,599.924
4556,2013-11-15 14:30:00,710.7331
4556,2013-11-15 14:40:00,630.0712
4556,2013-11-15 14:50:00,615.9483
4556,2013-11-15 15:00:00,696.14545
4556,2013-11-15 15:10:00,680.8123
4556,2013-11-15 15:20:00,639.9681
4556,2013-11-15 15:30:00,563.5279
4556,2013-11-15 15:40:00,598.86536
4556,2013-11-15 15:50:00,599.61255
4556,2013-11-15 16:00:00,634.80334
4556,2013-11-15 16:10:00,609.85565
4556,2013-11-15 16:20:00,569.5211
4556,2013-11-15 16:30:00,579.93585
4556,2013-11-15 16:40:00,937.9459
4556,2013-11-15 16:50:00,753.10376
4556,2013-11-15 17:00:00,673.6199
4556,2013-11-15 17:10:00,723.54297
4556,2013-11-15 17:20:00,678.05475
4556,2013-11-15 17:30:00,682.3883
4556,2013-11-15 17:40:00,757.37036
4556,2013-11-15 17:50:00,863.4965
4556,2013-11-15 18:00:00,943.70465
4556,2013-11-15 18:10:00,768.0979
4556,2013-11-15 18:20:00,743.7634
4556,2013-11-15 18:30:00,689.3084
4556,2013-11-15 18:40:00,822.39514
4556,2013-11-15 18:50:00,870.18243
4556,2013-11-15 19:00:00,756.22394
4556,2013-11-15 19:10:00,723.1224
4556,2013-11-15 19:20:00,783.228
4556,2013-11-15 19:30:00,838.9447
4556,2013-11-15 19:40:00,862.0031
4556,2013-11-15 19:50:00,774.7742
4556,2013-11-15 20:00:00,970.0453
4556,2013-11-15 20:10:00,947.0178
4556,2013-11-15 20:20:00,884.53784
4556,2013-11-15 20:30:00,989.7295
4556,2013-11-15 20:40:00,1030.3679
4556,2013-11-15 20:50:00,950.8392
4556,2013-11-15 21:00:00,993.11835
4556,2013-11-15 21:10:00,862.07806
4556,2013-11-15 21:20:00,976.48456
4556,2013-11-15 21:30:00,1081.7224
4556,2013-11-15 21:40:00,942.3497
4556,2013-11-15 21:50:00,1014.2099
4556,2013-11-15 22:00:00,1040.2942
4556,2013-11-15 22:10:00,1277.0936
4556,2013-11-15 22:20:00,1110.7426
4556,2013-11-15 22:30:00,1124.9147
4556,2013-11-15 22:40:00,1152.2797
4556,2013-11-15 22:50:00,1118.5548
4556,2013-11-15 23:00:00,1019.5564
4556,2013-11-15 23:10:00,848.52893
4556,2013-11-15 23:20:00,824.6752
4556,2013-11-15 23:30:00,921.7135
4556,2013-11-15 23:40:00,774.2785
4556,2013-11-15 23:50:00,870.48254
4556,2013-11-16 00:00:00,717.8102
4556,2013-11-16 00:10:00,772.063
4556,2013-11-16 00:20:00,766.7556
4556,2013-11-16 00:30:00,961.7716
4556,2013-11-16 00:40:00,659.51794
4556,2013-11-16 00:50:00,739.82
4556,2013-11-16 01:00:00,664.6692
4556,2013-11-16 01:10:00,533.57904
4556,2013-11-16 01:20:00,502.2711
4556,2013-11-16 01:30:00,497.0308
4556,2013-11-16 01:40:00,426.87845
4556,2013-11-16 01:50:00,423.06787
4556,2013-11-16 02:00:00,419.05777
4556,2013-11-16 02:10:00,389.95224
4556,2013-11-16 02:20:00,350.33286
4556,2013-11-16 02:30:00,303.85718
4556,2013-11-16 02:40:00,353.28696
4556,2013-11-16 02:50:00,315.08304
4556,2013-11-16 03:00:00,287.78815
4556,2013-11-16 03:10:00,296.36597
4556,2013-11-16 03:20:00,274.65677
4556,2013-11-16 03:30:00,270.49878
4556,2013-11-16 03:40:00,333.97214
4556,2013-11-16 03:50:00,257.49313
4556,2013-11-16 04:00:00,246.5135
4556,2013-11-16 04:10:00,265.98376
4556,2013-11-16 04:20:00,245.62054
4556,2013-11-16 04:30:00,245.35402
4556,2013-11-16 04:40:00,251.86447
4556,2013-11-16 04:50:00,226.53954
4556,2013-11-16 05:00:00,278.6687
4556,2013-11-16 05:10:00,262.58728
4556,2013-11-16 05:20:00,233.75363
4556,2013-11-16 05:30:00,243.75447
4556,2013-11-16 05:40:00,244.02959
4556,2013-11-16 05:50:00,211.71375
4556,2013-11-16 06:00:00,240.15012
4556,2013-11-16 06:10:00,279.97836
4556,2013-11-16 06:20:00,289.2443
4556,2013-11-16 06:30:00,321.05286
4556,2013-11-16 06:40:00,322.12955
4556,2013-11-16 06:50:00,312.8587
4556,2013-11-16 07:00:00,307.15433
4556,2013-11-16 07:10:00,414.37088
4556,2013-11-16 07:20:00,366.66888
4556,2013-11-16 07:30:00,327.0198
4556,2013-11-16 07:40:00,384.55508
4556,2013-11-16 07:50:00,387.30383
4556,2013-11-16 08:00:00,511.04077
4556,2013-11-16 08:10:00,397.90735
4556,2013-11-16 08:20:00,470.66907
4556,2013-11-16 08:30:00,522.5244
4556,2013-11-16 08:40:00,440.6512
4556,2013-11-16 08:50:00,426.6355
4556,2013-11-16 09:00:00,426.51584
4556,2013-11-16 09:10:00,496.693
4556,2013-11-16 09:20:00,462.0054
4556,2013-11-16 09:30:00,531.27814
4556,2013-11-16 09:40:00,618.2447
4556,2013-11-16 09:50:00,596.1337
4556,2013-11-16 10:00:00,679.84467
4556,2013-11-16 10:10:00,670.3971
4556,2013-11-16 10:20:00,606.87555
4556,2013-11-16 10:30:00,523.8007
4556,2013-11-16 10:40:00,592.71497
4556,2013-11-16 10:50:00,669.2156
4556,2013-11-16 11:00:00,660.3547
4556,2013-11-16 11:10:00,587.3991
4556,2013-11-16 11:20:00,707.4367
4556,2013-11-16 11:30:00,679.1742
4556,2013-11-16 11:40:00,779.95233
4556,2013-11-16 11:50:00,821.5017
4556,2013-11-16 12:00:00,861.5514
4556,2013-11-16 12:10:00,808.06195
4556,2013-11-16 12:20:00,885.916
4556,2013-11-16 12:30:00,786.1433
4556,2013-11-16 12:40:00,757.1152
4556,2013-11-16 12:50:00,809.67804
4556,2013-11-16 13:00:00,941.65436
4556,2013-11-16 13:10:00,960.6502
4556,2013-11-16 13:20:00,871.3549
4556,2013-11-16 13:30:00,856.40424
4556,2013-11-16 13:40:00,879.75415
4556,2013-11-16 13:50:00,823.6619
4556,2013-11-16 14:00:00,925.8975
4556,2013-11-16 14:10:00,817.2611
4556,2013-11-16 14:20:00,839.66254
4556,2013-11-16 14:30:00,874.68274
4556,2013-11-16 14:40:00,877.9236
4556,2013-11-16 14:50:00,774.43506
4556,2013-11-16 15:00:00,833.7245
4556,2013-11-16 15:10:00,738.59686
4556,2013-11-16 15:20:00,731.9144
4556,2013-11-16 15:30:00,788.31464
4556,2013-11-16 15:40:00,782.89984
4556,2013-11-16 15:50:00,745.0101
4556,2013-11-16 16:00:00,759.0785
4556,2013-11-16 16:10:00,708.94293
4556,2013-11-16 16:20:00,775.7352
4556,2013-11-16 16:30:00,963.89453
4556,2013-11-16 16:40:00,891.2277
4556,2013-11-16 16:50:00,864.10583
4556,2013-11-16 17:00:00,837.40344
4556,2013-11-16 17:10:00,739.39386
4556,2013-11-16 17:20:00,929.39355
4556,2013-11-16 17:30:00,724.9066
4556,2013-11-16 17:40:00,731.879
4556,2013-11-16 17:50:00,747.2766
4556,2013-11-16 18:00:00,941.637
4556,2013-11-16 18:10:00,800.9758
4556,2013-11-16 18:20:00,953.6354
4556,2013-11-16 18:30:00,848.3065
4556,2013-11-16 18:40:00,823.5288
4556,2013-11-16 18:50:00,972.2565
4556,2013-11-16 19:00:00,985.2843
4556,2013-11-16 19:10:00,936.8282
4556,2013-11-16 19:20:00,1103.5741
4556,2013-11-16 19:30:00,1083.5098
4556,2013-11-16 19:40:00,936.2678
4556,2013-11-16 19:50:00,1057.9567
4556,2013-11-16 20:00:00,1217.4707
4556,2013-11-16 20:10:00,1178.6082
4556,2013-11-16 20:20:00,1281.4666
4556,2013-11-16 20:30:00,1213.3362
4556,2013-11-16 20:40:00,1208.697
4556,2013-11-16 20:50:00,1335.87
4556,2013-11-16 21:00:00,1573.718
4556,2013-11-16 21:10:00,1555.7714
4556,2013-11-16 21:20:00,1484.0895
4556,2013-11-16 21:30:00,1358.6338
4556,2013-11-16 21:40:00,1301.625
4556,2013-11-16 21:50:00,1551.05
4556,2013-11-16 22:00:00,1567.546
4556,2013-11-16 22:10:00,1401.4988
4556,2013-11-16 22:20:00,1798.5999
4556,2013-11-16 22:30:00,1441.453
4556,2013-11-16 22:40:00,1664.6663
4556,2013-11-16 22:50:00,1361.4817
4556,2013-11-16 23:00:00,1295.9628
4556,2013-11-16 23:10:00,1322.72
4556,2013-11-16 23:20:00,1494.7446
4556,2013-11-16 23:30:00,1207.5183
4556,2013-11-16 23:40:00,1105.9669
4556,2013-11-16 23:50:00,1153.2084
4556,2013-11-17 00:00:00,1192.2181
4556,2013-11-17 00:10:00,1120.5463
4556,2013-11-17 00:20:00,894.25165
4556,2013-11-17 00:30:00,906.5303
4556,2013-11-17 00:40:00,973.8747
4556,2013-11-17 00:50:00,951.65546
4556,2013-11-17 01:00:00,807.6098
4556,2013-11-17 01:10:00,724.27545
4556,2013-11-17 01:20:00,682.60376
4556,2013-11-17 01:30:00,507.8081
4556,2013-11-17 01:40:00,535.8201
4556,2013-11-17 01:50:00,496.3381
4556,2013-11-17 02:00:00,443.9082
4556,2013-11-17 02:10:00,450.82153
4556,2013-11-17 02:20:00,454.90054
4556,2013-11-17 02:30:00,384.32098
4556,2013-11-17 02:40:00,321.51584
4556,2013-11-17 02:50:00,339.8581
4556,2013-11-17 03:00:00,309.638
4556,2013-11-17 03:10:00,315.5172
4556,2013-11-17 03:20:00,297.6207
4556,2013-11-17 03:30:00,284.61987
4556,2013-11-17 03:40:00,280.4864
4556,2013-11-17 03:50:00,296.1594
4556,2013-11-17 04:00:00,238.64055
4556,2013-11-17 04:10:00,251.05081
4556,2013-11-17 04:20:00,252.293
4556,2013-11-17 04:30:00,263.28442
4556,2013-11-17 04:40:00,249.86629
4556,2013-11-17 04:50:00,267.9618
4556,2013-11-17 05:00:00,249.51648
4556,2013-11-17 05:10:00,308.48816
4556,2013-11-17 05:20:00,244.03091
4556,2013-11-17 05:30:00,228.81361
4556,2013-11-17 05:40:00,257.44
4556,2013-11-17 05:50:00,239.9025
4556,2013-11-17 06:00:00,222.96754
4556,2013-11-17 06:10:00,226.594
4556,2013-11-17 06:20:00,224.1198
4556,2013-11-17 06:30:00,216.97456
4556,2013-11-17 06:40:00,228.77672
4556,2013-11-17 06:50:00,240.37065
4556,2013-11-17 07:00:00,253.46217
4556,2013-11-17 07:10:00,257.4627
4556,2013-11-17 07:20:00,251.06241
4556,2013-11-17 07:30:00,238.55165
4556,2013-11-17 07:40:00,287.86783
4556,2013-11-17 07:50:00,288.6396
4556,2013-11-17 08:00:00,273.57233
4556,2013-11-17 08:10:00,301.13376
4556,2013-11-17 08:20:00,327.00317
4556,2013-11-17 08:30:00,325.88644
4556,2013-11-17 08:40:00,372.7404
4556,2013-11-17 08:50:00,389.6357
4556,2013-11-17 09:00:00,334.74017
4556,2013-11-17 09:10:00,425.4727
4556,2013-11-17 09:20:00,441.28513
4556,2013-11-17 09:30:00,529.892
4556,2013-11-17 09:40:00,607.7955
4556,2013-11-17 09:50:00,540.2575
4556,2013-11-17 10:00:00,508.76825
4556,2013-11-17 10:10:00,483.03714
4556,2013-11-17 10:20:00,504.60333
4556,2013-11-17 10:30:00,540.29694
4556,2013-11-17 10:40:00,564.48047
4556,2013-11-17 10:50:00,605.5332
4556,2013-11-17 11:00:00,612.4488
4556,2013-11-17 11:10:00,676.28314
4556,2013-11-17 11:20:00,691.3533
4556,2013-11-17 11:30:00,642.283
4556,2013-11-17 11:40:00,656.48627
4556,2013-11-17 11:50:00,748.9503
4556,2013-11-17 12:00:00,843.90405
4556,2013-11-17 12:10:00,604.5237
4556,2013-11-17 12:20:00,804.8822
4556,2013-11-17 12:30:00,825.95514
4556,2013-11-17 12:40:00,806.23676
4556,2013-11-17 12:50:00,805.0713
4556,2013-11-17 13:00:00,844.75867
4556,2013-11-17 13:10:00,852.4861
4556,2013-11-17 13:20:00,1007.62305
4556,2013-11-17 13:30:00,998.22375
4556,2013-11-17 13:40:00,893.05774
4556,2013-11-17 13:50:00,747.1738
4556,2013-11-17 14:00:00,775.22955
4556,2013-11-17 14:10:00,794.76337
4556,2013-11-17 14:20:00,953.0743
4556,2013-11-17 14:30:00,735.74426
4556,2013-11-17 14:40:00,754.21234
4556,2013-11-17 14:50:00,894.5008
4556,2013-11-17 15:00:00,712.1486
4556,2013-11-17 15:10:00,756.0001
4556,2013-11-17 15:20:00,847.8558
4556,2013-11-17 15:30:00,736.51965
4556,2013-11-17 15:40:00,761.27924
4556,2013-11-17 15:50:00,665.4545
4556,2013-11-17 16:00:00,707.09424
4556,2013-11-17 16:10:00,683.24084
4556,2013-11-17 16:20:00,612.35315
4556,2013-11-17 16:30:00,743.5598
4556,2013-11-17 16:40:00,739.6164
4556,2013-11-17 16:50:00,603.8653
4556,2013-11-17 17:00:00,627.06866
4556,2013-11-17 17:10:00,641.42035
4556,2013-11-17 17:20:00,659.76935
4556,2013-11-17 17:30:00,679.0265
4556,2013-11-17 17:40:00,747.6639
4556,2013-11-17 17:50:00,787.774
4556,2013-11-17 18:00:00,715.7723
4556,2013-11-17 18:10:00,754.6418
4556,2013-11-17 18:20:00,719.7807
4556,2013-11-17 18:30:00,741.8421
4556,2013-11-17 18:40:00,807.21857
4556,2013-11-17 18:50:00,784.70776
4556,2013-11-17 19:00:00,658.4715
4556,2013-11-17 19:10:00,798.4644
4556,2013-11-17 19:20:00,877.2836
4556,2013-11-17 19:30:00,1103.2288
4556,2013-11-17 19:40:00,875.2223
4556,2013-11-17 19:50:00,846.0318
4556,2013-11-17 20:00:00,787.9097
4556,2013-11-17 20:10:00,922.0995
4556,2013-11-17 20:20:00,983.23303
4556,2013-11-17 20:30:00,855.895
4556,2013-11-17 20:40:00,943.2171
4556,2013-11-17 20:50:00,884.248
4556,2013-11-17 21:00:00,758.1897
4556,2013-11-17 21:10:00,852.093
4556,2013-11-17 21:20:00,963.1563
4556,2013-11-17 21:30:00,843.7419
4556,2013-11-17 21:40:00,722.24
4556,2013-11-17 21:50:00,728.03796
4556,2013-11-17 22:00:00,738.5646
4556,2013-11-17 22:10:00,659.2492
4556,2013-11-17 22:20:00,637.3804
4556,2013-11-17 22:30:00,639.485
4556,2013-11-17 22:40:00,575.2406
4556,2013-11-17 22:50:00,603.40155
4556,2013-11-17 23:00:00,527.1338
4556,2013-11-17 23:10:00,491.89624
4556,2013-11-17 23:20:00,437.27573
4556,2013-11-17 23:30:00,523.8419
4556,2013-11-17 23:40:00,432.04047
4556,2013-11-17 23:50:00,379.58252
4556,2013-11-18 00:00:00,401.50098
4556,2013-11-18 00:10:00,389.53867
4556,2013-11-18 00:20:00,368.2945
4556,2013-11-18 00:30:00,336.58926
4556,2013-11-18 00:40:00,348.52402
4556,2013-11-18 00:50:00,358.88507
4556,2013-11-18 01:00:00,341.08337
4556,2013-11-18 01:10:00,286.95663
4556,2013-11-18 01:20:00,282.79233
4556,2013-11-18 01:30:00,312.14105
4556,2013-11-18 01:40:00,278.02322
4556,2013-11-18 01:50:00,266.0362
4556,2013-11-18 02:00:00,266.79956
4556,2013-11-18 02:10:00,263.69965
4556,2013-11-18 02:20:00,256.12555
4556,2013-11-18 02:30:00,261.24997
4556,2013-11-18 02:40:00,232.72342
4556,2013-11-18 02:50:00,238.47499
4556,2013-11-18 03:00:00,256.42856
4556,2013-11-18 03:10:00,234.73965
4556,2013-11-18 03:20:00,221.30145
4556,2013-11-18 03:30:00,242.73587
4556,2013-11-18 03:40:00,227.64905
4556,2013-11-18 03:50:00,188.41081
4556,2013-11-18 04:00:00,219.74562
4556,2013-11-18 04:10:00,203.23376
4556,2013-11-18 04:20:00,195.078
4556,2013-11-18 04:30:00,215.69597
4556,2013-11-18 04:40:00,207.39716
4556,2013-11-18 04:50:00,214.67136
4556,2013-11-18 05:00:00,244.84889
4556,2013-11-18 05:10:00,225.95596
4556,2013-11-18 05:20:00,215.45558
4556,2013-11-18 05:30:00,230.68784
4556,2013-11-18 05:40:00,252.83914
4556,2013-11-18 05:50:00,278.94165
4556,2013-11-18 06:00:00,337.928
4556,2013-11-18 06:10:00,313.8451
4556,2013-11-18 06:20:00,327.3034
4556,2013-11-18 06:30:00,469.16397
4556,2013-11-18 06:40:00,394.69803
4556,2013-11-18 06:50:00,453.1661
4556,2013-11-18 07:00:00,542.0547
4556,2013-11-18 07:10:00,474.61902
4556,2013-11-18 07:20:00,513.4086
4556,2013-11-18 07:30:00,542.8975
4556,2013-11-18 07:40:00,532.3218
4556,2013-11-18 07:50:00,407.97964
4556,2013-11-18 08:00:00,422.36884
4556,2013-11-18 08:10:00,445.66983
4556,2013-11-18 08:20:00,404.86908
4556,2013-11-18 08:30:00,478.48615
4556,2013-11-18 08:40:00,449.14938
4556,2013-11-18 08:50:00,418.1319
4556,2013-11-18 09:00:00,391.19476
4556,2013-11-18 09:10:00,415.90283
4556,2013-11-18 09:20:00,427.59958
4556,2013-11-18 09:30:00,455.3677
4556,2013-11-18 09:40:00,379.29373
4556,2013-11-18 09:50:00,417.13998
4556,2013-11-18 10:00:00,418.3701
4556,2013-11-18 10:10:00,439.19998
4556,2013-11-18 10:20:00,444.0048
4556,2013-11-18 10:30:00,463.66617
4556,2013-11-18 10:40:00,499.14587
4556,2013-11-18 10:50:00,448.96234
4556,2013-11-18 11:00:00,431.0365
4556,2013-11-18 11:10:00,494.36438
4556,2013-11-18 11:20:00,544.9863
4556,2013-11-18 11:30:00,407.9853
4556,2013-11-18 11:40:00,560.486
4556,2013-11-18 11:50:00,473.11392
4556,2013-11-18 12:00:00,560.79663
4556,2013-11-18 12:10:00,565.3471
4556,2013-11-18 12:20:00,544.0664
4556,2013-11-18 12:30:00,480.12125
4556,2013-11-18 12:40:00,539.1051
4556,2013-11-18 12:50:00,644.37463
4556,2013-11-18 13:00:00,597.95825
4556,2013-11-18 13:10:00,576.22217
4556,2013-11-18 13:20:00,546.89935
4556,2013-11-18 13:30:00,532.2361
4556,2013-11-18 13:40:00,512.92804
4556,2013-11-18 13:50:00,537.42566
4556,2013-11-18 14:00:00,571.07056
4556,2013-11-18 14:10:00,478.9639
4556,2013-11-18 14:20:00,539.07764
4556,2013-11-18 14:30:00,587.25574
4556,2013-11-18 14:40:00,496.54828
4556,2013-11-18 14:50:00,567.24817
4556,2013-11-18 15:00:00,527.2542
4556,2013-11-18 15:10:00,573.2545
4556,2013-11-18 15:20:00,552.87463
4556,2013-11-18 15:30:00,530.1115
4556,2013-11-18 15:40:00,597.95654
4556,2013-11-18 15:50:00,487.23364
4556,2013-11-18 16:00:00,464.44595
4556,2013-11-18 16:10:00,477.0255
4556,2013-11-18 16:20:00,484.99738
4556,2013-11-18 16:30:00,588.7634
4556,2013-11-18 16:40:00,573.24194
4556,2013-11-18 16:50:00,583.0955
4556,2013-11-18 17:00:00,601.538
4556,2013-11-18 17:10:00,635.4546
4556,2013-11-18 17:20:00,629.8069
4556,2013-11-18 17:30:00,573.3905
4556,2013-11-18 17:40:00,668.8784
4556,2013-11-18 17:50:00,713.06665
4556,2013-11-18 18:00:00,682.2525
4556,2013-11-18 18:10:00,702.09735
4556,2013-11-18 18:20:00,645.7011
4556,2013-11-18 18:30:00,695.619
4556,2013-11-18 18:40:00,665.0875
4556,2013-11-18 18:50:00,706.18713
4556,2013-11-18 19:00:00,716.56726
4556,2013-11-18 19:10:00,826.0999
4556,2013-11-18 19:20:00,821.07306
4556,2013-11-18 19:30:00,850.812
4556,2013-11-18 19:40:00,785.7735
4556,2013-11-18 19:50:00,771.9137
4556,2013-11-18 20:00:00,803.69525
4556,2013-11-18 20:10:00,863.9953
4556,2013-11-18 20:20:00,775.78894
4556,2013-11-18 20:30:00,803.1918
4556,2013-11-18 20:40:00,756.5479
4556,2013-11-18 20:50:00,715.4081
4556,2013-11-18 21:00:00,780.41266
4556,2013-11-18 21:10:00,740.67017
4556,2013-11-18 21:20:00,771.01263
4556,2013-11-18 21:30:00,722.3763
4556,2013-11-18 21:40:00,696.05115
4556,2013-11-18 21:50:00,725.18964
4556,2013-11-18 22:00:00,618.0778
4556,2013-11-18 22:10:00,756.9972
4556,2013-11-18 22:20:00,690.9524
4556,2013-11-18 22:30:00,580.1123
4556,2013-11-18 22:40:00,627.6829
4556,2013-11-18 22:50:00,635.41315
4556,2013-11-18 23:00:00,674.7057
4556,2013-11-18 23:10:00,542.20215
4556,2013-11-18 23:20:00,488.1225
4556,2013-11-18 23:30:00,580.65076
4556,2013-11-18 23:40:00,626.88464
4556,2013-11-18 23:50:00,868.432
4556,2013-11-19 00:00:00,576.33295
4556,2013-11-19 00:10:00,381.68826
4556,2013-11-19 00:20:00,375.7161
4556,2013-11-19 00:30:00,357.8412
4556,2013-11-19 00:40:00,369.17377
4556,2013-11-19 00:50:00,359.55865
4556,2013-11-19 01:00:00,323.44095
4556,2013-11-19 01:10:00,352.5434
4556,2013-11-19 01:20:00,310.73956
4556,2013-11-19 01:30:00,287.65714
4556,2013-11-19 01:40:00,352.42612
4556,2013-11-19 01:50:00,293.7027
4556,2013-11-19 02:00:00,252.15912
4556,2013-11-19 02:10:00,274.32916
4556,2013-11-19 02:20:00,266.25784
4556,2013-11-19 02:30:00,238.33395
4556,2013-11-19 02:40:00,264.04474
4556,2013-11-19 02:50:00,261.91898
4556,2013-11-19 03:00:00,208.50224
4556,2013-11-19 03:10:00,240.58821
4556,2013-11-19 03:20:00,244.68257
4556,2013-11-19 03:30:00,199.60068
4556,2013-11-19 03:40:00,226.35252
4556,2013-11-19 03:50:00,251.79076
4556,2013-11-19 04:00:00,208.14351
4556,2013-11-19 04:10:00,233.78432
4556,2013-11-19 04:20:00,245.8323
4556,2013-11-19 04:30:00,206.44084
4556,2013-11-19 04:40:00,224.42242
4556,2013-11-19 04:50:00,238.43028
4556,2013-11-19 05:00:00,204.31227
4556,2013-11-19 05:10:00,274.8132
4556,2013-11-19 05:20:00,261.3107
4556,2013-11-19 05:30:00,239.14198
4556,2013-11-19 05:40:00,243.7509
4556,2013-11-19 05:50:00,257.2367
4556,2013-11-19 06:00:00,234.83527
4556,2013-11-19 06:10:00,265.5812
4556,2013-11-19 06:20:00,293.28308
4556,2013-11-19 06:30:00,366.99557
4556,2013-11-19 06:40:00,367.0034
4556,2013-11-19 06:50:00,393.06287
4556,2013-11-19 07:00:00,432.8662
4556,2013-11-19 07:10:00,448.95007
4556,2013-11-19 07:20:00,563.7524
4556,2013-11-19 07:30:00,453.54584
4556,2013-11-19 07:40:00,597.9411
4556,2013-11-19 07:50:00,558.03186
4556,2013-11-19 08:00:00,467.7521
4556,2013-11-19 08:10:00,492.1501
4556,2013-11-19 08:20:00,527.0241
4556,2013-11-19 08:30:00,489.30472
4556,2013-11-19 08:40:00,492.6611
4556,2013-11-19 08:50:00,602.5423
4556,2013-11-19 09:00:00,591.2868
4556,2013-11-19 09:10:00,523.5903
4556,2013-11-19 09:20:00,514.65955
4556,2013-11-19 09:30:00,477.8505
4556,2013-11-19 09:40:00,546.0589
4556,2013-11-19 09:50:00,444.8662
4556,2013-11-19 10:00:00,475.33484
4556,2013-11-19 10:10:00,544.4803
4556,2013-11-19 10:20:00,593.2291
4556,2013-11-19 10:30:00,580.75116
4556,2013-11-19 10:40:00,536.5046
4556,2013-11-19 10:50:00,466.99057
4556,2013-11-19 11:00:00,660.42975
4556,2013-11-19 11:10:00,492.49194
4556,2013-11-19 11:20:00,627.2056
4556,2013-11-19 11:30:00,578.6258
4556,2013-11-19 11:40:00,567.35846
4556,2013-11-19 11:50:00,686.7409
4556,2013-11-19 12:00:00,743.152
4556,2013-11-19 12:10:00,766.97345
4556,2013-11-19 12:20:00,676.1889
4556,2013-11-19 12:30:00,777.54584
4556,2013-11-19 12:40:00,717.45306
4556,2013-11-19 12:50:00,627.7531
4556,2013-11-19 13:00:00,551.94806
4556,2013-11-19 13:10:00,613.8019
4556,2013-11-19 13:20:00,541.0441
4556,2013-11-19 13:30:00,483.68704
4556,2013-11-19 13:40:00,615.54095
4556,2013-11-19 13:50:00,579.3431
4556,2013-11-19 14:00:00,587.4678
4556,2013-11-19 14:10:00,583.1409
4556,2013-11-19 14:20:00,668.8558
4556,2013-11-19 14:30:00,628.49695
4556,2013-11-19 14:40:00,601.3611
4556,2013-11-19 14:50:00,587.3445
4556,2013-11-19 15:00:00,551.2084
4556,2013-11-19 15:10:00,611.5111
4556,2013-11-19 15:20:00,658.1531
4556,2013-11-19 15:30:00,682.7061
4556,2013-11-19 15:40:00,599.85516
4556,2013-11-19 15:50:00,596.805
4556,2013-11-19 16:00:00,553.7251
4556,2013-11-19 16:10:00,587.223
4556,2013-11-19 16:20:00,534.8605
4556,2013-11-19 16:30:00,485.24762
4556,2013-11-19 16:40:00,557.72986
4556,2013-11-19 16:50:00,567.179
4556,2013-11-19 17:00:00,577.85724
4556,2013-11-19 17:10:00,699.30707
4556,2013-11-19 17:20:00,742.76855
4556,2013-11-19 17:30:00,677.7004
4556,2013-11-19 17:40:00,682.2044
4556,2013-11-19 17:50:00,692.48505
4556,2013-11-19 18:00:00,753.4248
4556,2013-11-19 18:10:00,628.0056
4556,2013-11-19 18:20:00,652.0201
4556,2013-11-19 18:30:00,702.1015
4556,2013-11-19 18:40:00,721.2146
4556,2013-11-19 18:50:00,892.55255
4556,2013-11-19 19:00:00,966.34265
4556,2013-11-19 19:10:00,872.42737
4556,2013-11-19 19:20:00,787.92
4556,2013-11-19 19:30:00,743.5438
4556,2013-11-19 19:40:00,886.6844
4556,2013-11-19 19:50:00,777.6549
4556,2013-11-19 20:00:00,845.66656
4556,2013-11-19 20:10:00,753.26306
4556,2013-11-19 20:20:00,696.45105
4556,2013-11-19 20:30:00,813.62616
4556,2013-11-19 20:40:00,722.80475
4556,2013-11-19 20:50:00,1053.7245
4556,2013-11-19 21:00:00,861.8459
4556,2013-11-19 21:10:00,874.66425
4556,2013-11-19 21:20:00,861.7574
4556,2013-11-19 21:30:00,873.7039
4556,2013-11-19 21:40:00,931.51624
4556,2013-11-19 21:50:00,728.67145
4556,2013-11-19 22:00:00,964.3654
4556,2013-11-19 22:10:00,866.0279
4556,2013-11-19 22:20:00,777.44543
4556,2013-11-19 22:30:00,793.6198
4556,2013-11-19 22:40:00,708.2528
4556,2013-11-19 22:50:00,637.43274
4556,2013-11-19 23:00:00,800.66315
4556,2013-11-19 23:10:00,665.7055
4556,2013-11-19 23:20:00,785.3906
4556,2013-11-19 23:30:00,760.84924
4556,2013-11-19 23:40:00,694.1668
4556,2013-11-19 23:50:00,508.5509
4556,2013-11-20 00:00:00,677.2669
4556,2013-11-20 00:10:00,608.6478
4556,2013-11-20 00:20:00,427.39365
4556,2013-11-20 00:30:00,400.8548
4556,2013-11-20 00:40:00,351.4447
4556,2013-11-20 00:50:00,372.59857
4556,2013-11-20 01:00:00,382.70563
4556,2013-11-20 01:10:00,316.74234
4556,2013-11-20 01:20:00,290.81815
4556,2013-11-20 01:30:00,300.00586
4556,2013-11-20 01:40:00,281.0545
4556,2013-11-20 01:50:00,288.0617
4556,2013-11-20 02:00:00,266.48544
4556,2013-11-20 02:10:00,270.36923
4556,2013-11-20 02:20:00,302.47168
4556,2013-11-20 02:30:00,303.37027
4556,2013-11-20 02:40:00,387.78912
4556,2013-11-20 02:50:00,285.9904
4556,2013-11-20 03:00:00,230.58119
4556,2013-11-20 03:10:00,238.57
4556,2013-11-20 03:20:00,229.60822
4556,2013-11-20 03:30:00,219.67174
4556,2013-11-20 03:40:00,228.97487
4556,2013-11-20 03:50:00,233.65994
4556,2013-11-20 04:00:00,218.68616
4556,2013-11-20 04:10:00,217.07574
4556,2013-11-20 04:20:00,227.89299
4556,2013-11-20 04:30:00,221.57245
4556,2013-11-20 04:40:00,241.38722
4556,2013-11-20 04:50:00,296.47452
4556,2013-11-20 05:00:00,249.08295
4556,2013-11-20 05:10:00,240.57503
4556,2013-11-20 05:20:00,301.14215
4556,2013-11-20 05:30:00,271.3409
4556,2013-11-20 05:40:00,291.15497
4556,2013-11-20 05:50:00,280.44244
4556,2013-11-20 06:00:00,312.48444
4556,2013-11-20 06:10:00,293.29602
4556,2013-11-20 06:20:00,480.10284
4556,2013-11-20 06:30:00,404.42526
4556,2013-11-20 06:40:00,385.01843
4556,2013-11-20 06:50:00,414.73386
4556,2013-11-20 07:00:00,503.54218
4556,2013-11-20 07:10:00,500.92453
4556,2013-11-20 07:20:00,554.95264
4556,2013-11-20 07:30:00,530.3027
4556,2013-11-20 07:40:00,567.3834
4556,2013-11-20 07:50:00,702.3581
4556,2013-11-20 08:00:00,533.9391
4556,2013-11-20 08:10:00,539.3263
4556,2013-11-20 08:20:00,717.7737
4556,2013-11-20 08:30:00,639.7606
4556,2013-11-20 08:40:00,590.0849
4556,2013-11-20 08:50:00,653.45703
4556,2013-11-20 09:00:00,593.91797
4556,2013-11-20 09:10:00,550.89923
4556,2013-11-20 09:20:00,503.92755
4556,2013-11-20 09:30:00,535.02466
4556,2013-11-20 09:40:00,649.75653
4556,2013-11-20 09:50:00,555.46643
4556,2013-11-20 10:00:00,679.38934
4556,2013-11-20 10:10:00,700.15625
4556,2013-11-20 10:20:00,601.3423
4556,2013-11-20 10:30:00,632.2516
4556,2013-11-20 10:40:00,723.4608
4556,2013-11-20 10:50:00,662.6095
4556,2013-11-20 11:00:00,582.1959
4556,2013-11-20 11:10:00,600.2371
4556,2013-11-20 11:20:00,662.94714
4556,2013-11-20 11:30:00,598.81537
4556,2013-11-20 11:40:00,535.4529
4556,2013-11-20 11:50:00,647.0829
4556,2013-11-20 12:00:00,609.2974
4556,2013-11-20 12:10:00,586.9364
4556,2013-11-20 12:20:00,591.3341
4556,2013-11-20 12:30:00,620.3279
4556,2013-11-20 12:40:00,674.8967
4556,2013-11-20 12:50:00,655.1071
4556,2013-11-20 13:00:00,699.47095
4556,2013-11-20 13:10:00,644.07623
4556,2013-11-20 13:20:00,805.46625
4556,2013-11-20 13:30:00,550.4552
4556,2013-11-20 13:40:00,526.1532
4556,2013-11-20 13:50:00,539.16846
4556,2013-11-20 14:00:00,534.9789
4556,2013-11-20 14:10:00,463.79688
4556,2013-11-20 14:20:00,537.7799
4556,2013-11-20 14:30:00,541.8832
4556,2013-11-20 14:40:00,665.41595
4556,2013-11-20 14:50:00,526.12933
4556,2013-11-20 15:00:00,491.37076
4556,2013-11-20 15:10:00,573.2218
4556,2013-11-20 15:20:00,483.92914
4556,2013-11-20 15:30:00,583.07635
4556,2013-11-20 15:40:00,557.5972
4556,2013-11-20 15:50:00,497.04697
4556,2013-11-20 16:00:00,540.34564
4556,2013-11-20 16:10:00,536.9642
4556,2013-11-20 16:20:00,566.655
4556,2013-11-20 16:30:00,573.5711
4556,2013-11-20 16:40:00,646.0517
4556,2013-11-20 16:50:00,648.84985
4556,2013-11-20 17:00:00,610.9406
4556,2013-11-20 17:10:00,647.1442
4556,2013-11-20 17:20:00,805.7268
4556,2013-11-20 17:30:00,750.0489
4556,2013-11-20 17:40:00,700.6384
4556,2013-11-20 17:50:00,753.43146
4556,2013-11-20 18:00:00,662.9697
4556,2013-11-20 18:10:00,759.0401
4556,2013-11-20 18:20:00,823.29364
4556,2013-11-20 18:30:00,685.7844
4556,2013-11-20 18:40:00,734.44336
4556,2013-11-20 18:50:00,767.40875
4556,2013-11-20 19:00:00,760.4107
4556,2013-11-20 19:10:00,885.83527
4556,2013-11-20 19:20:00,938.988
4556,2013-11-20 19:30:00,865.25616
4556,2013-11-20 19:40:00,808.77734
4556,2013-11-20 19:50:00,900.9059
4556,2013-11-20 20:00:00,867.48315
4556,2013-11-20 20:10:00,864.54663
4556,2013-11-20 20:20:00,990.4684
4556,2013-11-20 20:30:00,1167.085
4556,2013-11-20 20:40:00,973.31366
4556,2013-11-20 20:50:00,973.6084
4556,2013-11-20 21:00:00,915.2562
4556,2013-11-20 21:10:00,1052.3132
4556,2013-11-20 21:20:00,950.504
4556,2013-11-20 21:30:00,859.4737
4556,2013-11-20 21:40:00,899.86725
4556,2013-11-20 21:50:00,831.38074
4556,2013-11-20 22:00:00,899.6702
4556,2013-11-20 22:10:00,932.87354
4556,2013-11-20 22:20:00,818.9719
4556,2013-11-20 22:30:00,804.90936
4556,2013-11-20 22:40:00,919.0191
4556,2013-11-20 22:50:00,1141.4347
4556,2013-11-20 23:00:00,813.31805
4556,2013-11-20 23:10:00,723.008
4556,2013-11-20 23:20:00,687.85626
4556,2013-11-20 23:30:00,709.81213
4556,2013-11-20 23:40:00,644.4205
4556,2013-11-20 23:50:00,531.559
4556,2013-11-21 00:00:00,495.69287
4556,2013-11-21 00:10:00,482.6222
4556,2013-11-21 00:20:00,386.79904
4556,2013-11-21 00:30:00,416.2249
4556,2013-11-21 00:40:00,454.21
4556,2013-11-21 00:50:00,396.27286
4556,2013-11-21 01:00:00,351.3347
4556,2013-11-21 01:10:00,359.71213
4556,2013-11-21 01:20:00,333.3334
4556,2013-11-21 01:30:00,322.6
4556,2013-11-21 01:40:00,308.85135
4556,2013-11-21 01:50:00,301.27573
4556,2013-11-21 02:00:00,269.56686
4556,2013-11-21 02:10:00,278.61655
4556,2013-11-21 02:20:00,258.2258
4556,2013-11-21 02:30:00,249.80832
4556,2013-11-21 02:40:00,246.5429
4556,2013-11-21 02:50:00,225.86082
4556,2013-11-21 03:00:00,251.38326
4556,2013-11-21 03:10:00,234.32132
4556,2013-11-21 03:20:00,209.70363
4556,2013-11-21 03:30:00,224.62575
4556,2013-11-21 03:40:00,233.41138
4556,2013-11-21 03:50:00,196.11455
4556,2013-11-21 04:00:00,216.44878
4556,2013-11-21 04:10:00,216.82997
4556,2013-11-21 04:20:00,183.26637
4556,2013-11-21 04:30:00,212.57715
4556,2013-11-21 04:40:00,208.71024
4556,2013-11-21 04:50:00,186.20575
4556,2013-11-21 05:00:00,200.6964
4556,2013-11-21 05:10:00,220.88705
4556,2013-11-21 05:20:00,200.23065
4556,2013-11-21 05:30:00,219.30756
4556,2013-11-21 05:40:00,217.71242
4556,2013-11-21 05:50:00,303.33527
4556,2013-11-21 06:00:00,252.05232
4556,2013-11-21 06:10:00,262.92114
4556,2013-11-21 06:20:00,278.23532
4556,2013-11-21 06:30:00,397.86243
4556,2013-11-21 06:40:00,376.18265
4556,2013-11-21 06:50:00,411.21304
4556,2013-11-21 07:00:00,441.1541
4556,2013-11-21 07:10:00,535.7006
4556,2013-11-21 07:20:00,471.22522
4556,2013-11-21 07:30:00,509.24915
4556,2013-11-21 07:40:00,507.77155
4556,2013-11-21 07:50:00,637.1927
4556,2013-11-21 08:00:00,577.6744
4556,2013-11-21 08:10:00,525.46484
4556,2013-11-21 08:20:00,526.87726
4556,2013-11-21 08:30:00,560.9667
4556,2013-11-21 08:40:00,589.34094
4556,2013-11-21 08:50:00,527.71234
4556,2013-11-21 09:00:00,585.41003
4556,2013-11-21 09:10:00,529.9394
4556,2013-11-21 09:20:00,623.8048
4556,2013-11-21 09:30:00,532.88214
4556,2013-11-21 09:40:00,614.1773
4556,2013-11-21 09:50:00,622.92096
4556,2013-11-21 10:00:00,657.49603
4556,2013-11-21 10:10:00,495.93893
4556,2013-11-21 10:20:00,542.1249
4556,2013-11-21 10:30:00,577.8764
4556,2013-11-21 10:40:00,647.927
4556,2013-11-21 10:50:00,574.7238
4556,2013-11-21 11:00:00,763.9193
4556,2013-11-21 11:10:00,583.1379
4556,2013-11-21 11:20:00,568.34064
4556,2013-11-21 11:30:00,683.9398
4556,2013-11-21 11:40:00,741.3577
4556,2013-11-21 11:50:00,607.3975
4556,2013-11-21 12:00:00,598.0548
4556,2013-11-21 12:10:00,716.55176
4556,2013-11-21 12:20:00,598.4027
4556,2013-11-21 12:30:00,727.61847
4556,2013-11-21 12:40:00,608.73914
4556,2013-11-21 12:50:00,629.2353
4556,2013-11-21 13:00:00,600.3762
4556,2013-11-21 13:10:00,607.5955
4556,2013-11-21 13:20:00,528.4388
4556,2013-11-21 13:30:00,624.61163
4556,2013-11-21 13:40:00,523.0217
4556,2013-11-21 13:50:00,551.89734
4556,2013-11-21 14:00:00,627.8359
4556,2013-11-21 14:10:00,552.30145
4556,2013-11-21 14:20:00,574.68054
4556,2013-11-21 14:30:00,526.0651
4556,2013-11-21 14:40:00,626.7464
4556,2013-11-21 14:50:00,637.7888
4556,2013-11-21 15:00:00,555.0365
4556,2013-11-21 15:10:00,603.3077
4556,2013-11-21 15:20:00,493.3847
4556,2013-11-21 15:30:00,519.9279
4556,2013-11-21 15:40:00,730.17004
4556,2013-11-21 15:50:00,600.11426
4556,2013-11-21 16:00:00,521.98584
4556,2013-11-21 16:10:00,630.25696
4556,2013-11-21 16:20:00,571.8106
4556,2013-11-21 16:30:00,550.47314
4556,2013-11-21 16:40:00,679.37573
4556,2013-11-21 16:50:00,732.4814
4556,2013-11-21 17:00:00,701.1747
4556,2013-11-21 17:10:00,610.2536
4556,2013-11-21 17:20:00,586.7682
4556,2013-11-21 17:30:00,784.2268
4556,2013-11-21 17:40:00,750.53864
4556,2013-11-21 17:50:00,685.1006
4556,2013-11-21 18:00:00,709.8498
4556,2013-11-21 18:10:00,693.29236
4556,2013-11-21 18:20:00,806.1793
4556,2013-11-21 18:30:00,763.63904
4556,2013-11-21 18:40:00,860.1549
4556,2013-11-21 18:50:00,802.6963
4556,2013-11-21 19:00:00,720.8102
4556,2013-11-21 19:10:00,832.33826
4556,2013-11-21 19:20:00,806.62885
4556,2013-11-21 19:30:00,874.6118
4556,2013-11-21 19:40:00,718.04395
4556,2013-11-21 19:50:00,817.1202
4556,2013-11-21 20:00:00,896.5162
4556,2013-11-21 20:10:00,812.0889
4556,2013-11-21 20:20:00,832.9068
4556,2013-11-21 20:30:00,845.4519
4556,2013-11-21 20:40:00,894.58795
4556,2013-11-21 20:50:00,888.69324
4556,2013-11-21 21:00:00,1007.7686
4556,2013-11-21 21:10:00,887.0106
4556,2013-11-21 21:20:00,852.15424
4556,2013-11-21 21:30:00,876.0457
4556,2013-11-21 21:40:00,873.1708
4556,2013-11-21 21:50:00,856.344
4556,2013-11-21 22:00:00,1000.93756
4556,2013-11-21 22:10:00,1009.8336
4556,2013-11-21 22:20:00,907.7502
4556,2013-11-21 22:30:00,799.53595
4556,2013-11-21 22:40:00,846.92206
4556,2013-11-21 22:50:00,767.9559
4556,2013-11-21 23:00:00,748.0655
4556,2013-11-21 23:10:00,735.34735
4556,2013-11-21 23:20:00,719.9003
4556,2013-11-21 23:30:00,721.4796
4556,2013-11-21 23:40:00,682.5496
4556,2013-11-21 23:50:00,652.3963
4556,2013-11-22 00:00:00,518.6489
4556,2013-11-22 00:10:00,531.5918
4556,2013-11-22 00:20:00,541.1432
4556,2013-11-22 00:30:00,512.1456
4556,2013-11-22 00:40:00,447.3814
4556,2013-11-22 00:50:00,444.12125
4556,2013-11-22 01:00:00,457.83533
4556,2013-11-22 01:10:00,425.35236
4556,2013-11-22 01:20:00,417.62756
4556,2013-11-22 01:30:00,433.3055
4556,2013-11-22 01:40:00,390.63156
4556,2013-11-22 01:50:00,372.9281
4556,2013-11-22 02:00:00,348.85812
4556,2013-11-22 02:10:00,321.32132
4556,2013-11-22 02:20:00,307.7237
4556,2013-11-22 02:30:00,302.018
4556,2013-11-22 02:40:00,278.48633
4556,2013-11-22 02:50:00,251.6552
4556,2013-11-22 03:00:00,261.21106
4556,2013-11-22 03:10:00,269.189
4556,2013-11-22 03:20:00,254.61162
4556,2013-11-22 03:30:00,271.28748
4556,2013-11-22 03:40:00,261.32452
4556,2013-11-22 03:50:00,243.1077
4556,2013-11-22 04:00:00,255.88408
4556,2013-11-22 04:10:00,257.95255
4556,2013-11-22 04:20:00,235.66716
4556,2013-11-22 04:30:00,272.3134
4556,2013-11-22 04:40:00,298.4717
4556,2013-11-22 04:50:00,388.9896
4556,2013-11-22 05:00:00,393.8591
4556,2013-11-22 05:10:00,268.2956
4556,2013-11-22 05:20:00,246.20569
4556,2013-11-22 05:30:00,260.58893
4556,2013-11-22 05:40:00,302.88834
4556,2013-11-22 05:50:00,268.22763
4556,2013-11-22 06:00:00,291.34573
4556,2013-11-22 06:10:00,332.41742
4556,2013-11-22 06:20:00,318.64478
4556,2013-11-22 06:30:00,379.42993
4556,2013-11-22 06:40:00,395.26996
4556,2013-11-22 06:50:00,509.80215
4556,2013-11-22 07:00:00,466.16107
4556,2013-11-22 07:10:00,557.3531
4556,2013-11-22 07:20:00,475.6149
4556,2013-11-22 07:30:00,606.8938
4556,2013-11-22 07:40:00,565.5647
4556,2013-11-22 07:50:00,574.6038
4556,2013-11-22 08:00:00,586.9824
4556,2013-11-22 08:10:00,520.2369
4556,2013-11-22 08:20:00,663.0941
4556,2013-11-22 08:30:00,631.54565
4556,2013-11-22 08:40:00,525.9904
4556,2013-11-22 08:50:00,489.97095
4556,2013-11-22 09:00:00,448.4588
4556,2013-11-22 09:10:00,850.0239
4556,2013-11-22 09:20:00,532.8877
4556,2013-11-22 09:30:00,445.4005
4556,2013-11-22 09:40:00,491.2906
4556,2013-11-22 09:50:00,468.66013
4556,2013-11-22 10:00:00,440.28116
4556,2013-11-22 10:10:00,630.6873
4556,2013-11-22 10:20:00,527.99585
4556,2013-11-22 10:30:00,475.34653
4556,2013-11-22 10:40:00,553.1473
4556,2013-11-22 10:50:00,508.5775
4556,2013-11-22 11:00:00,499.19052
4556,2013-11-22 11:10:00,508.14563
4556,2013-11-22 11:20:00,580.14014
4556,2013-11-22 11:30:00,483.90527
4556,2013-11-22 11:40:00,559.61176
4556,2013-11-22 11:50:00,510.67596
4556,2013-11-22 12:00:00,679.9517
4556,2013-11-22 12:10:00,628.32367
4556,2013-11-22 12:20:00,635.8538
4556,2013-11-22 12:30:00,595.02997
4556,2013-11-22 12:40:00,638.7309
4556,2013-11-22 12:50:00,746.8008
4556,2013-11-22 13:00:00,610.5177
4556,2013-11-22 13:10:00,816.6955
4556,2013-11-22 13:20:00,643.9374
4556,2013-11-22 13:30:00,643.7874
4556,2013-11-22 13:40:00,606.8137
4556,2013-11-22 13:50:00,665.8725
4556,2013-11-22 14:00:00,666.91364
4556,2013-11-22 14:10:00,654.578
4556,2013-11-22 14:20:00,588.118
4556,2013-11-22 14:30:00,602.3856
4556,2013-11-22 14:40:00,608.5949
4556,2013-11-22 14:50:00,598.78015
4556,2013-11-22 15:00:00,820.35004
4556,2013-11-22 15:10:00,613.7836
4556,2013-11-22 15:20:00,633.44574
4556,2013-11-22 15:30:00,653.73035
4556,2013-11-22 15:40:00,622.73114
4556,2013-11-22 15:50:00,623.83563
4556,2013-11-22 16:00:00,580.0587
4556,2013-11-22 16:10:00,679.52216
4556,2013-11-22 16:20:00,674.9693
4556,2013-11-22 16:30:00,622.4451
4556,2013-11-22 16:40:00,681.0091
4556,2013-11-22 16:50:00,684.5744
4556,2013-11-22 17:00:00,733.0871
4556,2013-11-22 17:10:00,701.1893
4556,2013-11-22 17:20:00,702.69714
4556,2013-11-22 17:30:00,826.7764
4556,2013-11-22 17:40:00,743.97186
4556,2013-11-22 17:50:00,848.37976
4556,2013-11-22 18:00:00,893.5524
4556,2013-11-22 18:10:00,796.6093
4556,2013-11-22 18:20:00,802.9017
4556,2013-11-22 18:30:00,873.3096
4556,2013-11-22 18:40:00,925.5138
4556,2013-11-22 18:50:00,857.2969
4556,2013-11-22 19:00:00,906.2275
4556,2013-11-22 19:10:00,821.8667
4556,2013-11-22 19:20:00,827.5527
4556,2013-11-22 19:30:00,844.9255
4556,2013-11-22 19:40:00,879.83057
4556,2013-11-22 19:50:00,963.23193
4556,2013-11-22 20:00:00,1041.1448
4556,2013-11-22 20:10:00,1061.8923
4556,2013-11-22 20:20:00,1054.0166
4556,2013-11-22 20:30:00,1066.3014
4556,2013-11-22 20:40:00,1391.8226
4556,2013-11-22 20:50:00,1140.5509
4556,2013-11-22 21:00:00,1193.555
4556,2013-11-22 21:10:00,1119.9313
4556,2013-11-22 21:20:00,1203.1399
4556,2013-11-22 21:30:00,1380.2957
4556,2013-11-22 21:40:00,1404.8402
4556,2013-11-22 21:50:00,1228.718
4556,2013-11-22 22:00:00,1413.3418
4556,2013-11-22 22:10:00,1279.9237
4556,2013-11-22 22:20:00,1081.8385
4556,2013-11-22 22:30:00,1263.5009
4556,2013-11-22 22:40:00,1230.5701
4556,2013-11-22 22:50:00,1124.3232
4556,2013-11-22 23:00:00,1196.0968
4556,2013-11-22 23:10:00,1187.3093
4556,2013-11-22 23:20:00,878.66425
4556,2013-11-22 23:30:00,966.33514
4556,2013-11-22 23:40:00,921.6021
4556,2013-11-22 23:50:00,972.8819
4556,2013-11-23 00:00:00,1195.618
4556,2013-11-23 00:10:00,886.7952
4556,2013-11-23 00:20:00,879.78613
4556,2013-11-23 00:30:00,708.91705
4556,2013-11-23 00:40:00,674.79364
4556,2013-11-23 00:50:00,679.35876
4556,2013-11-23 01:00:00,669.8968
4556,2013-11-23 01:10:00,620.2878
4556,2013-11-23 01:20:00,466.1283
4556,2013-11-23 01:30:00,490.90112
4556,2013-11-23 01:40:00,529.41187
4556,2013-11-23 01:50:00,455.5215
4556,2013-11-23 02:00:00,388.98407
4556,2013-11-23 02:10:00,462.21616
4556,2013-11-23 02:20:00,425.32156
4556,2013-11-23 02:30:00,403.97876
4556,2013-11-23 02:40:00,464.884
4556,2013-11-23 02:50:00,320.17133
4556,2013-11-23 03:00:00,326.88568
4556,2013-11-23 03:10:00,313.0693
4556,2013-11-23 03:20:00,257.0039
4556,2013-11-23 03:30:00,279.16177
4556,2013-11-23 03:40:00,280.7015
4556,2013-11-23 03:50:00,251.24544
4556,2013-11-23 04:00:00,241.64209
4556,2013-11-23 04:10:00,244.58966
4556,2013-11-23 04:20:00,273.35468
4556,2013-11-23 04:30:00,246.79094
4556,2013-11-23 04:40:00,257.34692
4556,2013-11-23 04:50:00,265.6092
4556,2013-11-23 05:00:00,234.81665
4556,2013-11-23 05:10:00,287.78595
4556,2013-11-23 05:20:00,272.1658
4556,2013-11-23 05:30:00,239.28114
4556,2013-11-23 05:40:00,275.84314
4556,2013-11-23 05:50:00,250.49846
4556,2013-11-23 06:00:00,233.61679
4556,2013-11-23 06:10:00,280.23834
4556,2013-11-23 06:20:00,244.694
4556,2013-11-23 06:30:00,282.56973
4556,2013-11-23 06:40:00,306.08398
4556,2013-11-23 06:50:00,281.5569
4556,2013-11-23 07:00:00,333.88525
4556,2013-11-23 07:10:00,366.63928
4556,2013-11-23 07:20:00,336.8837
4556,2013-11-23 07:30:00,331.51428
4556,2013-11-23 07:40:00,481.66034
4556,2013-11-23 07:50:00,476.1302
4556,2013-11-23 08:00:00,389.60678
4556,2013-11-23 08:10:00,444.22842
4556,2013-11-23 08:20:00,410.01022
4556,2013-11-23 08:30:00,494.45557
4556,2013-11-23 08:40:00,565.23175
4556,2013-11-23 08:50:00,503.88446
4556,2013-11-23 09:00:00,495.3144
4556,2013-11-23 09:10:00,476.70123
4556,2013-11-23 09:20:00,615.54065
4556,2013-11-23 09:30:00,543.99744
4556,2013-11-23 09:40:00,599.405
4556,2013-11-23 09:50:00,539.2771
4556,2013-11-23 10:00:00,579.49194
4556,2013-11-23 10:10:00,638.32715
4556,2013-11-23 10:20:00,611.102
4556,2013-11-23 10:30:00,687.4462
4556,2013-11-23 10:40:00,709.9077
4556,2013-11-23 10:50:00,663.1287
4556,2013-11-23 11:00:00,625.9084
4556,2013-11-23 11:10:00,700.70605
4556,2013-11-23 11:20:00,617.2301
4556,2013-11-23 11:30:00,630.2608
4556,2013-11-23 11:40:00,729.67535
4556,2013-11-23 11:50:00,930.4637
4556,2013-11-23 12:00:00,723.6891
4556,2013-11-23 12:10:00,657.3458
4556,2013-11-23 12:20:00,689.0124
4556,2013-11-23 12:30:00,883.6396
4556,2013-11-23 12:40:00,822.88885
4556,2013-11-23 12:50:00,1009.2418
4556,2013-11-23 13:00:00,830.8885
4556,2013-11-23 13:10:00,1016.08923
4556,2013-11-23 13:20:00,999.0675
4556,2013-11-23 13:30:00,838.46674
4556,2013-11-23 13:40:00,844.9158
4556,2013-11-23 13:50:00,874.15
4556,2013-11-23 14:00:00,904.105
4556,2013-11-23 14:10:00,874.73145
4556,2013-11-23 14:20:00,852.323
4556,2013-11-23 14:30:00,838.5161
4556,2013-11-23 14:40:00,943.9125
4556,2013-11-23 14:50:00,985.40405
4556,2013-11-23 15:00:00,1135.5085
4556,2013-11-23 15:10:00,942.2639
4556,2013-11-23 15:20:00,926.80493
4556,2013-11-23 15:30:00,814.1919
4556,2013-11-23 15:40:00,792.9528
4556,2013-11-23 15:50:00,872.0816
4556,2013-11-23 16:00:00,753.3552
4556,2013-11-23 16:10:00,720.2726
4556,2013-11-23 16:20:00,857.7504
4556,2013-11-23 16:30:00,826.4226
4556,2013-11-23 16:40:00,809.412
4556,2013-11-23 16:50:00,827.9624
4556,2013-11-23 17:00:00,647.1423
4556,2013-11-23 17:10:00,761.908
4556,2013-11-23 17:20:00,736.4756
4556,2013-11-23 17:30:00,817.0101
4556,2013-11-23 17:40:00,852.37476
4556,2013-11-23 17:50:00,923.7452
4556,2013-11-23 18:00:00,894.90344
4556,2013-11-23 18:10:00,1041.1714
4556,2013-11-23 18:20:00,828.78766
4556,2013-11-23 18:30:00,841.53033
4556,2013-11-23 18:40:00,910.8171
4556,2013-11-23 18:50:00,875.1898
4556,2013-11-23 19:00:00,1022.3451
4556,2013-11-23 19:10:00,935.86
4556,2013-11-23 19:20:00,1178.2919
4556,2013-11-23 19:30:00,1050.0905
4556,2013-11-23 19:40:00,1261.0585
4556,2013-11-23 19:50:00,1099.7188
4556,2013-11-23 20:00:00,1204.422
4556,2013-11-23 20:10:00,1464.9178
4556,2013-11-23 20:20:00,1159.8824
4556,2013-11-23 20:30:00,1282.5192
4556,2013-11-23 20:40:00,1258.3815
4556,2013-11-23 20:50:00,1537.2113
4556,2013-11-23 21:00:00,1535.8433
4556,2013-11-23 21:10:00,1352.0074
4556,2013-11-23 21:20:00,1391.6521
4556,2013-11-23 21:30:00,1590.806
4556,2013-11-23 21:40:00,1608.547
4556,2013-11-23 21:50:00,1746.6348
4556,2013-11-23 22:00:00,1386.4404
4556,2013-11-23 22:10:00,1245.8967
4556,2013-11-23 22:20:00,1208.1594
4556,2013-11-23 22:30:00,1231.7816
4556,2013-11-23 22:40:00,1164.7378
4556,2013-11-23 22:50:00,1240.5504
4556,2013-11-23 23:00:00,1095.827
4556,2013-11-23 23:10:00,1057.863
4556,2013-11-23 23:20:00,1090.9146
4556,2013-11-23 23:30:00,1282.5496
4556,2013-11-23 23:40:00,894.9309
4556,2013-11-23 23:50:00,891.80426
4556,2013-11-24 00:00:00,894.1706
4556,2013-11-24 00:10:00,972.67303
4556,2013-11-24 00:20:00,946.625
4556,2013-11-24 00:30:00,795.2382
4556,2013-11-24 00:40:00,711.8268
4556,2013-11-24 00:50:00,677.87604
4556,2013-11-24 01:00:00,653.3942
4556,2013-11-24 01:10:00,535.44543
4556,2013-11-24 01:20:00,560.09906
4556,2013-11-24 01:30:00,471.05035
4556,2013-11-24 01:40:00,588.57086
4556,2013-11-24 01:50:00,418.99146
4556,2013-11-24 02:00:00,403.2359
4556,2013-11-24 02:10:00,386.15494
4556,2013-11-24 02:20:00,351.02246
4556,2013-11-24 02:30:00,334.7611
4556,2013-11-24 02:40:00,308.983
4556,2013-11-24 02:50:00,298.00858
4556,2013-11-24 03:00:00,313.68152
4556,2013-11-24 03:10:00,322.04556
4556,2013-11-24 03:20:00,281.19955
4556,2013-11-24 03:30:00,257.669
4556,2013-11-24 03:40:00,288.75122
4556,2013-11-24 03:50:00,266.36945
4556,2013-11-24 04:00:00,236.11882
4556,2013-11-24 04:10:00,287.85226
4556,2013-11-24 04:20:00,272.48224
4556,2013-11-24 04:30:00,243.05211
4556,2013-11-24 04:40:00,272.93317
4556,2013-11-24 04:50:00,244.99812
4556,2013-11-24 05:00:00,265.3213
4556,2013-11-24 05:10:00,276.7717
4556,2013-11-24 05:20:00,261.57535
4556,2013-11-24 05:30:00,243.95961
4556,2013-11-24 05:40:00,266.37692
4556,2013-11-24 05:50:00,267.77225
4556,2013-11-24 06:00:00,251.33224
4556,2013-11-24 06:10:00,260.92014
4556,2013-11-24 06:20:00,249.21967
4556,2013-11-24 06:30:00,238.29521
4556,2013-11-24 06:40:00,224.02061
4556,2013-11-24 06:50:00,242.98177
4556,2013-11-24 07:00:00,240.27283
4556,2013-11-24 07:10:00,238.16145
4556,2013-11-24 07:20:00,247.88718
4556,2013-11-24 07:30:00,266.51074
4556,2013-11-24 07:40:00,262.68997
4556,2013-11-24 07:50:00,281.0995
4556,2013-11-24 08:00:00,292.7516
4556,2013-11-24 08:10:00,354.33987
4556,2013-11-24 08:20:00,392.12207
4556,2013-11-24 08:30:00,371.38696
4556,2013-11-24 08:40:00,391.40427
4556,2013-11-24 08:50:00,429.61716
4556,2013-11-24 09:00:00,440.3061
4556,2013-11-24 09:10:00,433.636
4556,2013-11-24 09:20:00,455.74408
4556,2013-11-24 09:30:00,527.495
4556,2013-11-24 09:40:00,630.92334
4556,2013-11-24 09:50:00,586.1267
4556,2013-11-24 10:00:00,636.72473
4556,2013-11-24 10:10:00,605.1372
4556,2013-11-24 10:20:00,691.3285
4556,2013-11-24 10:30:00,714.7455
4556,2013-11-24 10:40:00,624.7258
4556,2013-11-24 10:50:00,621.32166
4556,2013-11-24 11:00:00,1027.0038
4556,2013-11-24 11:10:00,867.7576
4556,2013-11-24 11:20:00,890.7643
4556,2013-11-24 11:30:00,969.2032
4556,2013-11-24 11:40:00,862.1432
4556,2013-11-24 11:50:00,782.63074
4556,2013-11-24 12:00:00,994.67664
4556,2013-11-24 12:10:00,880.8589
4556,2013-11-24 12:20:00,951.8281
4556,2013-11-24 12:30:00,1103.434
4556,2013-11-24 12:40:00,1151.2544
4556,2013-11-24 12:50:00,1150.3286
4556,2013-11-24 13:00:00,1241.395
4556,2013-11-24 13:10:00,1045.4675
4556,2013-11-24 13:20:00,1125.5525
4556,2013-11-24 13:30:00,1112.2947
4556,2013-11-24 13:40:00,995.9686
4556,2013-11-24 13:50:00,1027.1382
4556,2013-11-24 14:00:00,1055.2904
4556,2013-11-24 14:10:00,1050.258
4556,2013-11-24 14:20:00,1000.0368
4556,2013-11-24 14:30:00,1003.05786
4556,2013-11-24 14:40:00,978.5733
4556,2013-11-24 14:50:00,1071.8937
4556,2013-11-24 15:00:00,909.14795
4556,2013-11-24 15:10:00,879.40125
4556,2013-11-24 15:20:00,940.5166
4556,2013-11-24 15:30:00,1128.5122
4556,2013-11-24 15:40:00,1295.7574
4556,2013-11-24 15:50:00,921.891
4556,2013-11-24 16:00:00,813.57074
4556,2013-11-24 16:10:00,882.2308
4556,2013-11-24 16:20:00,1069.4131
4556,2013-11-24 16:30:00,812.43054
4556,2013-11-24 16:40:00,776.4832
4556,2013-11-24 16:50:00,796.905
4556,2013-11-24 17:00:00,825.48926
4556,2013-11-24 17:10:00,881.87354
4556,2013-11-24 17:20:00,827.85785
4556,2013-11-24 17:30:00,919.15643
4556,2013-11-24 17:40:00,1043.4005
4556,2013-11-24 17:50:00,939.97095
4556,2013-11-24 18:00:00,1031.3711
4556,2013-11-24 18:10:00,773.6325
4556,2013-11-24 18:20:00,765.98755
4556,2013-11-24 18:30:00,935.36865
4556,2013-11-24 18:40:00,1304.6305
4556,2013-11-24 18:50:00,1059.6581
4556,2013-11-24 19:00:00,1158.0942
4556,2013-11-24 19:10:00,1076.9014
4556,2013-11-24 19:20:00,787.2677
4556,2013-11-24 19:30:00,824.5581
4556,2013-11-24 19:40:00,871.4924
4556,2013-11-24 19:50:00,1003.6811
4556,2013-11-24 20:00:00,1000.1473
4556,2013-11-24 20:10:00,960.7878
4556,2013-11-24 20:20:00,1020.0559
4556,2013-11-24 20:30:00,940.42487
4556,2013-11-24 20:40:00,1013.69916
4556,2013-11-24 20:50:00,996.0509
4556,2013-11-24 21:00:00,1076.8064
4556,2013-11-24 21:10:00,1011.33716
4556,2013-11-24 21:20:00,922.5763
4556,2013-11-24 21:30:00,1181.6346
4556,2013-11-24 21:40:00,998.4928
4556,2013-11-24 21:50:00,1041.8448
4556,2013-11-24 22:00:00,787.93915
4556,2013-11-24 22:10:00,764.8411
4556,2013-11-24 22:20:00,805.0865
4556,2013-11-24 22:30:00,729.4683
4556,2013-11-24 22:40:00,737.617
4556,2013-11-24 22:50:00,833.29407
4556,2013-11-24 23:00:00,830.99603
4556,2013-11-24 23:10:00,638.5885
4556,2013-11-24 23:20:00,659.0722
4556,2013-11-24 23:30:00,593.2967
4556,2013-11-24 23:40:00,530.4734
4556,2013-11-24 23:50:00,638.1847
4556,2013-11-25 00:00:00,430.43362
4556,2013-11-25 00:10:00,456.42795
4556,2013-11-25 00:20:00,468.59387
4556,2013-11-25 00:30:00,406.31287
4556,2013-11-25 00:40:00,392.6597
4556,2013-11-25 00:50:00,355.70724
4556,2013-11-25 01:00:00,340.50583
4556,2013-11-25 01:10:00,339.08502
4556,2013-11-25 01:20:00,380.82578
4556,2013-11-25 01:30:00,313.4846
4556,2013-11-25 01:40:00,324.78616
4556,2013-11-25 01:50:00,311.13593
4556,2013-11-25 02:00:00,324.73654
4556,2013-11-25 02:10:00,323.96878
4556,2013-11-25 02:20:00,304.8567
4556,2013-11-25 02:30:00,316.3052
4556,2013-11-25 02:40:00,285.47876
4556,2013-11-25 02:50:00,358.94452
4556,2013-11-25 03:00:00,567.76855
4556,2013-11-25 03:10:00,379.42288
4556,2013-11-25 03:20:00,443.26038
4556,2013-11-25 03:30:00,284.22913
4556,2013-11-25 03:40:00,282.5143
4556,2013-11-25 03:50:00,261.57538
4556,2013-11-25 04:00:00,241.13171
4556,2013-11-25 04:10:00,297.07904
4556,2013-11-25 04:20:00,273.24725
4556,2013-11-25 04:30:00,298.34048
4556,2013-11-25 04:40:00,240.34225
4556,2013-11-25 04:50:00,276.9509
4556,2013-11-25 05:00:00,268.15976
4556,2013-11-25 05:10:00,325.26678
4556,2013-11-25 05:20:00,292.0466
4556,2013-11-25 05:30:00,294.28513
4556,2013-11-25 05:40:00,312.09238
4556,2013-11-25 05:50:00,280.85406
4556,2013-11-25 06:00:00,246.7653
4556,2013-11-25 06:10:00,301.50082
4556,2013-11-25 06:20:00,337.71332
4556,2013-11-25 06:30:00,348.55157
4556,2013-11-25 06:40:00,388.28
4556,2013-11-25 06:50:00,425.52536
4556,2013-11-25 07:00:00,468.35773
4556,2013-11-25 07:10:00,460.32205
4556,2013-11-25 07:20:00,556.255
4556,2013-11-25 07:30:00,474.43967
4556,2013-11-25 07:40:00,471.86667
4556,2013-11-25 07:50:00,514.30475
4556,2013-11-25 08:00:00,567.23413
4556,2013-11-25 08:10:00,540.88513
4556,2013-11-25 08:20:00,458.4721
4556,2013-11-25 08:30:00,417.24982
4556,2013-11-25 08:40:00,472.59225
4556,2013-11-25 08:50:00,514.22614
4556,2013-11-25 09:00:00,550.66394
4556,2013-11-25 09:10:00,452.92508
4556,2013-11-25 09:20:00,515.7627
4556,2013-11-25 09:30:00,548.333
4556,2013-11-25 09:40:00,583.98083
4556,2013-11-25 09:50:00,616.7882
4556,2013-11-25 10:00:00,400.43402
4556,2013-11-25 10:10:00,402.7599
4556,2013-11-25 10:20:00,498.74112
4556,2013-11-25 10:30:00,579.34753
4556,2013-11-25 10:40:00,425.8919
4556,2013-11-25 10:50:00,606.5247
4556,2013-11-25 11:00:00,411.46765
4556,2013-11-25 11:10:00,440.04776
4556,2013-11-25 11:20:00,430.3595
4556,2013-11-25 11:30:00,493.0405
4556,2013-11-25 11:40:00,474.57547
4556,2013-11-25 11:50:00,478.9677
4556,2013-11-25 12:00:00,500.45084
4556,2013-11-25 12:10:00,550.98346
4556,2013-11-25 12:20:00,510.623
4556,2013-11-25 12:30:00,520.674
4556,2013-11-25 12:40:00,486.94092
4556,2013-11-25 12:50:00,516.2096
4556,2013-11-25 13:00:00,522.9999
4556,2013-11-25 13:10:00,629.194
4556,2013-11-25 13:20:00,537.9833
4556,2013-11-25 13:30:00,496.06763
4556,2013-11-25 13:40:00,503.662
4556,2013-11-25 13:50:00,613.54535
4556,2013-11-25 14:00:00,481.4364
4556,2013-11-25 14:10:00,449.00214
4556,2013-11-25 14:20:00,477.50775
4556,2013-11-25 14:30:00,473.8321
4556,2013-11-25 14:40:00,572.01306
4556,2013-11-25 14:50:00,640.4767
4556,2013-11-25 15:00:00,465.50534
4556,2013-11-25 15:10:00,444.06854
4556,2013-11-25 15:20:00,581.6489
4556,2013-11-25 15:30:00,541.2726
4556,2013-11-25 15:40:00,544.0275
4556,2013-11-25 15:50:00,489.6389
4556,2013-11-25 16:00:00,519.1943
4556,2013-11-25 16:10:00,483.13367
4556,2013-11-25 16:20:00,478.35397
4556,2013-11-25 16:30:00,465.53952
4556,2013-11-25 16:40:00,462.12607
4556,2013-11-25 16:50:00,510.99255
4556,2013-11-25 17:00:00,592.1905
4556,2013-11-25 17:10:00,488.64923
4556,2013-11-25 17:20:00,483.60498
4556,2013-11-25 17:30:00,607.1582
4556,2013-11-25 17:40:00,584.7682
4556,2013-11-25 17:50:00,604.0547
4556,2013-11-25 18:00:00,637.1844
4556,2013-11-25 18:10:00,625.5284
4556,2013-11-25 18:20:00,577.9292
4556,2013-11-25 18:30:00,724.46704
4556,2013-11-25 18:40:00,705.6528
4556,2013-11-25 18:50:00,746.533
4556,2013-11-25 19:00:00,775.1494
4556,2013-11-25 19:10:00,808.11786
4556,2013-11-25 19:20:00,703.1723
4556,2013-11-25 19:30:00,726.9094
4556,2013-11-25 19:40:00,695.0088
4556,2013-11-25 19:50:00,696.363
4556,2013-11-25 20:00:00,728.41565
4556,2013-11-25 20:10:00,697.3648
4556,2013-11-25 20:20:00,786.40643
4556,2013-11-25 20:30:00,797.9299
4556,2013-11-25 20:40:00,747.04083
4556,2013-11-25 20:50:00,731.10614
4556,2013-11-25 21:00:00,840.1575
4556,2013-11-25 21:10:00,645.2347
4556,2013-11-25 21:20:00,625.20026
4556,2013-11-25 21:30:00,608.7468
4556,2013-11-25 21:40:00,675.1942
4556,2013-11-25 21:50:00,668.56635
4556,2013-11-25 22:00:00,633.75165
4556,2013-11-25 22:10:00,659.41626
4556,2013-11-25 22:20:00,570.1725
4556,2013-11-25 22:30:00,563.90875
4556,2013-11-25 22:40:00,631.05615
4556,2013-11-25 22:50:00,530.8571
4556,2013-11-25 23:00:00,491.43845
4556,2013-11-25 23:10:00,504.28912
4556,2013-11-25 23:20:00,629.47473
4556,2013-11-25 23:30:00,536.97266
4556,2013-11-25 23:40:00,455.58005
4556,2013-11-25 23:50:00,426.70303
4556,2013-11-26 00:00:00,436.79733
4556,2013-11-26 00:10:00,404.99835
4556,2013-11-26 00:20:00,396.68515
4556,2013-11-26 00:30:00,452.69412
4556,2013-11-26 00:40:00,321.2029
4556,2013-11-26 00:50:00,336.36862
4556,2013-11-26 01:00:00,328.69507
4556,2013-11-26 01:10:00,282.84503
4556,2013-11-26 01:20:00,300.4819
4556,2013-11-26 01:30:00,287.74332
4556,2013-11-26 01:40:00,317.56116
4556,2013-11-26 01:50:00,290.63223
4556,2013-11-26 02:00:00,309.78577
4556,2013-11-26 02:10:00,272.2243
4556,2013-11-26 02:20:00,247.43042
4556,2013-11-26 02:30:00,254.89589
4556,2013-11-26 02:40:00,374.73474
4556,2013-11-26 02:50:00,224.34903
4556,2013-11-26 03:00:00,236.00357
4556,2013-11-26 03:10:00,232.88078
4556,2013-11-26 03:20:00,222.40402
4556,2013-11-26 03:30:00,229.77594
4556,2013-11-26 03:40:00,230.92455
4556,2013-11-26 03:50:00,216.28804
4556,2013-11-26 04:00:00,220.4335
4556,2013-11-26 04:10:00,225.3993
4556,2013-11-26 04:20:00,213.76764
4556,2013-11-26 04:30:00,210.46185
4556,2013-11-26 04:40:00,233.52031
4556,2013-11-26 04:50:00,202.06267
4556,2013-11-26 05:00:00,228.3109
4556,2013-11-26 05:10:00,255.92735
4556,2013-11-26 05:20:00,265.7919
4556,2013-11-26 05:30:00,279.94894
4556,2013-11-26 05:40:00,300.54208
4556,2013-11-26 05:50:00,259.23337
4556,2013-11-26 06:00:00,278.09296
4556,2013-11-26 06:10:00,312.82428
4556,2013-11-26 06:20:00,389.27548
4556,2013-11-26 06:30:00,377.44495
4556,2013-11-26 06:40:00,392.12262
4556,2013-11-26 06:50:00,469.1179
4556,2013-11-26 07:00:00,444.37674
4556,2013-11-26 07:10:00,453.935
4556,2013-11-26 07:20:00,498.67242
4556,2013-11-26 07:30:00,513.9211
4556,2013-11-26 07:40:00,496.05225
4556,2013-11-26 07:50:00,468.9133
4556,2013-11-26 08:00:00,542.42145
4556,2013-11-26 08:10:00,767.105
4556,2013-11-26 08:20:00,536.05426
4556,2013-11-26 08:30:00,508.66736
4556,2013-11-26 08:40:00,486.5699
4556,2013-11-26 08:50:00,444.27344
4556,2013-11-26 09:00:00,521.0371
4556,2013-11-26 09:10:00,499.72382
4556,2013-11-26 09:20:00,505.46463
4556,2013-11-26 09:30:00,606.6613
4556,2013-11-26 09:40:00,498.24142
4556,2013-11-26 09:50:00,526.12866
4556,2013-11-26 10:00:00,551.844
4556,2013-11-26 10:10:00,675.8785
4556,2013-11-26 10:20:00,514.2637
4556,2013-11-26 10:30:00,489.00485
4556,2013-11-26 10:40:00,484.1951
4556,2013-11-26 10:50:00,487.4194
4556,2013-11-26 11:00:00,497.36862
4556,2013-11-26 11:10:00,592.9489
4556,2013-11-26 11:20:00,506.30533
4556,2013-11-26 11:30:00,459.6824
4556,2013-11-26 11:40:00,527.32086
4556,2013-11-26 11:50:00,572.3253
4556,2013-11-26 12:00:00,497.64258
4556,2013-11-26 12:10:00,483.10745
4556,2013-11-26 12:20:00,465.19345
4556,2013-11-26 12:30:00,505.10684
4556,2013-11-26 12:40:00,606.82245
4556,2013-11-26 12:50:00,543.19977
4556,2013-11-26 13:00:00,581.0411
4556,2013-11-26 13:10:00,637.33344
4556,2013-11-26 13:20:00,612.8186
4556,2013-11-26 13:30:00,627.573
4556,2013-11-26 13:40:00,551.0741
4556,2013-11-26 13:50:00,598.08795
4556,2013-11-26 14:00:00,570.6048
4556,2013-11-26 14:10:00,545.0526
4556,2013-11-26 14:20:00,524.8212
4556,2013-11-26 14:30:00,554.01874
4556,2013-11-26 14:40:00,525.2124
4556,2013-11-26 14:50:00,567.16345
4556,2013-11-26 15:00:00,600.2114
4556,2013-11-26 15:10:00,545.6608
4556,2013-11-26 15:20:00,521.09186
4556,2013-11-26 15:30:00,721.9694
4556,2013-11-26 15:40:00,653.46405
4556,2013-11-26 15:50:00,624.16156
4556,2013-11-26 16:00:00,607.6725
4556,2013-11-26 16:10:00,636.06006
4556,2013-11-26 16:20:00,612.0055
4556,2013-11-26 16:30:00,570.27216
4556,2013-11-26 16:40:00,571.80334
4556,2013-11-26 16:50:00,636.0723
4556,2013-11-26 17:00:00,572.0541
4556,2013-11-26 17:10:00,617.56396
4556,2013-11-26 17:20:00,586.52814
4556,2013-11-26 17:30:00,602.16077
4556,2013-11-26 17:40:00,646.4945
4556,2013-11-26 17:50:00,690.82666
4556,2013-11-26 18:00:00,709.5458
4556,2013-11-26 18:10:00,687.46606
4556,2013-11-26 18:20:00,722.00195
4556,2013-11-26 18:30:00,724.7555
4556,2013-11-26 18:40:00,704.6328
4556,2013-11-26 18:50:00,684.8029
4556,2013-11-26 19:00:00,695.10583
4556,2013-11-26 19:10:00,946.1781
4556,2013-11-26 19:20:00,701.94403
4556,2013-11-26 19:30:00,752.97595
4556,2013-11-26 19:40:00,848.45404
4556,2013-11-26 19:50:00,751.04474
4556,2013-11-26 20:00:00,898.60144
4556,2013-11-26 20:10:00,876.0251
4556,2013-11-26 20:20:00,896.1044
4556,2013-11-26 20:30:00,888.8416
4556,2013-11-26 20:40:00,966.9187
4556,2013-11-26 20:50:00,1018.77106
4556,2013-11-26 21:00:00,1005.7872
4556,2013-11-26 21:10:00,921.39233
4556,2013-11-26 21:20:00,956.80273
4556,2013-11-26 21:30:00,845.3442
4556,2013-11-26 21:40:00,861.379
4556,2013-11-26 21:50:00,742.8014
4556,2013-11-26 22:00:00,1126.8647
4556,2013-11-26 22:10:00,1060.4247
4556,2013-11-26 22:20:00,852.74164
4556,2013-11-26 22:30:00,845.83014
4556,2013-11-26 22:40:00,719.3022
4556,2013-11-26 22:50:00,665.98395
4556,2013-11-26 23:00:00,631.10254
4556,2013-11-26 23:10:00,581.29144
4556,2013-11-26 23:20:00,516.6017
4556,2013-11-26 23:30:00,527.7504
4556,2013-11-26 23:40:00,494.1436
4556,2013-11-26 23:50:00,484.7351
4556,2013-11-27 00:00:00,535.2198
4556,2013-11-27 00:10:00,430.0179
4556,2013-11-27 00:20:00,401.45862
4556,2013-11-27 00:30:00,396.03638
4556,2013-11-27 00:40:00,368.69067
4556,2013-11-27 00:50:00,349.07974
4556,2013-11-27 01:00:00,352.91095
4556,2013-11-27 01:10:00,321.89505
4556,2013-11-27 01:20:00,318.65494
4556,2013-11-27 01:30:00,303.10257
4556,2013-11-27 01:40:00,276.99622
4556,2013-11-27 01:50:00,265.4173
4556,2013-11-27 02:00:00,262.39767
4556,2013-11-27 02:10:00,247.37247
4556,2013-11-27 02:20:00,249.70529
4556,2013-11-27 02:30:00,266.01468
4556,2013-11-27 02:40:00,235.68654
4556,2013-11-27 02:50:00,237.97745
4556,2013-11-27 03:00:00,246.43982
4556,2013-11-27 03:10:00,228.95667
4556,2013-11-27 03:20:00,240.33061
4556,2013-11-27 03:30:00,244.4845
4556,2013-11-27 03:40:00,237.04149
4556,2013-11-27 03:50:00,231.76987
4556,2013-11-27 04:00:00,222.50616
4556,2013-11-27 04:10:00,241.32498
4556,2013-11-27 04:20:00,228.71599
4556,2013-11-27 04:30:00,224.66502
4556,2013-11-27 04:40:00,243.392
4556,2013-11-27 04:50:00,245.09125
4556,2013-11-27 05:00:00,249.19612
4556,2013-11-27 05:10:00,245.44646
4556,2013-11-27 05:20:00,272.99008
4556,2013-11-27 05:30:00,280.0732
4556,2013-11-27 05:40:00,275.059
4556,2013-11-27 05:50:00,283.6474
4556,2013-11-27 06:00:00,300.52643
4556,2013-11-27 06:10:00,319.9904
4556,2013-11-27 06:20:00,364.46335
4556,2013-11-27 06:30:00,428.68137
4556,2013-11-27 06:40:00,395.1112
4556,2013-11-27 06:50:00,397.81235
4556,2013-11-27 07:00:00,515.4105
4556,2013-11-27 07:10:00,537.9887
4556,2013-11-27 07:20:00,489.843
4556,2013-11-27 07:30:00,692.4401
4556,2013-11-27 07:40:00,552.32947
4556,2013-11-27 07:50:00,654.11017
4556,2013-11-27 08:00:00,666.8717
4556,2013-11-27 08:10:00,527.70844
4556,2013-11-27 08:20:00,464.5606
4556,2013-11-27 08:30:00,526.7811
4556,2013-11-27 08:40:00,437.82053
4556,2013-11-27 08:50:00,533.98474
4556,2013-11-27 09:00:00,510.96503
4556,2013-11-27 09:10:00,467.2279
4556,2013-11-27 09:20:00,528.7678
4556,2013-11-27 09:30:00,509.9302
4556,2013-11-27 09:40:00,550.5148
4556,2013-11-27 09:50:00,535.06824
4556,2013-11-27 10:00:00,444.511
4556,2013-11-27 10:10:00,525.7105
4556,2013-11-27 10:20:00,568.8641
4556,2013-11-27 10:30:00,518.21484
4556,2013-11-27 10:40:00,509.32965
4556,2013-11-27 10:50:00,514.74603
4556,2013-11-27 11:00:00,550.3664
4556,2013-11-27 11:10:00,515.4965
4556,2013-11-27 11:20:00,466.6955
4556,2013-11-27 11:30:00,556.5209
4556,2013-11-27 11:40:00,519.12885
4556,2013-11-27 11:50:00,558.3178
4556,2013-11-27 12:00:00,574.44714
4556,2013-11-27 12:10:00,487.20734
4556,2013-11-27 12:20:00,551.1966
4556,2013-11-27 12:30:00,692.817
4556,2013-11-27 12:40:00,774.9146
4556,2013-11-27 12:50:00,639.5881
4556,2013-11-27 13:00:00,557.5118
4556,2013-11-27 13:10:00,680.46497
4556,2013-11-27 13:20:00,715.95776
4556,2013-11-27 13:30:00,585.80054
4556,2013-11-27 13:40:00,551.18604
4556,2013-11-27 13:50:00,561.7298
4556,2013-11-27 14:00:00,565.412
4556,2013-11-27 14:10:00,705.6872
4556,2013-11-27 14:20:00,682.0008
4556,2013-11-27 14:30:00,618.6858
4556,2013-11-27 14:40:00,590.4551
4556,2013-11-27 14:50:00,530.0179
4556,2013-11-27 15:00:00,568.2405
4556,2013-11-27 15:10:00,617.9657
4556,2013-11-27 15:20:00,657.29095
4556,2013-11-27 15:30:00,667.1895
4556,2013-11-27 15:40:00,582.4253
4556,2013-11-27 15:50:00,588.9675
4556,2013-11-27 16:00:00,518.25275
4556,2013-11-27 16:10:00,587.9338
4556,2013-11-27 16:20:00,559.8663
4556,2013-11-27 16:30:00,552.0728
4556,2013-11-27 16:40:00,591.20087
4556,2013-11-27 16:50:00,610.9846
4556,2013-11-27 17:00:00,643.4971
4556,2013-11-27 17:10:00,629.7244
4556,2013-11-27 17:20:00,546.2088
4556,2013-11-27 17:30:00,668.6177
4556,2013-11-27 17:40:00,687.8494
4556,2013-11-27 17:50:00,714.19824
4556,2013-11-27 18:00:00,626.8135
4556,2013-11-27 18:10:00,746.1589
4556,2013-11-27 18:20:00,1047.9655
4556,2013-11-27 18:30:00,864.7846
4556,2013-11-27 18:40:00,846.5091
4556,2013-11-27 18:50:00,797.02423
4556,2013-11-27 19:00:00,783.83124
4556,2013-11-27 19:10:00,914.6319
4556,2013-11-27 19:20:00,843.97504
4556,2013-11-27 19:30:00,1085.9097
4556,2013-11-27 19:40:00,876.0215
4556,2013-11-27 19:50:00,803.91504
4556,2013-11-27 20:00:00,807.1305
4556,2013-11-27 20:10:00,960.9227
4556,2013-11-27 20:20:00,940.95013
4556,2013-11-27 20:30:00,980.53986
4556,2013-11-27 20:40:00,945.3916
4556,2013-11-27 20:50:00,911.8282
4556,2013-11-27 21:00:00,890.3529
4556,2013-11-27 21:10:00,867.5138
4556,2013-11-27 21:20:00,937.25946
4556,2013-11-27 21:30:00,929.9369
4556,2013-11-27 21:40:00,912.65436
4556,2013-11-27 21:50:00,815.49756
4556,2013-11-27 22:00:00,927.7819
4556,2013-11-27 22:10:00,911.37494
4556,2013-11-27 22:20:00,1022.9626
4556,2013-11-27 22:30:00,781.4191
4556,2013-11-27 22:40:00,682.5451
4556,2013-11-27 22:50:00,677.0323
4556,2013-11-27 23:00:00,771.4142
4556,2013-11-27 23:10:00,1053.0922
4556,2013-11-27 23:20:00,563.3866
4556,2013-11-27 23:30:00,557.4215
4556,2013-11-27 23:40:00,537.03
4556,2013-11-27 23:50:00,495.56567
4556,2013-11-28 00:00:00,499.72623
4556,2013-11-28 00:10:00,499.70026
4556,2013-11-28 00:20:00,452.6202
4556,2013-11-28 00:30:00,435.13852
4556,2013-11-28 00:40:00,414.13693
4556,2013-11-28 00:50:00,364.0069
4556,2013-11-28 01:00:00,363.72485
4556,2013-11-28 01:10:00,365.61026
4556,2013-11-28 01:20:00,347.8174
4556,2013-11-28 01:30:00,319.52075
4556,2013-11-28 01:40:00,300.9224
4556,2013-11-28 01:50:00,243.5981
4556,2013-11-28 02:00:00,384.61603
4556,2013-11-28 02:10:00,504.80908
4556,2013-11-28 02:20:00,310.0437
4556,2013-11-28 02:30:00,216.10469
4556,2013-11-28 02:40:00,254.92136
4556,2013-11-28 02:50:00,273.768
4556,2013-11-28 03:00:00,210.0047
4556,2013-11-28 03:10:00,243.47409
4556,2013-11-28 03:20:00,254.81491
4556,2013-11-28 03:30:00,208.0292
4556,2013-11-28 03:40:00,252.3096
4556,2013-11-28 03:50:00,244.83617
4556,2013-11-28 04:00:00,215.23956
4556,2013-11-28 04:10:00,214.87196
4556,2013-11-28 04:20:00,210.37386
4556,2013-11-28 04:30:00,219.91582
4556,2013-11-28 04:40:00,233.07501
4556,2013-11-28 04:50:00,212.37518
4556,2013-11-28 05:00:00,242.56862
4556,2013-11-28 05:10:00,244.81256
4556,2013-11-28 05:20:00,233.18317
4556,2013-11-28 05:30:00,244.89998
4556,2013-11-28 05:40:00,283.52792
4556,2013-11-28 05:50:00,243.60411
4556,2013-11-28 06:00:00,238.46721
4556,2013-11-28 06:10:00,343.8799
4556,2013-11-28 06:20:00,338.43936
4556,2013-11-28 06:30:00,342.64844
4556,2013-11-28 06:40:00,364.54477
4556,2013-11-28 06:50:00,397.86224
4556,2013-11-28 07:00:00,424.80914
4556,2013-11-28 07:10:00,482.72028
4556,2013-11-28 07:20:00,479.81903
4556,2013-11-28 07:30:00,563.39307
4556,2013-11-28 07:40:00,609.19824
4556,2013-11-28 07:50:00,521.8778
4556,2013-11-28 08:00:00,575.13074
4556,2013-11-28 08:10:00,484.60223
4556,2013-11-28 08:20:00,478.85724
4556,2013-11-28 08:30:00,510.5761
4556,2013-11-28 08:40:00,529.86285
4556,2013-11-28 08:50:00,671.78986
4556,2013-11-28 09:00:00,535.0767
4556,2013-11-28 09:10:00,550.643
4556,2013-11-28 09:20:00,487.42386
4556,2013-11-28 09:30:00,499.70572
4556,2013-11-28 09:40:00,537.4044
4556,2013-11-28 09:50:00,487.67554
4556,2013-11-28 10:00:00,444.7654
4556,2013-11-28 10:10:00,523.975
4556,2013-11-28 10:20:00,573.161
4556,2013-11-28 10:30:00,615.5506
4556,2013-11-28 10:40:00,515.21967
4556,2013-11-28 10:50:00,615.60944
4556,2013-11-28 11:00:00,601.04016
4556,2013-11-28 11:10:00,633.85376
4556,2013-11-28 11:20:00,461.06195
4556,2013-11-28 11:30:00,568.16565
4556,2013-11-28 11:40:00,675.02234
4556,2013-11-28 11:50:00,653.2767
4556,2013-11-28 12:00:00,533.7247
4556,2013-11-28 12:10:00,562.5026
4556,2013-11-28 12:20:00,771.06824
4556,2013-11-28 12:30:00,656.71716
4556,2013-11-28 12:40:00,615.8355
4556,2013-11-28 12:50:00,602.77747
4556,2013-11-28 13:00:00,602.5452
4556,2013-11-28 13:10:00,624.21454
4556,2013-11-28 13:20:00,632.54596
4556,2013-11-28 13:30:00,618.2717
4556,2013-11-28 13:40:00,569.1166
4556,2013-11-28 13:50:00,556.88153
4556,2013-11-28 14:00:00,558.8258
4556,2013-11-28 14:10:00,535.0738
4556,2013-11-28 14:20:00,520.3652
4556,2013-11-28 14:30:00,578.3307
4556,2013-11-28 14:40:00,623.4048
4556,2013-11-28 14:50:00,574.8716
4556,2013-11-28 15:00:00,460.33392
4556,2013-11-28 15:10:00,527.0092
4556,2013-11-28 15:20:00,485.47662
4556,2013-11-28 15:30:00,602.52386
4556,2013-11-28 15:40:00,578.6339
4556,2013-11-28 15:50:00,690.10114
4556,2013-11-28 16:00:00,549.40356
4556,2013-11-28 16:10:00,553.9777
4556,2013-11-28 16:20:00,522.8006
4556,2013-11-28 16:30:00,510.16995
4556,2013-11-28 16:40:00,581.2856
4556,2013-11-28 16:50:00,546.9983
4556,2013-11-28 17:00:00,644.2249
4556,2013-11-28 17:10:00,635.3289
4556,2013-11-28 17:20:00,566.89166
4556,2013-11-28 17:30:00,589.7485
4556,2013-11-28 17:40:00,576.76843
4556,2013-11-28 17:50:00,585.00305
4556,2013-11-28 18:00:00,634.78204
4556,2013-11-28 18:10:00,574.4313
4556,2013-11-28 18:20:00,700.22943
4556,2013-11-28 18:30:00,726.4675
4556,2013-11-28 18:40:00,786.14813
4556,2013-11-28 18:50:00,715.3305
4556,2013-11-28 19:00:00,915.68066
4556,2013-11-28 19:10:00,834.5854
4556,2013-11-28 19:20:00,795.22076
4556,2013-11-28 19:30:00,733.1666
4556,2013-11-28 19:40:00,800.12994
4556,2013-11-28 19:50:00,718.9539
4556,2013-11-28 20:00:00,808.80206
4556,2013-11-28 20:10:00,874.63965
4556,2013-11-28 20:20:00,795.6874
4556,2013-11-28 20:30:00,841.91187
4556,2013-11-28 20:40:00,798.9935
4556,2013-11-28 20:50:00,851.8891
4556,2013-11-28 21:00:00,834.5085
4556,2013-11-28 21:10:00,859.15564
4556,2013-11-28 21:20:00,848.5392
4556,2013-11-28 21:30:00,831.8595
4556,2013-11-28 21:40:00,937.2675
4556,2013-11-28 21:50:00,861.49493
4556,2013-11-28 22:00:00,879.2055
4556,2013-11-28 22:10:00,877.6267
4556,2013-11-28 22:20:00,790.22675
4556,2013-11-28 22:30:00,742.6887
4556,2013-11-28 22:40:00,671.99695
4556,2013-11-28 22:50:00,738.70355
4556,2013-11-28 23:00:00,654.07556
4556,2013-11-28 23:10:00,674.08154
4556,2013-11-28 23:20:00,596.4328
4556,2013-11-28 23:30:00,501.19452
4556,2013-11-28 23:40:00,490.49277
4556,2013-11-28 23:50:00,530.22363
4556,2013-11-29 00:00:00,488.5739
4556,2013-11-29 00:10:00,512.9093
4556,2013-11-29 00:20:00,459.41003
4556,2013-11-29 00:30:00,420.33304
4556,2013-11-29 00:40:00,403.505
4556,2013-11-29 00:50:00,393.76132
4556,2013-11-29 01:00:00,364.03827
4556,2013-11-29 01:10:00,352.69223
4556,2013-11-29 01:20:00,318.10272
4556,2013-11-29 01:30:00,336.87674
4556,2013-11-29 01:40:00,328.43512
4556,2013-11-29 01:50:00,325.98288
4556,2013-11-29 02:00:00,323.12128
4556,2013-11-29 02:10:00,277.1357
4556,2013-11-29 02:20:00,291.71442
4556,2013-11-29 02:30:00,293.01083
4556,2013-11-29 02:40:00,275.61597
4556,2013-11-29 02:50:00,276.00784
4556,2013-11-29 03:00:00,261.38983
4556,2013-11-29 03:10:00,232.1415
4556,2013-11-29 03:20:00,246.11887
4556,2013-11-29 03:30:00,229.43929
4556,2013-11-29 03:40:00,243.01898
4556,2013-11-29 03:50:00,215.45258
4556,2013-11-29 04:00:00,233.90944
4556,2013-11-29 04:10:00,228.79356
4556,2013-11-29 04:20:00,227.27072
4556,2013-11-29 04:30:00,244.60028
4556,2013-11-29 04:40:00,220.76569
4556,2013-11-29 04:50:00,242.05316
4556,2013-11-29 05:00:00,237.60374
4556,2013-11-29 05:10:00,215.8405
4556,2013-11-29 05:20:00,245.83813
4556,2013-11-29 05:30:00,250.69093
4556,2013-11-29 05:40:00,242.36061
4556,2013-11-29 05:50:00,272.99304
4556,2013-11-29 06:00:00,284.6578
4556,2013-11-29 06:10:00,279.2504
4556,2013-11-29 06:20:00,294.39658
4556,2013-11-29 06:30:00,343.9836
4556,2013-11-29 06:40:00,356.14835
4556,2013-11-29 06:50:00,382.99472
4556,2013-11-29 07:00:00,416.35916
4556,2013-11-29 07:10:00,515.4482
4556,2013-11-29 07:20:00,517.3089
4556,2013-11-29 07:30:00,728.9374
4556,2013-11-29 07:40:00,506.2548
4556,2013-11-29 07:50:00,587.0714
4556,2013-11-29 08:00:00,531.1744
4556,2013-11-29 08:10:00,672.9411
4556,2013-11-29 08:20:00,485.1421
4556,2013-11-29 08:30:00,491.3192
4556,2013-11-29 08:40:00,578.2363
4556,2013-11-29 08:50:00,499.60147
4556,2013-11-29 09:00:00,457.34067
4556,2013-11-29 09:10:00,483.4213
4556,2013-11-29 09:20:00,540.2765
4556,2013-11-29 09:30:00,471.73013
4556,2013-11-29 09:40:00,461.4247
4556,2013-11-29 09:50:00,466.4744
4556,2013-11-29 10:00:00,597.5575
4556,2013-11-29 10:10:00,607.1021
4556,2013-11-29 10:20:00,900.3897
4556,2013-11-29 10:30:00,752.2828
4556,2013-11-29 10:40:00,571.38403
4556,2013-11-29 10:50:00,486.61832
4556,2013-11-29 11:00:00,520.10394
4556,2013-11-29 11:10:00,504.17407
4556,2013-11-29 11:20:00,653.86426
4556,2013-11-29 11:30:00,540.1332
4556,2013-11-29 11:40:00,623.5125
4556,2013-11-29 11:50:00,591.7992
4556,2013-11-29 12:00:00,565.9938
4556,2013-11-29 12:10:00,657.2181
4556,2013-11-29 12:20:00,547.5845
4556,2013-11-29 12:30:00,583.9553
4556,2013-11-29 12:40:00,632.2513
4556,2013-11-29 12:50:00,636.32574
4556,2013-11-29 13:00:00,840.7527
4556,2013-11-29 13:10:00,684.9187
4556,2013-11-29 13:20:00,709.6384
4556,2013-11-29 13:30:00,711.6474
4556,2013-11-29 13:40:00,781.0091
4556,2013-11-29 13:50:00,664.221
4556,2013-11-29 14:00:00,566.6135
4556,2013-11-29 14:10:00,715.96063
4556,2013-11-29 14:20:00,675.5581
4556,2013-11-29 14:30:00,616.20825
4556,2013-11-29 14:40:00,558.4066
4556,2013-11-29 14:50:00,532.67206
4556,2013-11-29 15:00:00,562.52405
4556,2013-11-29 15:10:00,526.3532
4556,2013-11-29 15:20:00,550.2456
4556,2013-11-29 15:30:00,660.0693
4556,2013-11-29 15:40:00,637.8565
4556,2013-11-29 15:50:00,654.7967
4556,2013-11-29 16:00:00,507.19965
4556,2013-11-29 16:10:00,598.32355
4556,2013-11-29 16:20:00,617.10834
4556,2013-11-29 16:30:00,566.9602
4556,2013-11-29 16:40:00,565.41095
4556,2013-11-29 16:50:00,604.4172
4556,2013-11-29 17:00:00,561.67267
4556,2013-11-29 17:10:00,650.1624
4556,2013-11-29 17:20:00,604.0795
4556,2013-11-29 17:30:00,610.9824
4556,2013-11-29 17:40:00,688.077
4556,2013-11-29 17:50:00,716.0533
4556,2013-11-29 18:00:00,649.26355
4556,2013-11-29 18:10:00,608.5385
4556,2013-11-29 18:20:00,673.90247
4556,2013-11-29 18:30:00,692.44885
4556,2013-11-29 18:40:00,746.728
4556,2013-11-29 18:50:00,716.2773
4556,2013-11-29 19:00:00,806.75635
4556,2013-11-29 19:10:00,838.1079
4556,2013-11-29 19:20:00,810.23834
4556,2013-11-29 19:30:00,860.1171
4556,2013-11-29 19:40:00,914.73566
4556,2013-11-29 19:50:00,901.3025
4556,2013-11-29 20:00:00,1046.979
4556,2013-11-29 20:10:00,1039.631
4556,2013-11-29 20:20:00,895.21063
4556,2013-11-29 20:30:00,988.667
4556,2013-11-29 20:40:00,1015.39886
4556,2013-11-29 20:50:00,1072.6337
4556,2013-11-29 21:00:00,1096.976
4556,2013-11-29 21:10:00,1029.9144
4556,2013-11-29 21:20:00,983.1417
4556,2013-11-29 21:30:00,1340.0568
4556,2013-11-29 21:40:00,1323.3599
4556,2013-11-29 21:50:00,1238.0504
4556,2013-11-29 22:00:00,1246.119
4556,2013-11-29 22:10:00,1152.0295
4556,2013-11-29 22:20:00,977.7306
4556,2013-11-29 22:30:00,1117.3523
4556,2013-11-29 22:40:00,1149.6898
4556,2013-11-29 22:50:00,1181.8977
4556,2013-11-29 23:00:00,1089.121
4556,2013-11-29 23:10:00,963.5547
4556,2013-11-29 23:20:00,968.9414
4556,2013-11-29 23:30:00,853.0657
4556,2013-11-29 23:40:00,804.30164
4556,2013-11-29 23:50:00,787.2557
4556,2013-11-30 00:00:00,856.86633
4556,2013-11-30 00:10:00,824.79004
4556,2013-11-30 00:20:00,730.95337
4556,2013-11-30 00:30:00,585.9488
4556,2013-11-30 00:40:00,524.7691
4556,2013-11-30 00:50:00,565.46
4556,2013-11-30 01:00:00,452.06754
4556,2013-11-30 01:10:00,456.9385
4556,2013-11-30 01:20:00,415.4121
4556,2013-11-30 01:30:00,396.57254
4556,2013-11-30 01:40:00,411.6497
4556,2013-11-30 01:50:00,351.77307
4556,2013-11-30 02:00:00,342.19824
4556,2013-11-30 02:10:00,326.48105
4556,2013-11-30 02:20:00,326.00577
4556,2013-11-30 02:30:00,308.93747
4556,2013-11-30 02:40:00,309.58356
4556,2013-11-30 02:50:00,335.85037
4556,2013-11-30 03:00:00,328.3926
4556,2013-11-30 03:10:00,404.62872
4556,2013-11-30 03:20:00,357.91296
4556,2013-11-30 03:30:00,323.35648
4556,2013-11-30 03:40:00,314.19006
4556,2013-11-30 03:50:00,287.629
4556,2013-11-30 04:00:00,278.7233
4556,2013-11-30 04:10:00,304.2031
4556,2013-11-30 04:20:00,320.53262
4556,2013-11-30 04:30:00,233.4271
4556,2013-11-30 04:40:00,270.56625
4556,2013-11-30 04:50:00,242.31061
4556,2013-11-30 05:00:00,215.38458
4556,2013-11-30 05:10:00,258.7259
4556,2013-11-30 05:20:00,242.55396
4556,2013-11-30 05:30:00,282.9123
4556,2013-11-30 05:40:00,262.41083
4556,2013-11-30 05:50:00,274.4229
4556,2013-11-30 06:00:00,244.45691
4556,2013-11-30 06:10:00,293.87543
4556,2013-11-30 06:20:00,306.87573
4556,2013-11-30 06:30:00,263.68472
4556,2013-11-30 06:40:00,281.63052
4556,2013-11-30 06:50:00,301.76648
4556,2013-11-30 07:00:00,303.51657
4556,2013-11-30 07:10:00,304.38654
4556,2013-11-30 07:20:00,295.1031
4556,2013-11-30 07:30:00,429.53735
4556,2013-11-30 07:40:00,388.92883
4556,2013-11-30 07:50:00,472.05557
4556,2013-11-30 08:00:00,310.95648
4556,2013-11-30 08:10:00,367.6442
4556,2013-11-30 08:20:00,569.2625
4556,2013-11-30 08:30:00,483.2889
4556,2013-11-30 08:40:00,442.77136
4556,2013-11-30 08:50:00,343.5433
4556,2013-11-30 09:00:00,465.64328
4556,2013-11-30 09:10:00,484.15814
4556,2013-11-30 09:20:00,397.21878
4556,2013-11-30 09:30:00,499.05084
4556,2013-11-30 09:40:00,432.0741
4556,2013-11-30 09:50:00,517.3607
4556,2013-11-30 10:00:00,499.2754
4556,2013-11-30 10:10:00,544.8957
4556,2013-11-30 10:20:00,597.7223
4556,2013-11-30 10:30:00,543.2098
4556,2013-11-30 10:40:00,512.4014
4556,2013-11-30 10:50:00,502.69885
4556,2013-11-30 11:00:00,507.49924
4556,2013-11-30 11:10:00,569.5881
4556,2013-11-30 11:20:00,527.7375
4556,2013-11-30 11:30:00,461.21255
4556,2013-11-30 11:40:00,514.4894
4556,2013-11-30 11:50:00,553.5018
4556,2013-11-30 12:00:00,622.39166
4556,2013-11-30 12:10:00,650.23834
4556,2013-11-30 12:20:00,668.39984
4556,2013-11-30 12:30:00,622.4592
4556,2013-11-30 12:40:00,661.29694
4556,2013-11-30 12:50:00,562.48944
4556,2013-11-30 13:00:00,598.01263
4556,2013-11-30 13:10:00,609.4063
4556,2013-11-30 13:20:00,769.30695
4556,2013-11-30 13:30:00,701.1053
4556,2013-11-30 13:40:00,731.86163
4556,2013-11-30 13:50:00,602.3826
4556,2013-11-30 14:00:00,661.9149
4556,2013-11-30 14:10:00,548.17773
4556,2013-11-30 14:20:00,553.2658
4556,2013-11-30 14:30:00,527.59875
4556,2013-11-30 14:40:00,581.24744
4556,2013-11-30 14:50:00,568.83887
4556,2013-11-30 15:00:00,574.0835
4556,2013-11-30 15:10:00,667.5333
4556,2013-11-30 15:20:00,554.5794
4556,2013-11-30 15:30:00,616.1067
4556,2013-11-30 15:40:00,514.1488
4556,2013-11-30 15:50:00,651.28046
4556,2013-11-30 16:00:00,608.63574
4556,2013-11-30 16:10:00,729.4472
4556,2013-11-30 16:20:00,623.40546
4556,2013-11-30 16:30:00,668.002
4556,2013-11-30 16:40:00,585.69885
4556,2013-11-30 16:50:00,712.1367
4556,2013-11-30 17:00:00,551.4177
4556,2013-11-30 17:10:00,579.57025
4556,2013-11-30 17:20:00,555.81696
4556,2013-11-30 17:30:00,568.6366
4556,2013-11-30 17:40:00,593.0362
4556,2013-11-30 17:50:00,703.7991
4556,2013-11-30 18:00:00,792.5609
4556,2013-11-30 18:10:00,815.84503
4556,2013-11-30 18:20:00,648.83276
4556,2013-11-30 18:30:00,714.105
4556,2013-11-30 18:40:00,758.9105
4556,2013-11-30 18:50:00,851.12695
4556,2013-11-30 19:00:00,779.8562
4556,2013-11-30 19:10:00,844.9912
4556,2013-11-30 19:20:00,753.1588
4556,2013-11-30 19:30:00,844.5132
4556,2013-11-30 19:40:00,792.511
4556,2013-11-30 19:50:00,902.5273
4556,2013-11-30 20:00:00,1148.1584
4556,2013-11-30 20:10:00,945.33026
4556,2013-11-30 20:20:00,927.74365
4556,2013-11-30 20:30:00,1041.2325
4556,2013-11-30 20:40:00,1009.7758
4556,2013-11-30 20:50:00,1098.4739
4556,2013-11-30 21:00:00,1014.0346
4556,2013-11-30 21:10:00,1193.4059
4556,2013-11-30 21:20:00,1273.0159
4556,2013-11-30 21:30:00,1088.891
4556,2013-11-30 21:40:00,1157.733
4556,2013-11-30 21:50:00,1060.2856
4556,2013-11-30 22:00:00,1150.5914
4556,2013-11-30 22:10:00,1304.5503
4556,2013-11-30 22:20:00,1289.4274
4556,2013-11-30 22:30:00,1221.8735
4556,2013-11-30 22:40:00,1637.0059
4556,2013-11-30 22:50:00,1226.271
4556,2013-11-30 23:00:00,1196.409
4556,2013-11-30 23:10:00,1276.6967
4556,2013-11-30 23:20:00,1190.8998
4556,2013-11-30 23:30:00,1162.5012
4556,2013-11-30 23:40:00,1171.9049
4556,2013-11-30 23:50:00,992.2801
4556,2013-12-01 00:00:00,1218.3448
4556,2013-12-01 00:10:00,873.7471
4556,2013-12-01 00:20:00,864.138
4556,2013-12-01 00:30:00,798.0971
4556,2013-12-01 00:40:00,784.51306
4556,2013-12-01 00:50:00,775.01013
4556,2013-12-01 01:00:00,619.13617
4556,2013-12-01 01:10:00,662.6603
4556,2013-12-01 01:20:00,538.16907
4556,2013-12-01 01:30:00,410.17664
4556,2013-12-01 01:40:00,447.4945
4556,2013-12-01 01:50:00,471.04968
4556,2013-12-01 02:00:00,354.0435
4556,2013-12-01 02:10:00,338.79626
4556,2013-12-01 02:20:00,313.54794
4556,2013-12-01 02:30:00,291.09012
4556,2013-12-01 02:40:00,288.76562
4556,2013-12-01 02:50:00,282.98914
4556,2013-12-01 03:00:00,285.40707
4556,2013-12-01 03:10:00,279.15292
4556,2013-12-01 03:20:00,259.36218
4556,2013-12-01 03:30:00,240.68823
4556,2013-12-01 03:40:00,265.22116
4556,2013-12-01 03:50:00,241.66982
4556,2013-12-01 04:00:00,228.34412
4556,2013-12-01 04:10:00,232.1611
4556,2013-12-01 04:20:00,217.50006
4556,2013-12-01 04:30:00,237.18282
4556,2013-12-01 04:40:00,238.16672
4556,2013-12-01 04:50:00,220.29373
4556,2013-12-01 05:00:00,208.56781
4556,2013-12-01 05:10:00,211.19743
4556,2013-12-01 05:20:00,215.45117
4556,2013-12-01 05:30:00,198.94522
4556,2013-12-01 05:40:00,197.61212
4556,2013-12-01 05:50:00,200.879
4556,2013-12-01 06:00:00,203.83093
4556,2013-12-01 06:10:00,212.38106
4556,2013-12-01 06:20:00,202.69797
4556,2013-12-01 06:30:00,200.12843
4556,2013-12-01 06:40:00,211.56464
4556,2013-12-01 06:50:00,242.7277
4556,2013-12-01 07:00:00,211.94936
4556,2013-12-01 07:10:00,241.65706
4556,2013-12-01 07:20:00,230.27473
4556,2013-12-01 07:30:00,270.3136
4556,2013-12-01 07:40:00,300.55585
4556,2013-12-01 07:50:00,265.6859
4556,2013-12-01 08:00:00,314.2108
4556,2013-12-01 08:10:00,296.46997
4556,2013-12-01 08:20:00,361.07364
4556,2013-12-01 08:30:00,298.5265
4556,2013-12-01 08:40:00,290.09067
4556,2013-12-01 08:50:00,337.68735
4556,2013-12-01 09:00:00,391.17282
4556,2013-12-01 09:10:00,338.96286
4556,2013-12-01 09:20:00,347.0739
4556,2013-12-01 09:30:00,374.76437
4556,2013-12-01 09:40:00,379.73376
4556,2013-12-01 09:50:00,455.1122
4556,2013-12-01 10:00:00,460.4987
4556,2013-12-01 10:10:00,461.9608
4556,2013-12-01 10:20:00,431.66302
4556,2013-12-01 10:30:00,441.93405
4556,2013-12-01 10:40:00,463.85703
4556,2013-12-01 10:50:00,470.7067
4556,2013-12-01 11:00:00,558.8439
4556,2013-12-01 11:10:00,582.05524
4556,2013-12-01 11:20:00,541.9071
4556,2013-12-01 11:30:00,568.4994
4556,2013-12-01 11:40:00,609.7037
4556,2013-12-01 11:50:00,548.62897
4556,2013-12-01 12:00:00,654.1089
4556,2013-12-01 12:10:00,719.7416
4556,2013-12-01 12:20:00,544.7126
4556,2013-12-01 12:30:00,633.1767
4556,2013-12-01 12:40:00,735.8762
4556,2013-12-01 12:50:00,774.8079
4556,2013-12-01 13:00:00,582.4804
4556,2013-12-01 13:10:00,695.0686
4556,2013-12-01 13:20:00,554.5704
4556,2013-12-01 13:30:00,774.0964
4556,2013-12-01 13:40:00,714.9093
4556,2013-12-01 13:50:00,711.70856
4556,2013-12-01 14:00:00,629.88354
4556,2013-12-01 14:10:00,769.27905
4556,2013-12-01 14:20:00,739.2867
4556,2013-12-01 14:30:00,703.16595
4556,2013-12-01 14:40:00,637.66785
4556,2013-12-01 14:50:00,683.883
4556,2013-12-01 15:00:00,634.0561
4556,2013-12-01 15:10:00,647.5505
4556,2013-12-01 15:20:00,665.68
4556,2013-12-01 15:30:00,689.46564
4556,2013-12-01 15:40:00,700.19586
4556,2013-12-01 15:50:00,872.867
4556,2013-12-01 16:00:00,583.88873
4556,2013-12-01 16:10:00,631.8783
4556,2013-12-01 16:20:00,676.7152
4556,2013-12-01 16:30:00,621.49133
4556,2013-12-01 16:40:00,632.35333
4556,2013-12-01 16:50:00,606.3669
4556,2013-12-01 17:00:00,655.4692
4556,2013-12-01 17:10:00,715.7715
4556,2013-12-01 17:20:00,808.8745
4556,2013-12-01 17:30:00,665.1504
4556,2013-12-01 17:40:00,653.664
4556,2013-12-01 17:50:00,659.7226
4556,2013-12-01 18:00:00,688.2523
4556,2013-12-01 18:10:00,603.56635
4556,2013-12-01 18:20:00,746.84674
4556,2013-12-01 18:30:00,636.3245
4556,2013-12-01 18:40:00,638.38916
4556,2013-12-01 18:50:00,745.85425
4556,2013-12-01 19:00:00,942.3247
4556,2013-12-01 19:10:00,757.5366
4556,2013-12-01 19:20:00,720.30804
4556,2013-12-01 19:30:00,791.88153
4556,2013-12-01 19:40:00,922.09186
4556,2013-12-01 19:50:00,820.0745
4556,2013-12-01 20:00:00,768.3915
4556,2013-12-01 20:10:00,886.2992
4556,2013-12-01 20:20:00,687.5435
4556,2013-12-01 20:30:00,837.3204
4556,2013-12-01 20:40:00,899.1304
4556,2013-12-01 20:50:00,956.2309
4556,2013-12-01 21:00:00,754.062
4556,2013-12-01 21:10:00,764.1114
4556,2013-12-01 21:20:00,713.31085
4556,2013-12-01 21:30:00,754.6983
4556,2013-12-01 21:40:00,663.6683
4556,2013-12-01 21:50:00,649.48975
4556,2013-12-01 22:00:00,656.33856
4556,2013-12-01 22:10:00,725.0318
4556,2013-12-01 22:20:00,598.193
4556,2013-12-01 22:30:00,667.22046
4556,2013-12-01 22:40:00,505.03366
4556,2013-12-01 22:50:00,567.1993
4556,2013-12-01 23:00:00,584.1498
4556,2013-12-01 23:10:00,465.0405
4556,2013-12-01 23:20:00,522.77014
4556,2013-12-01 23:30:00,475.8122
4556,2013-12-01 23:40:00,392.98633
4556,2013-12-01 23:50:00,474.80902
4556,2013-12-02 00:00:00,375.64514
4556,2013-12-02 00:10:00,344.20233
4556,2013-12-02 00:20:00,384.22995
4556,2013-12-02 00:30:00,336.6126
4556,2013-12-02 00:40:00,308.01712
4556,2013-12-02 00:50:00,306.45792
4556,2013-12-02 01:00:00,277.96185
4556,2013-12-02 01:10:00,300.71146
4556,2013-12-02 01:20:00,278.21594
4556,2013-12-02 01:30:00,284.45837
4556,2013-12-02 01:40:00,312.88043
4556,2013-12-02 01:50:00,254.50908
4556,2013-12-02 02:00:00,275.3473
4556,2013-12-02 02:10:00,238.26602
4556,2013-12-02 02:20:00,237.9471
4556,2013-12-02 02:30:00,230.31175
4556,2013-12-02 02:40:00,238.97491
4556,2013-12-02 02:50:00,227.16591
4556,2013-12-02 03:00:00,225.78305
4556,2013-12-02 03:10:00,234.57584
4556,2013-12-02 03:20:00,213.93239
4556,2013-12-02 03:30:00,220.52394
4556,2013-12-02 03:40:00,241.56078
4556,2013-12-02 03:50:00,213.05875
4556,2013-12-02 04:00:00,217.95753
4556,2013-12-02 04:10:00,244.80576
4556,2013-12-02 04:20:00,213.82767
4556,2013-12-02 04:30:00,217.71458
4556,2013-12-02 04:40:00,233.93222
4556,2013-12-02 04:50:00,225.84412
4556,2013-12-02 05:00:00,222.50027
4556,2013-12-02 05:10:00,236.38734
4556,2013-12-02 05:20:00,256.49542
4556,2013-12-02 05:30:00,260.6569
4556,2013-12-02 05:40:00,272.1717
4556,2013-12-02 05:50:00,262.82736
4556,2013-12-02 06:00:00,254.39362
4556,2013-12-02 06:10:00,319.3352
4556,2013-12-02 06:20:00,321.57202
4556,2013-12-02 06:30:00,419.96616
4556,2013-12-02 06:40:00,386.18558
4556,2013-12-02 06:50:00,367.15848
4556,2013-12-02 07:00:00,414.6158
4556,2013-12-02 07:10:00,444.03647
4556,2013-12-02 07:20:00,539.53925
4556,2013-12-02 07:30:00,555.51086
4556,2013-12-02 07:40:00,564.642
4556,2013-12-02 07:50:00,647.27094
4556,2013-12-02 08:00:00,507.66986
4556,2013-12-02 08:10:00,517.3198
4556,2013-12-02 08:20:00,571.19977
4556,2013-12-02 08:30:00,548.8248
4556,2013-12-02 08:40:00,502.20673
4556,2013-12-02 08:50:00,465.73416
4556,2013-12-02 09:00:00,503.85056
4556,2013-12-02 09:10:00,541.17163
4556,2013-12-02 09:20:00,466.9365
4556,2013-12-02 09:30:00,447.16138
4556,2013-12-02 09:40:00,524.0006
4556,2013-12-02 09:50:00,432.9075
4556,2013-12-02 10:00:00,497.10184
4556,2013-12-02 10:10:00,603.1825
4556,2013-12-02 10:20:00,454.71133
4556,2013-12-02 10:30:00,460.27316
4556,2013-12-02 10:40:00,456.39203
4556,2013-12-02 10:50:00,467.43698
4556,2013-12-02 11:00:00,465.10117
4556,2013-12-02 11:10:00,490.0344
4556,2013-12-02 11:20:00,481.1369
4556,2013-12-02 11:30:00,494.71014
4556,2013-12-02 11:40:00,487.3641
4556,2013-12-02 11:50:00,475.7743
4556,2013-12-02 12:00:00,592.65485
4556,2013-12-02 12:10:00,643.5078
4556,2013-12-02 12:20:00,843.58844
4556,2013-12-02 12:30:00,948.52966
4556,2013-12-02 12:40:00,729.4541
4556,2013-12-02 12:50:00,524.4257
4556,2013-12-02 13:00:00,553.44507
4556,2013-12-02 13:10:00,685.3828
4556,2013-12-02 13:20:00,617.7442
4556,2013-12-02 13:30:00,596.5946
4556,2013-12-02 13:40:00,563.613
4556,2013-12-02 13:50:00,551.27625
4556,2013-12-02 14:00:00,599.7425
4556,2013-12-02 14:10:00,546.53687
4556,2013-12-02 14:20:00,560.82104
4556,2013-12-02 14:30:00,551.7504
4556,2013-12-02 14:40:00,566.184
4556,2013-12-02 14:50:00,541.71747
4556,2013-12-02 15:00:00,552.6137
4556,2013-12-02 15:10:00,556.1247
4556,2013-12-02 15:20:00,483.13495
4556,2013-12-02 15:30:00,483.42307
4556,2013-12-02 15:40:00,549.15265
4556,2013-12-02 15:50:00,539.32715
4556,2013-12-02 16:00:00,665.0444
4556,2013-12-02 16:10:00,619.27356
4556,2013-12-02 16:20:00,716.5796
4556,2013-12-02 16:30:00,591.4336
4556,2013-12-02 16:40:00,508.06912
4556,2013-12-02 16:50:00,573.68756
4556,2013-12-02 17:00:00,561.5764
4556,2013-12-02 17:10:00,516.5571
4556,2013-12-02 17:20:00,655.34686
4556,2013-12-02 17:30:00,619.5176
4556,2013-12-02 17:40:00,573.22186
4556,2013-12-02 17:50:00,530.99426
4556,2013-12-02 18:00:00,605.4013
4556,2013-12-02 18:10:00,591.0272
4556,2013-12-02 18:20:00,765.08777
4556,2013-12-02 18:30:00,646.5401
4556,2013-12-02 18:40:00,661.6509
4556,2013-12-02 18:50:00,729.0771
4556,2013-12-02 19:00:00,689.26
4556,2013-12-02 19:10:00,660.6281
4556,2013-12-02 19:20:00,766.22815
4556,2013-12-02 19:30:00,759.512
4556,2013-12-02 19:40:00,710.47314
4556,2013-12-02 19:50:00,842.8216
4556,2013-12-02 20:00:00,956.15576
4556,2013-12-02 20:10:00,807.97626
4556,2013-12-02 20:20:00,706.772
4556,2013-12-02 20:30:00,665.7175
4556,2013-12-02 20:40:00,729.8663
4556,2013-12-02 20:50:00,729.193
4556,2013-12-02 21:00:00,700.8082
4556,2013-12-02 21:10:00,696.93097
4556,2013-12-02 21:20:00,707.1746
4556,2013-12-02 21:30:00,595.55615
4556,2013-12-02 21:40:00,643.5935
4556,2013-12-02 21:50:00,716.26385
4556,2013-12-02 22:00:00,910.4191
4556,2013-12-02 22:10:00,610.75323
4556,2013-12-02 22:20:00,721.6601
4556,2013-12-02 22:30:00,586.8555
4556,2013-12-02 22:40:00,558.4703
4556,2013-12-02 22:50:00,592.0146
4556,2013-12-02 23:00:00,676.36835
4556,2013-12-02 23:10:00,656.5407
4556,2013-12-02 23:20:00,553.15356
4556,2013-12-02 23:30:00,444.18073
4556,2013-12-02 23:40:00,357.44952
4556,2013-12-02 23:50:00,381.03732
4556,2013-12-03 00:00:00,429.82703
4556,2013-12-03 00:10:00,425.4481
4556,2013-12-03 00:20:00,361.18945
4556,2013-12-03 00:30:00,336.61362
4556,2013-12-03 00:40:00,300.23795
4556,2013-12-03 00:50:00,319.00497
4556,2013-12-03 01:00:00,320.6586
4556,2013-12-03 01:10:00,277.4398
4556,2013-12-03 01:20:00,281.11038
4556,2013-12-03 01:30:00,273.49567
4556,2013-12-03 01:40:00,291.31525
4556,2013-12-03 01:50:00,328.5786
4556,2013-12-03 02:00:00,250.42181
4556,2013-12-03 02:10:00,261.72778
4556,2013-12-03 02:20:00,286.50153
4556,2013-12-03 02:30:00,253.9371
4556,2013-12-03 02:40:00,281.53622
4556,2013-12-03 02:50:00,315.42978
4556,2013-12-03 03:00:00,271.79037
4556,2013-12-03 03:10:00,270.3989
4556,2013-12-03 03:20:00,270.22595
4556,2013-12-03 03:30:00,238.1428
4556,2013-12-03 03:40:00,258.0348
4556,2013-12-03 03:50:00,264.9562
4556,2013-12-03 04:00:00,244.659
4556,2013-12-03 04:10:00,228.45296
4556,2013-12-03 04:20:00,274.01657
4556,2013-12-03 04:30:00,259.58954
4556,2013-12-03 04:40:00,248.98566
4556,2013-12-03 04:50:00,259.56766
4556,2013-12-03 05:00:00,261.20282
4556,2013-12-03 05:10:00,258.00018
4556,2013-12-03 05:20:00,277.6147
4556,2013-12-03 05:30:00,276.32504
4556,2013-12-03 05:40:00,272.71072
4556,2013-12-03 05:50:00,285.24628
4556,2013-12-03 06:00:00,298.71823
4556,2013-12-03 06:10:00,312.55774
4556,2013-12-03 06:20:00,450.50058
4556,2013-12-03 06:30:00,377.42368
4556,2013-12-03 06:40:00,371.11578
4556,2013-12-03 06:50:00,449.27612
4556,2013-12-03 07:00:00,467.69232
4556,2013-12-03 07:10:00,566.49023
4556,2013-12-03 07:20:00,559.1425
4556,2013-12-03 07:30:00,469.93686
4556,2013-12-03 07:40:00,573.1862
4556,2013-12-03 07:50:00,474.503
4556,2013-12-03 08:00:00,492.4341
4556,2013-12-03 08:10:00,487.78955
4556,2013-12-03 08:20:00,515.79486
4556,2013-12-03 08:30:00,527.3117
4556,2013-12-03 08:40:00,506.56573
4556,2013-12-03 08:50:00,512.0369
4556,2013-12-03 09:00:00,542.8939
4556,2013-12-03 09:10:00,472.70996
4556,2013-12-03 09:20:00,516.69855
4556,2013-12-03 09:30:00,481.72992
4556,2013-12-03 09:40:00,515.8277
4556,2013-12-03 09:50:00,495.76926
4556,2013-12-03 10:00:00,529.5621
4556,2013-12-03 10:10:00,492.91983
4556,2013-12-03 10:20:00,526.1789
4556,2013-12-03 10:30:00,589.74396
4556,2013-12-03 10:40:00,567.28235
4556,2013-12-03 10:50:00,574.259
4556,2013-12-03 11:00:00,529.7915
4556,2013-12-03 11:10:00,513.35156
4556,2013-12-03 11:20:00,541.9325
4556,2013-12-03 11:30:00,577.8138
4556,2013-12-03 11:40:00,521.8049
4556,2013-12-03 11:50:00,519.7385
4556,2013-12-03 12:00:00,629.7867
4556,2013-12-03 12:10:00,540.4654
4556,2013-12-03 12:20:00,547.0525
4556,2013-12-03 12:30:00,594.56616
4556,2013-12-03 12:40:00,648.7159
4556,2013-12-03 12:50:00,658.5067
4556,2013-12-03 13:00:00,601.4137
4556,2013-12-03 13:10:00,616.1296
4556,2013-12-03 13:20:00,671.1896
4556,2013-12-03 13:30:00,613.73474
4556,2013-12-03 13:40:00,634.18805
4556,2013-12-03 13:50:00,611.77954
4556,2013-12-03 14:00:00,783.2846
4556,2013-12-03 14:10:00,695.91174
4556,2013-12-03 14:20:00,840.72864
4556,2013-12-03 14:30:00,734.1618
4556,2013-12-03 14:40:00,654.33014
4556,2013-12-03 14:50:00,591.40015
4556,2013-12-03 15:00:00,621.6279
4556,2013-12-03 15:10:00,549.71
4556,2013-12-03 15:20:00,584.11365
4556,2013-12-03 15:30:00,528.20386
4556,2013-12-03 15:40:00,499.79007
4556,2013-12-03 15:50:00,571.25745
4556,2013-12-03 16:00:00,558.92645
4556,2013-12-03 16:10:00,599.7202
4556,2013-12-03 16:20:00,584.4963
4556,2013-12-03 16:30:00,551.53766
4556,2013-12-03 16:40:00,552.0933
4556,2013-12-03 16:50:00,588.8506
4556,2013-12-03 17:00:00,621.76843
4556,2013-12-03 17:10:00,611.2402
4556,2013-12-03 17:20:00,631.0295
4556,2013-12-03 17:30:00,706.48944
4556,2013-12-03 17:40:00,727.92194
4556,2013-12-03 17:50:00,672.1636
4556,2013-12-03 18:00:00,615.8513
4556,2013-12-03 18:10:00,628.43787
4556,2013-12-03 18:20:00,711.1552
4556,2013-12-03 18:30:00,685.50287
4556,2013-12-03 18:40:00,668.92896
4556,2013-12-03 18:50:00,670.6687
4556,2013-12-03 19:00:00,654.19073
4556,2013-12-03 19:10:00,838.77014
4556,2013-12-03 19:20:00,674.60046
4556,2013-12-03 19:30:00,724.2051
4556,2013-12-03 19:40:00,746.5492
4556,2013-12-03 19:50:00,794.903
4556,2013-12-03 20:00:00,896.13135
4556,2013-12-03 20:10:00,872.9767
4556,2013-12-03 20:20:00,779.6678
4556,2013-12-03 20:30:00,826.846
4556,2013-12-03 20:40:00,764.54596
4556,2013-12-03 20:50:00,753.8346
4556,2013-12-03 21:00:00,787.75134
4556,2013-12-03 21:10:00,756.1962
4556,2013-12-03 21:20:00,692.68066
4556,2013-12-03 21:30:00,702.0828
4556,2013-12-03 21:40:00,725.53156
4556,2013-12-03 21:50:00,662.18384
4556,2013-12-03 22:00:00,669.3417
4556,2013-12-03 22:10:00,703.2194
4556,2013-12-03 22:20:00,689.74243
4556,2013-12-03 22:30:00,644.3198
4556,2013-12-03 22:40:00,701.06116
4556,2013-12-03 22:50:00,649.96106
4556,2013-12-03 23:00:00,610.52893
4556,2013-12-03 23:10:00,596.7847
4556,2013-12-03 23:20:00,613.73456
4556,2013-12-03 23:30:00,545.36
4556,2013-12-03 23:40:00,544.6659
4556,2013-12-03 23:50:00,549.4689
4556,2013-12-04 00:00:00,488.85205
4556,2013-12-04 00:10:00,408.46756
4556,2013-12-04 00:20:00,379.0825
4556,2013-12-04 00:30:00,380.02872
4556,2013-12-04 00:40:00,391.60266
4556,2013-12-04 00:50:00,374.67056
4556,2013-12-04 01:00:00,325.59167
4556,2013-12-04 01:10:00,340.3427
4556,2013-12-04 01:20:00,333.88312
4556,2013-12-04 01:30:00,321.83884
4556,2013-12-04 01:40:00,310.68225
4556,2013-12-04 01:50:00,291.2689
4556,2013-12-04 02:00:00,292.2138
4556,2013-12-04 02:10:00,287.20325
4556,2013-12-04 02:20:00,282.95364
4556,2013-12-04 02:30:00,245.23692
4556,2013-12-04 02:40:00,258.86658
4556,2013-12-04 02:50:00,260.90573
4556,2013-12-04 03:00:00,233.90416
4556,2013-12-04 03:10:00,237.94296
4556,2013-12-04 03:20:00,224.52823
4556,2013-12-04 03:30:00,203.2197
4556,2013-12-04 03:40:00,230.05367
4556,2013-12-04 03:50:00,251.9108
4556,2013-12-04 04:00:00,224.76091
4556,2013-12-04 04:10:00,250.29585
4556,2013-12-04 04:20:00,254.43533
4556,2013-12-04 04:30:00,224.1014
4556,2013-12-04 04:40:00,247.1973
4556,2013-12-04 04:50:00,275.5134
4556,2013-12-04 05:00:00,237.35266
4556,2013-12-04 05:10:00,256.5244
4556,2013-12-04 05:20:00,266.49792
4556,2013-12-04 05:30:00,253.518
4556,2013-12-04 05:40:00,254.0502
4556,2013-12-04 05:50:00,259.51544
4556,2013-12-04 06:00:00,263.81366
4556,2013-12-04 06:10:00,335.712
4556,2013-12-04 06:20:00,330.7643
4556,2013-12-04 06:30:00,376.20462
4556,2013-12-04 06:40:00,382.5746
4556,2013-12-04 06:50:00,471.33344
4556,2013-12-04 07:00:00,477.08456
4556,2013-12-04 07:10:00,448.2932
4556,2013-12-04 07:20:00,489.42197
4556,2013-12-04 07:30:00,583.86084
4556,2013-12-04 07:40:00,597.90576
4556,2013-12-04 07:50:00,645.5764
4556,2013-12-04 08:00:00,593.367
4556,2013-12-04 08:10:00,702.34686
4556,2013-12-04 08:20:00,564.76465
4556,2013-12-04 08:30:00,614.603
4556,2013-12-04 08:40:00,589.559
4556,2013-12-04 08:50:00,536.8585
4556,2013-12-04 09:00:00,531.5742
4556,2013-12-04 09:10:00,562.454
4556,2013-12-04 09:20:00,498.50558
4556,2013-12-04 09:30:00,444.5135
4556,2013-12-04 09:40:00,469.08087
4556,2013-12-04 09:50:00,493.57852
4556,2013-12-04 10:00:00,463.41605
4556,2013-12-04 10:10:00,509.21527
4556,2013-12-04 10:20:00,523.37177
4556,2013-12-04 10:30:00,441.31607
4556,2013-12-04 10:40:00,529.7716
4556,2013-12-04 10:50:00,483.40182
4556,2013-12-04 11:00:00,484.20642
4556,2013-12-04 11:10:00,594.98096
4556,2013-12-04 11:20:00,521.77606
4556,2013-12-04 11:30:00,521.05426
4556,2013-12-04 11:40:00,545.1015
4556,2013-12-04 11:50:00,497.1009
4556,2013-12-04 12:00:00,575.98846
4556,2013-12-04 12:10:00,501.7015
4556,2013-12-04 12:20:00,502.57718
4556,2013-12-04 12:30:00,488.6013
4556,2013-12-04 12:40:00,542.1407
4556,2013-12-04 12:50:00,570.5782
4556,2013-12-04 13:00:00,537.84894
4556,2013-12-04 13:10:00,530.5755
4556,2013-12-04 13:20:00,517.7425
4556,2013-12-04 13:30:00,477.2033
4556,2013-12-04 13:40:00,554.945
4556,2013-12-04 13:50:00,535.07385
4556,2013-12-04 14:00:00,499.937
4556,2013-12-04 14:10:00,544.20264
4556,2013-12-04 14:20:00,526.41235
4556,2013-12-04 14:30:00,557.9124
4556,2013-12-04 14:40:00,526.38727
4556,2013-12-04 14:50:00,481.02643
4556,2013-12-04 15:00:00,496.44443
4556,2013-12-04 15:10:00,525.8058
4556,2013-12-04 15:20:00,505.3471
4556,2013-12-04 15:30:00,491.28864
4556,2013-12-04 15:40:00,578.61584
4556,2013-12-04 15:50:00,686.5641
4556,2013-12-04 16:00:00,489.21777
4556,2013-12-04 16:10:00,564.13635
4556,2013-12-04 16:20:00,542.24475
4556,2013-12-04 16:30:00,510.38602
4556,2013-12-04 16:40:00,553.83435
4556,2013-12-04 16:50:00,592.1191
4556,2013-12-04 17:00:00,598.4563
4556,2013-12-04 17:10:00,648.1467
4556,2013-12-04 17:20:00,627.4311
4556,2013-12-04 17:30:00,545.2569
4556,2013-12-04 17:40:00,607.52124
4556,2013-12-04 17:50:00,613.0284
4556,2013-12-04 18:00:00,583.3614
4556,2013-12-04 18:10:00,588.3199
4556,2013-12-04 18:20:00,587.417
4556,2013-12-04 18:30:00,576.0006
4556,2013-12-04 18:40:00,701.48706
4556,2013-12-04 18:50:00,723.3264
4556,2013-12-04 19:00:00,751.2922
4556,2013-12-04 19:10:00,704.3646
4556,2013-12-04 19:20:00,673.19354
4556,2013-12-04 19:30:00,768.876
4556,2013-12-04 19:40:00,758.8954
4556,2013-12-04 19:50:00,734.5315
4556,2013-12-04 20:00:00,765.37067
4556,2013-12-04 20:10:00,809.0352
4556,2013-12-04 20:20:00,765.104
4556,2013-12-04 20:30:00,759.8263
4556,2013-12-04 20:40:00,784.2423
4556,2013-12-04 20:50:00,753.2616
4556,2013-12-04 21:00:00,791.9755
4556,2013-12-04 21:10:00,786.9366
4556,2013-12-04 21:20:00,699.2773
4556,2013-12-04 21:30:00,705.77606
4556,2013-12-04 21:40:00,711.9502
4556,2013-12-04 21:50:00,775.5012
4556,2013-12-04 22:00:00,668.41437
4556,2013-12-04 22:10:00,783.48285
4556,2013-12-04 22:20:00,708.18365
4556,2013-12-04 22:30:00,656.71985
4556,2013-12-04 22:40:00,661.623
4556,2013-12-04 22:50:00,635.2007
4556,2013-12-04 23:00:00,570.4936
4556,2013-12-04 23:10:00,580.72253
4556,2013-12-04 23:20:00,667.2783
4556,2013-12-04 23:30:00,525.4506
4556,2013-12-04 23:40:00,667.8369
4556,2013-12-04 23:50:00,439.74744
4556,2013-12-05 00:00:00,451.72696
4556,2013-12-05 00:10:00,503.10593
4556,2013-12-05 00:20:00,418.5781
4556,2013-12-05 00:30:00,405.47714
4556,2013-12-05 00:40:00,401.36853
4556,2013-12-05 00:50:00,377.43585
4556,2013-12-05 01:00:00,387.90408
4556,2013-12-05 01:10:00,353.20242
4556,2013-12-05 01:20:00,302.63663
4556,2013-12-05 01:30:00,331.55368
4556,2013-12-05 01:40:00,331.27893
4556,2013-12-05 01:50:00,294.44757
4556,2013-12-05 02:00:00,292.23398
4556,2013-12-05 02:10:00,282.69254
4556,2013-12-05 02:20:00,269.90457
4556,2013-12-05 02:30:00,286.4622
4556,2013-12-05 02:40:00,268.7381
4556,2013-12-05 02:50:00,257.92914
4556,2013-12-05 03:00:00,254.97702
4556,2013-12-05 03:10:00,230.7304
4556,2013-12-05 03:20:00,226.24495
4556,2013-12-05 03:30:00,240.94785
4556,2013-12-05 03:40:00,234.4359
4556,2013-12-05 03:50:00,229.08372
4556,2013-12-05 04:00:00,205.3591
4556,2013-12-05 04:10:00,213.49829
4556,2013-12-05 04:20:00,221.93246
4556,2013-12-05 04:30:00,206.81169
4556,2013-12-05 04:40:00,212.57298
4556,2013-12-05 04:50:00,208.29872
4556,2013-12-05 05:00:00,222.72812
4556,2013-12-05 05:10:00,256.77722
4556,2013-12-05 05:20:00,272.69934
4556,2013-12-05 05:30:00,276.29413
4556,2013-12-05 05:40:00,284.26215
4556,2013-12-05 05:50:00,273.7956
4556,2013-12-05 06:00:00,318.52573
4556,2013-12-05 06:10:00,311.54205
4556,2013-12-05 06:20:00,321.7812
4556,2013-12-05 06:30:00,426.3401
4556,2013-12-05 06:40:00,409.4755
4556,2013-12-05 06:50:00,383.3928
4556,2013-12-05 07:00:00,447.58505
4556,2013-12-05 07:10:00,758.67206
4556,2013-12-05 07:20:00,506.36057
4556,2013-12-05 07:30:00,578.2549
4556,2013-12-05 07:40:00,504.36218
4556,2013-12-05 07:50:00,602.90326
4556,2013-12-05 08:00:00,555.09546
4556,2013-12-05 08:10:00,571.2844
4556,2013-12-05 08:20:00,579.6501
4556,2013-12-05 08:30:00,549.62744
4556,2013-12-05 08:40:00,547.16327
4556,2013-12-05 08:50:00,555.17053
4556,2013-12-05 09:00:00,487.68283
4556,2013-12-05 09:10:00,516.6814
4556,2013-12-05 09:20:00,478.69293
4556,2013-12-05 09:30:00,502.16562
4556,2013-12-05 09:40:00,615.3111
4556,2013-12-05 09:50:00,582.2306
4556,2013-12-05 10:00:00,512.82825
4556,2013-12-05 10:10:00,534.8559
4556,2013-12-05 10:20:00,580.962
4556,2013-12-05 10:30:00,502.00763
4556,2013-12-05 10:40:00,598.24927
4556,2013-12-05 10:50:00,541.4516
4556,2013-12-05 11:00:00,471.37164
4556,2013-12-05 11:10:00,577.0727
4556,2013-12-05 11:20:00,486.20572
4556,2013-12-05 11:30:00,540.78735
4556,2013-12-05 11:40:00,546.5651
4556,2013-12-05 11:50:00,637.8319
4556,2013-12-05 12:00:00,536.4982
4556,2013-12-05 12:10:00,630.3357
4556,2013-12-05 12:20:00,522.42664
4556,2013-12-05 12:30:00,559.84015
4556,2013-12-05 12:40:00,619.3536
4556,2013-12-05 12:50:00,552.8569
4556,2013-12-05 13:00:00,624.5323
4556,2013-12-05 13:10:00,619.0651
4556,2013-12-05 13:20:00,674.3264
4556,2013-12-05 13:30:00,587.2819
4556,2013-12-05 13:40:00,563.3924
4556,2013-12-05 13:50:00,599.24817
4556,2013-12-05 14:00:00,631.2627
4556,2013-12-05 14:10:00,574.1987
4556,2013-12-05 14:20:00,491.33463
4556,2013-12-05 14:30:00,503.89874
4556,2013-12-05 14:40:00,621.9202
4556,2013-12-05 14:50:00,554.83685
4556,2013-12-05 15:00:00,535.76227
4556,2013-12-05 15:10:00,541.81146
4556,2013-12-05 15:20:00,487.42993
4556,2013-12-05 15:30:00,514.75134
4556,2013-12-05 15:40:00,525.0189
4556,2013-12-05 15:50:00,611.8001
4556,2013-12-05 16:00:00,574.97876
4556,2013-12-05 16:10:00,555.3165
4556,2013-12-05 16:20:00,580.9621
4556,2013-12-05 16:30:00,568.0242
4556,2013-12-05 16:40:00,552.26935
4556,2013-12-05 16:50:00,512.4596
4556,2013-12-05 17:00:00,545.86456
4556,2013-12-05 17:10:00,607.85754
4556,2013-12-05 17:20:00,623.2723
4556,2013-12-05 17:30:00,644.7038
4556,2013-12-05 17:40:00,704.598
4556,2013-12-05 17:50:00,632.09296
4556,2013-12-05 18:00:00,699.075
4556,2013-12-05 18:10:00,606.7969
4556,2013-12-05 18:20:00,695.8142
4556,2013-12-05 18:30:00,687.0532
4556,2013-12-05 18:40:00,731.55835
4556,2013-12-05 18:50:00,736.37976
4556,2013-12-05 19:00:00,823.75354
4556,2013-12-05 19:10:00,834.6851
4556,2013-12-05 19:20:00,919.00165
4556,2013-12-05 19:30:00,873.4688
4556,2013-12-05 19:40:00,874.0867
4556,2013-12-05 19:50:00,841.90625
4556,2013-12-05 20:00:00,869.43933
4556,2013-12-05 20:10:00,949.6059
4556,2013-12-05 20:20:00,740.48486
4556,2013-12-05 20:30:00,778.5175
4556,2013-12-05 20:40:00,866.207
4556,2013-12-05 20:50:00,751.375
4556,2013-12-05 21:00:00,825.9437
4556,2013-12-05 21:10:00,877.1172
4556,2013-12-05 21:20:00,896.091
4556,2013-12-05 21:30:00,867.0959
4556,2013-12-05 21:40:00,839.199
4556,2013-12-05 21:50:00,850.0136
4556,2013-12-05 22:00:00,822.5662
4556,2013-12-05 22:10:00,835.24603
4556,2013-12-05 22:20:00,727.08435
4556,2013-12-05 22:30:00,750.8186
4556,2013-12-05 22:40:00,725.5458
4556,2013-12-05 22:50:00,702.4179
4556,2013-12-05 23:00:00,606.3867
4556,2013-12-05 23:10:00,770.94727
4556,2013-12-05 23:20:00,641.16223
4556,2013-12-05 23:30:00,617.353
4556,2013-12-05 23:40:00,561.2459
4556,2013-12-05 23:50:00,538.02264
4556,2013-12-06 00:00:00,479.52844
4556,2013-12-06 00:10:00,467.5728
4556,2013-12-06 00:20:00,480.8823
4556,2013-12-06 00:30:00,415.41898
4556,2013-12-06 00:40:00,416.33444
4556,2013-12-06 00:50:00,391.32974
4556,2013-12-06 01:00:00,402.60318
4556,2013-12-06 01:10:00,369.9105
4556,2013-12-06 01:20:00,371.2082
4556,2013-12-06 01:30:00,311.10294
4556,2013-12-06 01:40:00,316.57227
4556,2013-12-06 01:50:00,314.46042
4556,2013-12-06 02:00:00,294.35904
4556,2013-12-06 02:10:00,280.11343
4556,2013-12-06 02:20:00,301.4918
4556,2013-12-06 02:30:00,305.39124
4556,2013-12-06 02:40:00,290.20575
4556,2013-12-06 02:50:00,318.51157
4556,2013-12-06 03:00:00,275.4856
4556,2013-12-06 03:10:00,260.33902
4556,2013-12-06 03:20:00,261.03394
4556,2013-12-06 03:30:00,245.8131
4556,2013-12-06 03:40:00,247.94833
4556,2013-12-06 03:50:00,240.91046
4556,2013-12-06 04:00:00,238.63959
4556,2013-12-06 04:10:00,245.40007
4556,2013-12-06 04:20:00,249.59694
4556,2013-12-06 04:30:00,236.02846
4556,2013-12-06 04:40:00,254.35753
4556,2013-12-06 04:50:00,264.0597
4556,2013-12-06 05:00:00,272.19064
4556,2013-12-06 05:10:00,292.3621
4556,2013-12-06 05:20:00,282.7402
4556,2013-12-06 05:30:00,280.74188
4556,2013-12-06 05:40:00,265.85168
4556,2013-12-06 05:50:00,328.97787
4556,2013-12-06 06:00:00,296.68
4556,2013-12-06 06:10:00,315.45297
4556,2013-12-06 06:20:00,353.21698
4556,2013-12-06 06:30:00,386.4486
4556,2013-12-06 06:40:00,348.67035
4556,2013-12-06 06:50:00,425.95242
4556,2013-12-06 07:00:00,466.06326
4556,2013-12-06 07:10:00,425.6038
4556,2013-12-06 07:20:00,532.63605
4556,2013-12-06 07:30:00,500.0226
4556,2013-12-06 07:40:00,535.367
4556,2013-12-06 07:50:00,523.4174
4556,2013-12-06 08:00:00,574.01746
4556,2013-12-06 08:10:00,528.39844
4556,2013-12-06 08:20:00,398.81125
4556,2013-12-06 08:30:00,395.96014
4556,2013-12-06 08:40:00,454.37378
4556,2013-12-06 08:50:00,560.773
4556,2013-12-06 09:00:00,471.24426
4556,2013-12-06 09:10:00,481.64062
4556,2013-12-06 09:20:00,465.5484
4556,2013-12-06 09:30:00,464.8844
4556,2013-12-06 09:40:00,553.6307
4556,2013-12-06 09:50:00,551.51385
4556,2013-12-06 10:00:00,523.86865
4556,2013-12-06 10:10:00,475.41608
4556,2013-12-06 10:20:00,484.88788
4556,2013-12-06 10:30:00,416.86584
4556,2013-12-06 10:40:00,425.49796
4556,2013-12-06 10:50:00,418.2897
4556,2013-12-06 11:00:00,444.7572
4556,2013-12-06 11:10:00,464.7498
4556,2013-12-06 11:20:00,443.35205
4556,2013-12-06 11:30:00,498.8416
4556,2013-12-06 11:40:00,525.8327
4556,2013-12-06 11:50:00,589.6245
4556,2013-12-06 12:00:00,529.76935
4556,2013-12-06 12:10:00,537.38745
4556,2013-12-06 12:20:00,604.1244
4556,2013-12-06 12:30:00,527.05493
4556,2013-12-06 12:40:00,597.28345
4556,2013-12-06 12:50:00,641.3403
4556,2013-12-06 13:00:00,547.86554
4556,2013-12-06 13:10:00,520.3935
4556,2013-12-06 13:20:00,488.6881
4556,2013-12-06 13:30:00,590.2214
4556,2013-12-06 13:40:00,542.9954
4556,2013-12-06 13:50:00,543.12964
4556,2013-12-06 14:00:00,525.92346
4556,2013-12-06 14:10:00,498.74658
4556,2013-12-06 14:20:00,576.33374
4556,2013-12-06 14:30:00,650.1699
4556,2013-12-06 14:40:00,666.9444
4556,2013-12-06 14:50:00,526.09094
4556,2013-12-06 15:00:00,495.26666
4556,2013-12-06 15:10:00,599.63873
4556,2013-12-06 15:20:00,535.52673
4556,2013-12-06 15:30:00,552.4972
4556,2013-12-06 15:40:00,644.6431
4556,2013-12-06 15:50:00,514.7803
4556,2013-12-06 16:00:00,618.8751
4556,2013-12-06 16:10:00,610.1128
4556,2013-12-06 16:20:00,567.1855
4556,2013-12-06 16:30:00,607.1933
4556,2013-12-06 16:40:00,613.33405
4556,2013-12-06 16:50:00,705.01025
4556,2013-12-06 17:00:00,739.375
4556,2013-12-06 17:10:00,630.7823
4556,2013-12-06 17:20:00,707.0239
4556,2013-12-06 17:30:00,605.67
4556,2013-12-06 17:40:00,620.28314
4556,2013-12-06 17:50:00,625.7137
4556,2013-12-06 18:00:00,648.7698
4556,2013-12-06 18:10:00,550.5934
4556,2013-12-06 18:20:00,605.2303
4556,2013-12-06 18:30:00,635.9136
4556,2013-12-06 18:40:00,641.35895
4556,2013-12-06 18:50:00,660.00024
4556,2013-12-06 19:00:00,728.5389
4556,2013-12-06 19:10:00,754.2264
4556,2013-12-06 19:20:00,795.5406
4556,2013-12-06 19:30:00,843.2247
4556,2013-12-06 19:40:00,832.1567
4556,2013-12-06 19:50:00,1730.1394
4556,2013-12-06 20:00:00,795.91425
4556,2013-12-06 20:10:00,966.59406
4556,2013-12-06 20:20:00,942.9815
4556,2013-12-06 20:30:00,842.4915
4556,2013-12-06 20:40:00,853.5613
4556,2013-12-06 20:50:00,892.2303
4556,2013-12-06 21:00:00,997.3025
4556,2013-12-06 21:10:00,1020.0581
4556,2013-12-06 21:20:00,946.08466
4556,2013-12-06 21:30:00,1031.6011
4556,2013-12-06 21:40:00,999.38245
4556,2013-12-06 21:50:00,983.2166
4556,2013-12-06 22:00:00,1024.3605
4556,2013-12-06 22:10:00,960.94086
4556,2013-12-06 22:20:00,947.19934
4556,2013-12-06 22:30:00,940.5528
4556,2013-12-06 22:40:00,997.26447
4556,2013-12-06 22:50:00,928.55493
4556,2013-12-06 23:00:00,986.3682
4556,2013-12-06 23:10:00,1048.0399
4556,2013-12-06 23:20:00,960.4524
4556,2013-12-06 23:30:00,795.91315
4556,2013-12-06 23:40:00,781.5841
4556,2013-12-06 23:50:00,742.26917
4556,2013-12-07 00:00:00,708.4707
4556,2013-12-07 00:10:00,627.25397
4556,2013-12-07 00:20:00,614.70715
4556,2013-12-07 00:30:00,606.05066
4556,2013-12-07 00:40:00,555.8808
4556,2013-12-07 00:50:00,566.83875
4556,2013-12-07 01:00:00,493.98267
4556,2013-12-07 01:10:00,568.91095
4556,2013-12-07 01:20:00,459.3206
4556,2013-12-07 01:30:00,409.62628
4556,2013-12-07 01:40:00,453.56464
4556,2013-12-07 01:50:00,454.1185
4556,2013-12-07 02:00:00,419.41513
4556,2013-12-07 02:10:00,353.6858
4556,2013-12-07 02:20:00,322.79523
4556,2013-12-07 02:30:00,330.9344
4556,2013-12-07 02:40:00,299.7591
4556,2013-12-07 02:50:00,284.5711
4556,2013-12-07 03:00:00,296.3482
4556,2013-12-07 03:10:00,288.77908
4556,2013-12-07 03:20:00,295.64996
4556,2013-12-07 03:30:00,272.4435
4556,2013-12-07 03:40:00,252.10727
4556,2013-12-07 03:50:00,265.34732
4556,2013-12-07 04:00:00,247.81595
4556,2013-12-07 04:10:00,257.61438
4556,2013-12-07 04:20:00,227.08311
4556,2013-12-07 04:30:00,220.9871
4556,2013-12-07 04:40:00,217.91574
4556,2013-12-07 04:50:00,224.87132
4556,2013-12-07 05:00:00,226.58798
4556,2013-12-07 05:10:00,248.6505
4556,2013-12-07 05:20:00,196.28609
4556,2013-12-07 05:30:00,215.80305
4556,2013-12-07 05:40:00,250.04358
4556,2013-12-07 05:50:00,202.42104
4556,2013-12-07 06:00:00,224.87595
4556,2013-12-07 06:10:00,246.60158
4556,2013-12-07 06:20:00,211.95613
4556,2013-12-07 06:30:00,223.5513
4556,2013-12-07 06:40:00,254.36423
4556,2013-12-07 06:50:00,242.60185
4556,2013-12-07 07:00:00,259.58463
4556,2013-12-07 07:10:00,286.13318
4556,2013-12-07 07:20:00,262.32483
4556,2013-12-07 07:30:00,250.99002
4556,2013-12-07 07:40:00,294.39734
4556,2013-12-07 07:50:00,270.99933
4556,2013-12-07 08:00:00,346.27045
4556,2013-12-07 08:10:00,421.04138
4556,2013-12-07 08:20:00,434.20047
4556,2013-12-07 08:30:00,322.6121
4556,2013-12-07 08:40:00,383.12482
4556,2013-12-07 08:50:00,455.39597
4556,2013-12-07 09:00:00,461.13092
4556,2013-12-07 09:10:00,402.98132
4556,2013-12-07 09:20:00,439.61163
4556,2013-12-07 09:30:00,462.16504
4556,2013-12-07 09:40:00,403.3687
4556,2013-12-07 09:50:00,448.53702
4556,2013-12-07 10:00:00,387.0767
4556,2013-12-07 10:10:00,462.3225
4556,2013-12-07 10:20:00,450.85788
4556,2013-12-07 10:30:00,418.88336
4556,2013-12-07 10:40:00,569.8324
4556,2013-12-07 10:50:00,540.9736
4556,2013-12-07 11:00:00,507.2795
4556,2013-12-07 11:10:00,674.9493
4556,2013-12-07 11:20:00,523.0656
4556,2013-12-07 11:30:00,590.7607
4556,2013-12-07 11:40:00,643.1945
4556,2013-12-07 11:50:00,789.98315
4556,2013-12-07 12:00:00,600.9925
4556,2013-12-07 12:10:00,592.7794
4556,2013-12-07 12:20:00,629.4339
4556,2013-12-07 12:30:00,626.9802
4556,2013-12-07 12:40:00,791.3184
4556,2013-12-07 12:50:00,696.51807
4556,2013-12-07 13:00:00,697.6286
4556,2013-12-07 13:10:00,819.53815
4556,2013-12-07 13:20:00,906.4916
4556,2013-12-07 13:30:00,719.9699
4556,2013-12-07 13:40:00,745.69275
4556,2013-12-07 13:50:00,758.41205
4556,2013-12-07 14:00:00,725.83936
4556,2013-12-07 14:10:00,841.3189
4556,2013-12-07 14:20:00,851.43616
4556,2013-12-07 14:30:00,675.83136
4556,2013-12-07 14:40:00,679.8239
4556,2013-12-07 14:50:00,628.8192
4556,2013-12-07 15:00:00,658.4956
4556,2013-12-07 15:10:00,612.421
4556,2013-12-07 15:20:00,587.9446
4556,2013-12-07 15:30:00,644.1011
4556,2013-12-07 15:40:00,513.6408
4556,2013-12-07 15:50:00,574.0015
4556,2013-12-07 16:00:00,514.06445
4556,2013-12-07 16:10:00,539.50275
4556,2013-12-07 16:20:00,549.4642
4556,2013-12-07 16:30:00,608.1696
4556,2013-12-07 16:40:00,766.47046
4556,2013-12-07 16:50:00,576.59357
4556,2013-12-07 17:00:00,541.5555
4556,2013-12-07 17:10:00,640.4622
4556,2013-12-07 17:20:00,524.2266
4556,2013-12-07 17:30:00,538.30884
4556,2013-12-07 17:40:00,611.8962
4556,2013-12-07 17:50:00,616.05206
4556,2013-12-07 18:00:00,565.33496
4556,2013-12-07 18:10:00,705.7906
4556,2013-12-07 18:20:00,665.8613
4556,2013-12-07 18:30:00,683.21204
4556,2013-12-07 18:40:00,802.0824
4556,2013-12-07 18:50:00,795.26764
4556,2013-12-07 19:00:00,775.6074
4556,2013-12-07 19:10:00,849.67004
4556,2013-12-07 19:20:00,789.85095
4556,2013-12-07 19:30:00,791.01215
4556,2013-12-07 19:40:00,960.80615
4556,2013-12-07 19:50:00,1142.6881
4556,2013-12-07 20:00:00,1092.97
4556,2013-12-07 20:10:00,1036.8014
4556,2013-12-07 20:20:00,1009.8362
4556,2013-12-07 20:30:00,1160.9031
4556,2013-12-07 20:40:00,1021.6436
4556,2013-12-07 20:50:00,1141.2749
4556,2013-12-07 21:00:00,1025.0315
4556,2013-12-07 21:10:00,1165.883
4556,2013-12-07 21:20:00,1102.0034
4556,2013-12-07 21:30:00,1141.1936
4556,2013-12-07 21:40:00,1149.2047
4556,2013-12-07 21:50:00,1083.2229
4556,2013-12-07 22:00:00,1194.8113
4556,2013-12-07 22:10:00,1158.1051
4556,2013-12-07 22:20:00,1071.8328
4556,2013-12-07 22:30:00,1095.1926
4556,2013-12-07 22:40:00,1108.8525
4556,2013-12-07 22:50:00,969.3649
4556,2013-12-07 23:00:00,1045.0977
4556,2013-12-07 23:10:00,981.281
4556,2013-12-07 23:20:00,1048.4027
4556,2013-12-07 23:30:00,873.2584
4556,2013-12-07 23:40:00,798.59644
4556,2013-12-07 23:50:00,779.4981
4556,2013-12-08 00:00:00,718.87396
4556,2013-12-08 00:10:00,684.4143
4556,2013-12-08 00:20:00,654.0508
4556,2013-12-08 00:30:00,687.22925
4556,2013-12-08 00:40:00,577.71594
4556,2013-12-08 00:50:00,522.2627
4556,2013-12-08 01:00:00,541.79706
4556,2013-12-08 01:10:00,482.18802
4556,2013-12-08 01:20:00,418.40112
4556,2013-12-08 01:30:00,425.13217
4556,2013-12-08 01:40:00,386.2964
4556,2013-12-08 01:50:00,387.61713
4556,2013-12-08 02:00:00,352.73965
4556,2013-12-08 02:10:00,303.62402
4556,2013-12-08 02:20:00,318.25882
4556,2013-12-08 02:30:00,298.70734
4556,2013-12-08 02:40:00,286.07297
4556,2013-12-08 02:50:00,257.08408
4556,2013-12-08 03:00:00,264.95392
4556,2013-12-08 03:10:00,271.80817
4556,2013-12-08 03:20:00,242.19972
4556,2013-12-08 03:30:00,246.0861
4556,2013-12-08 03:40:00,237.2927
4556,2013-12-08 03:50:00,220.52667
4556,2013-12-08 04:00:00,237.40564
4556,2013-12-08 04:10:00,223.38226
4556,2013-12-08 04:20:00,214.29382
4556,2013-12-08 04:30:00,237.47823
4556,2013-12-08 04:40:00,218.93718
4556,2013-12-08 04:50:00,187.1026
4556,2013-12-08 05:00:00,219.38086
4556,2013-12-08 05:10:00,195.66916
4556,2013-12-08 05:20:00,199.9117
4556,2013-12-08 05:30:00,233.79796
4556,2013-12-08 05:40:00,197.52818
4556,2013-12-08 05:50:00,191.7794
4556,2013-12-08 06:00:00,226.11623
4556,2013-12-08 06:10:00,214.70454
4556,2013-12-08 06:20:00,214.65553
4556,2013-12-08 06:30:00,219.07407
4556,2013-12-08 06:40:00,211.17374
4556,2013-12-08 06:50:00,200.38788
4556,2013-12-08 07:00:00,232.75162
4556,2013-12-08 07:10:00,245.21634
4556,2013-12-08 07:20:00,196.03914
4556,2013-12-08 07:30:00,265.0321
4556,2013-12-08 07:40:00,278.73486
4556,2013-12-08 07:50:00,285.48547
4556,2013-12-08 08:00:00,294.313
4556,2013-12-08 08:10:00,316.35452
4556,2013-12-08 08:20:00,272.6014
4556,2013-12-08 08:30:00,348.19162
4556,2013-12-08 08:40:00,301.72534
4556,2013-12-08 08:50:00,286.44144
4556,2013-12-08 09:00:00,429.88528
4556,2013-12-08 09:10:00,377.80853
4556,2013-12-08 09:20:00,384.93903
4556,2013-12-08 09:30:00,408.70175
4556,2013-12-08 09:40:00,476.28348
4556,2013-12-08 09:50:00,436.245
4556,2013-12-08 10:00:00,401.83282
4556,2013-12-08 10:10:00,467.55527
4556,2013-12-08 10:20:00,448.33804
4556,2013-12-08 10:30:00,455.0826
4556,2013-12-08 10:40:00,444.1155
4556,2013-12-08 10:50:00,432.91693
4556,2013-12-08 11:00:00,571.80646
4556,2013-12-08 11:10:00,447.72455
4556,2013-12-08 11:20:00,469.13373
4556,2013-12-08 11:30:00,470.17914
4556,2013-12-08 11:40:00,577.31104
4556,2013-12-08 11:50:00,505.5445
4556,2013-12-08 12:00:00,613.43835
4556,2013-12-08 12:10:00,585.26105
4556,2013-12-08 12:20:00,589.9234
4556,2013-12-08 12:30:00,582.8945
4556,2013-12-08 12:40:00,826.5238
4556,2013-12-08 12:50:00,605.89594
4556,2013-12-08 13:00:00,594.7499
4556,2013-12-08 13:10:00,611.9404
4556,2013-12-08 13:20:00,609.3836
4556,2013-12-08 13:30:00,714.6499
4556,2013-12-08 13:40:00,601.9596
4556,2013-12-08 13:50:00,714.5537
4556,2013-12-08 14:00:00,691.3791
4556,2013-12-08 14:10:00,649.2959
4556,2013-12-08 14:20:00,710.35156
4556,2013-12-08 14:30:00,581.04224
4556,2013-12-08 14:40:00,547.05725
4556,2013-12-08 14:50:00,602.5483
4556,2013-12-08 15:00:00,579.3001
4556,2013-12-08 15:10:00,524.99115
4556,2013-12-08 15:20:00,598.6409
4556,2013-12-08 15:30:00,602.3727
4556,2013-12-08 15:40:00,558.28973
4556,2013-12-08 15:50:00,526.4551
4556,2013-12-08 16:00:00,481.39236
4556,2013-12-08 16:10:00,548.668
4556,2013-12-08 16:20:00,585.6651
4556,2013-12-08 16:30:00,517.7176
4556,2013-12-08 16:40:00,576.69336
4556,2013-12-08 16:50:00,574.15173
4556,2013-12-08 17:00:00,589.4303
4556,2013-12-08 17:10:00,524.98584
4556,2013-12-08 17:20:00,630.3579
4556,2013-12-08 17:30:00,670.3698
4556,2013-12-08 17:40:00,645.3763
4556,2013-12-08 17:50:00,644.8119
4556,2013-12-08 18:00:00,634.13
4556,2013-12-08 18:10:00,655.69354
4556,2013-12-08 18:20:00,655.4626
4556,2013-12-08 18:30:00,620.24854
4556,2013-12-08 18:40:00,627.4481
4556,2013-12-08 18:50:00,625.1063
4556,2013-12-08 19:00:00,683.6704
4556,2013-12-08 19:10:00,641.9007
4556,2013-12-08 19:20:00,690.12665
4556,2013-12-08 19:30:00,684.103
4556,2013-12-08 19:40:00,766.4706
4556,2013-12-08 19:50:00,741.38336
4556,2013-12-08 20:00:00,863.1455
4556,2013-12-08 20:10:00,843.2552
4556,2013-12-08 20:20:00,674.01526
4556,2013-12-08 20:30:00,720.9679
4556,2013-12-08 20:40:00,698.3175
4556,2013-12-08 20:50:00,797.23303
4556,2013-12-08 21:00:00,644.85114
4556,2013-12-08 21:10:00,649.74115
4556,2013-12-08 21:20:00,753.4642
4556,2013-12-08 21:30:00,617.0984
4556,2013-12-08 21:40:00,659.39685
4556,2013-12-08 21:50:00,685.62616
4556,2013-12-08 22:00:00,544.7574
4556,2013-12-08 22:10:00,621.1209
4556,2013-12-08 22:20:00,542.7193
4556,2013-12-08 22:30:00,549.35046
4556,2013-12-08 22:40:00,537.1085
4556,2013-12-08 22:50:00,470.4182
4556,2013-12-08 23:00:00,473.66913
4556,2013-12-08 23:10:00,433.6728
4556,2013-12-08 23:20:00,462.3672
4556,2013-12-08 23:30:00,446.00443
4556,2013-12-08 23:40:00,422.2219
4556,2013-12-08 23:50:00,407.10315
4556,2013-12-09 00:00:00,367.50275
4556,2013-12-09 00:10:00,302.21637
4556,2013-12-09 00:20:00,319.843
4556,2013-12-09 00:30:00,295.13437
4556,2013-12-09 00:40:00,273.55515
4556,2013-12-09 00:50:00,305.88654
4556,2013-12-09 01:00:00,290.37372
4556,2013-12-09 01:10:00,264.82004
4556,2013-12-09 01:20:00,263.54962
4556,2013-12-09 01:30:00,236.80992
4556,2013-12-09 01:40:00,237.1307
4556,2013-12-09 01:50:00,242.77325
4556,2013-12-09 02:00:00,230.6102
4556,2013-12-09 02:10:00,251.00185
4556,2013-12-09 02:20:00,231.80223
4556,2013-12-09 02:30:00,233.17941
4556,2013-12-09 02:40:00,233.8745
4556,2013-12-09 02:50:00,229.84688
4556,2013-12-09 03:00:00,222.51544
4556,2013-12-09 03:10:00,218.95363
4556,2013-12-09 03:20:00,197.15953
4556,2013-12-09 03:30:00,206.99855
4556,2013-12-09 03:40:00,212.28235
4556,2013-12-09 03:50:00,221.23427
4556,2013-12-09 04:00:00,213.78712
4556,2013-12-09 04:10:00,234.64471
4556,2013-12-09 04:20:00,218.02274
4556,2013-12-09 04:30:00,211.02225
4556,2013-12-09 04:40:00,250.63597
4556,2013-12-09 04:50:00,240.0471
4556,2013-12-09 05:00:00,268.81317
4556,2013-12-09 05:10:00,283.5047
4556,2013-12-09 05:20:00,275.4617
4556,2013-12-09 05:30:00,272.3511
4556,2013-12-09 05:40:00,287.80762
4556,2013-12-09 05:50:00,300.12015
4556,2013-12-09 06:00:00,319.81165
4556,2013-12-09 06:10:00,316.0593
4556,2013-12-09 06:20:00,321.44144
4556,2013-12-09 06:30:00,465.26648
4556,2013-12-09 06:40:00,363.05945
4556,2013-12-09 06:50:00,383.4347
4556,2013-12-09 07:00:00,401.7854
4556,2013-12-09 07:10:00,691.4672
4556,2013-12-09 07:20:00,579.0231
4556,2013-12-09 07:30:00,479.31888
4556,2013-12-09 07:40:00,482.6143
4556,2013-12-09 07:50:00,475.08902
4556,2013-12-09 08:00:00,524.36914
4556,2013-12-09 08:10:00,454.32736
4556,2013-12-09 08:20:00,428.5906
4556,2013-12-09 08:30:00,543.42645
4556,2013-12-09 08:40:00,467.71188
4556,2013-12-09 08:50:00,526.2452
4556,2013-12-09 09:00:00,450.10474
4556,2013-12-09 09:10:00,448.1814
4556,2013-12-09 09:20:00,453.85046
4556,2013-12-09 09:30:00,450.98248
4556,2013-12-09 09:40:00,472.41257
4556,2013-12-09 09:50:00,400.43533
4556,2013-12-09 10:00:00,437.52545
4556,2013-12-09 10:10:00,407.5877
4556,2013-12-09 10:20:00,574.20856
4556,2013-12-09 10:30:00,468.88947
4556,2013-12-09 10:40:00,483.56415
4556,2013-12-09 10:50:00,439.88275
4556,2013-12-09 11:00:00,445.34534
4556,2013-12-09 11:10:00,531.6045
4556,2013-12-09 11:20:00,582.93085
4556,2013-12-09 11:30:00,565.2787
4556,2013-12-09 11:40:00,572.569
4556,2013-12-09 11:50:00,590.9306
4556,2013-12-09 12:00:00,552.6055
4556,2013-12-09 12:10:00,601.5699
4556,2013-12-09 12:20:00,546.91235
4556,2013-12-09 12:30:00,507.779
4556,2013-12-09 12:40:00,530.84344
4556,2013-12-09 12:50:00,639.9216
4556,2013-12-09 13:00:00,621.41254
4556,2013-12-09 13:10:00,572.71436
4556,2013-12-09 13:20:00,562.549
4556,2013-12-09 13:30:00,592.7434
4556,2013-12-09 13:40:00,548.8649
4556,2013-12-09 13:50:00,558.761
4556,2013-12-09 14:00:00,568.9599
4556,2013-12-09 14:10:00,537.70795
4556,2013-12-09 14:20:00,513.3258
4556,2013-12-09 14:30:00,524.7206
4556,2013-12-09 14:40:00,531.66394
4556,2013-12-09 14:50:00,607.5903
4556,2013-12-09 15:00:00,533.0172
4556,2013-12-09 15:10:00,516.76245
4556,2013-12-09 15:20:00,576.6652
4556,2013-12-09 15:30:00,620.83044
4556,2013-12-09 15:40:00,600.6828
4556,2013-12-09 15:50:00,580.1003
4556,2013-12-09 16:00:00,676.5181
4556,2013-12-09 16:10:00,550.5066
4556,2013-12-09 16:20:00,545.08386
4556,2013-12-09 16:30:00,554.05914
4556,2013-12-09 16:40:00,600.63293
4556,2013-12-09 16:50:00,590.9737
4556,2013-12-09 17:00:00,688.63293
4556,2013-12-09 17:10:00,607.8321
4556,2013-12-09 17:20:00,599.9826
4556,2013-12-09 17:30:00,596.7986
4556,2013-12-09 17:40:00,774.4224
4556,2013-12-09 17:50:00,801.78015
4556,2013-12-09 18:00:00,700.66516
4556,2013-12-09 18:10:00,689.3025
4556,2013-12-09 18:20:00,723.8401
4556,2013-12-09 18:30:00,703.33124
4556,2013-12-09 18:40:00,783.74005
4556,2013-12-09 18:50:00,708.9614
4556,2013-12-09 19:00:00,777.01886
4556,2013-12-09 19:10:00,716.6904
4556,2013-12-09 19:20:00,738.0862
4556,2013-12-09 19:30:00,781.2168
4556,2013-12-09 19:40:00,992.8817
4556,2013-12-09 19:50:00,717.80975
4556,2013-12-09 20:00:00,745.5239
4556,2013-12-09 20:10:00,791.5224
4556,2013-12-09 20:20:00,777.2084
4556,2013-12-09 20:30:00,750.5841
4556,2013-12-09 20:40:00,797.89655
4556,2013-12-09 20:50:00,873.3808
4556,2013-12-09 21:00:00,846.0113
4556,2013-12-09 21:10:00,842.1668
4556,2013-12-09 21:20:00,738.5761
4556,2013-12-09 21:30:00,715.2051
4556,2013-12-09 21:40:00,717.53467
4556,2013-12-09 21:50:00,622.5188
4556,2013-12-09 22:00:00,658.50006
4556,2013-12-09 22:10:00,632.5576
4556,2013-12-09 22:20:00,642.0523
4556,2013-12-09 22:30:00,630.03955
4556,2013-12-09 22:40:00,615.64197
4556,2013-12-09 22:50:00,588.7361
4556,2013-12-09 23:00:00,538.22314
4556,2013-12-09 23:10:00,517.7972
4556,2013-12-09 23:20:00,537.0956
4556,2013-12-09 23:30:00,453.34586
4556,2013-12-09 23:40:00,496.8816
4556,2013-12-09 23:50:00,467.62628
4556,2013-12-10 00:00:00,401.02386
4556,2013-12-10 00:10:00,405.6915
4556,2013-12-10 00:20:00,376.34012
4556,2013-12-10 00:30:00,358.76575
4556,2013-12-10 00:40:00,471.05722
4556,2013-12-10 00:50:00,394.76096
4556,2013-12-10 01:00:00,354.1127
4556,2013-12-10 01:10:00,389.05408
4556,2013-12-10 01:20:00,383.98013
4556,2013-12-10 01:30:00,342.92368
4556,2013-12-10 01:40:00,364.83054
4556,2013-12-10 01:50:00,383.3822
4556,2013-12-10 02:00:00,279.75922
4556,2013-12-10 02:10:00,369.65015
4556,2013-12-10 02:20:00,266.4408
4556,2013-12-10 02:30:00,273.66046
4556,2013-12-10 02:40:00,291.585
4556,2013-12-10 02:50:00,228.56035
4556,2013-12-10 03:00:00,222.94476
4556,2013-12-10 03:10:00,238.67172
4556,2013-12-10 03:20:00,217.39952
4556,2013-12-10 03:30:00,229.14578
4556,2013-12-10 03:40:00,220.42677
4556,2013-12-10 03:50:00,206.3866
4556,2013-12-10 04:00:00,236.38722
4556,2013-12-10 04:10:00,257.5506
4556,2013-12-10 04:20:00,235.89308
4556,2013-12-10 04:30:00,265.65256
4556,2013-12-10 04:40:00,253.14479
4556,2013-12-10 04:50:00,237.44904
4556,2013-12-10 05:00:00,255.81166
4556,2013-12-10 05:10:00,284.85587
4556,2013-12-10 05:20:00,232.80904
4556,2013-12-10 05:30:00,264.43262
4556,2013-12-10 05:40:00,287.60577
4556,2013-12-10 05:50:00,275.98837
4556,2013-12-10 06:00:00,283.28635
4556,2013-12-10 06:10:00,316.23013
4556,2013-12-10 06:20:00,362.14917
4556,2013-12-10 06:30:00,408.45782
4556,2013-12-10 06:40:00,569.25214
4556,2013-12-10 06:50:00,471.92767
4556,2013-12-10 07:00:00,506.0241
4556,2013-12-10 07:10:00,561.14484
4556,2013-12-10 07:20:00,533.67084
4556,2013-12-10 07:30:00,556.0574
4556,2013-12-10 07:40:00,540.84375
4556,2013-12-10 07:50:00,470.53607
4556,2013-12-10 08:00:00,609.9388
4556,2013-12-10 08:10:00,579.3581
4556,2013-12-10 08:20:00,551.3308
4556,2013-12-10 08:30:00,600.49927
4556,2013-12-10 08:40:00,529.15436
4556,2013-12-10 08:50:00,515.29425
4556,2013-12-10 09:00:00,475.7977
4556,2013-12-10 09:10:00,506.8647
4556,2013-12-10 09:20:00,619.6073
4556,2013-12-10 09:30:00,524.6154
4556,2013-12-10 09:40:00,485.35757
4556,2013-12-10 09:50:00,548.3516
4556,2013-12-10 10:00:00,555.452
4556,2013-12-10 10:10:00,610.0299
4556,2013-12-10 10:20:00,611.089
4556,2013-12-10 10:30:00,526.0665
4556,2013-12-10 10:40:00,623.7806
4556,2013-12-10 10:50:00,551.452
4556,2013-12-10 11:00:00,532.243
4556,2013-12-10 11:10:00,552.5687
4556,2013-12-10 11:20:00,519.2152
4556,2013-12-10 11:30:00,553.1875
4556,2013-12-10 11:40:00,530.08026
4556,2013-12-10 11:50:00,537.5163
4556,2013-12-10 12:00:00,606.56744
4556,2013-12-10 12:10:00,600.24554
4556,2013-12-10 12:20:00,580.03455
4556,2013-12-10 12:30:00,583.51965
4556,2013-12-10 12:40:00,660.0765
4556,2013-12-10 12:50:00,603.62036
4556,2013-12-10 13:00:00,606.2191
4556,2013-12-10 13:10:00,606.6711
4556,2013-12-10 13:20:00,587.0617
4556,2013-12-10 13:30:00,538.4751
4556,2013-12-10 13:40:00,597.93286
4556,2013-12-10 13:50:00,579.29016
4556,2013-12-10 14:00:00,598.60693
4556,2013-12-10 14:10:00,586.57074
4556,2013-12-10 14:20:00,493.97885
4556,2013-12-10 14:30:00,479.33456
4556,2013-12-10 14:40:00,570.3464
4556,2013-12-10 14:50:00,618.4324
4556,2013-12-10 15:00:00,763.8527
4556,2013-12-10 15:10:00,624.5682
4556,2013-12-10 15:20:00,477.29544
4556,2013-12-10 15:30:00,488.502
4556,2013-12-10 15:40:00,572.42126
4556,2013-12-10 15:50:00,509.11047
4556,2013-12-10 16:00:00,514.64325
4556,2013-12-10 16:10:00,530.67474
4556,2013-12-10 16:20:00,479.5834
4556,2013-12-10 16:30:00,586.4905
4556,2013-12-10 16:40:00,614.49567
4556,2013-12-10 16:50:00,680.8164
4556,2013-12-10 17:00:00,643.99023
4556,2013-12-10 17:10:00,676.5842
4556,2013-12-10 17:20:00,642.5348
4556,2013-12-10 17:30:00,576.99634
4556,2013-12-10 17:40:00,599.339
4556,2013-12-10 17:50:00,663.76215
4556,2013-12-10 18:00:00,672.41345
4556,2013-12-10 18:10:00,703.69336
4556,2013-12-10 18:20:00,696.266
4556,2013-12-10 18:30:00,648.7048
4556,2013-12-10 18:40:00,772.3368
4556,2013-12-10 18:50:00,653.30255
4556,2013-12-10 19:00:00,672.4893
4556,2013-12-10 19:10:00,724.7806
4556,2013-12-10 19:20:00,707.35406
4556,2013-12-10 19:30:00,766.453
4556,2013-12-10 19:40:00,753.1645
4556,2013-12-10 19:50:00,752.6022
4556,2013-12-10 20:00:00,841.5679
4556,2013-12-10 20:10:00,723.3267
4556,2013-12-10 20:20:00,701.3604
4556,2013-12-10 20:30:00,752.14734
4556,2013-12-10 20:40:00,791.3029
4556,2013-12-10 20:50:00,782.96313
4556,2013-12-10 21:00:00,771.12775
4556,2013-12-10 21:10:00,808.1703
4556,2013-12-10 21:20:00,684.4886
4556,2013-12-10 21:30:00,720.134
4556,2013-12-10 21:40:00,729.19867
4556,2013-12-10 21:50:00,727.87427
4556,2013-12-10 22:00:00,807.975
4556,2013-12-10 22:10:00,791.08905
4556,2013-12-10 22:20:00,688.2616
4556,2013-12-10 22:30:00,689.1415
4556,2013-12-10 22:40:00,678.36115
4556,2013-12-10 22:50:00,592.0704
4556,2013-12-10 23:00:00,683.58307
4556,2013-12-10 23:10:00,569.6194
4556,2013-12-10 23:20:00,584.5679
4556,2013-12-10 23:30:00,545.6702
4556,2013-12-10 23:40:00,510.77725
4556,2013-12-10 23:50:00,469.85272
4556,2013-12-11 00:00:00,427.52615
4556,2013-12-11 00:10:00,418.05487
4556,2013-12-11 00:20:00,400.81256
4556,2013-12-11 00:30:00,369.04263
4556,2013-12-11 00:40:00,400.82446
4556,2013-12-11 00:50:00,494.85214
4556,2013-12-11 01:00:00,444.75632
4556,2013-12-11 01:10:00,342.45816
4556,2013-12-11 01:20:00,321.27475
4556,2013-12-11 01:30:00,288.331
4556,2013-12-11 01:40:00,288.67886
4556,2013-12-11 01:50:00,275.95453
4556,2013-12-11 02:00:00,265.60916
4556,2013-12-11 02:10:00,257.0351
4556,2013-12-11 02:20:00,263.70334
4556,2013-12-11 02:30:00,260.922
4556,2013-12-11 02:40:00,248.72176
4556,2013-12-11 02:50:00,234.65086
4556,2013-12-11 03:00:00,266.1392
4556,2013-12-11 03:10:00,274.88034
4556,2013-12-11 03:20:00,261.0726
4556,2013-12-11 03:30:00,293.32574
4556,2013-12-11 03:40:00,290.08807
4556,2013-12-11 03:50:00,315.1141
4556,2013-12-11 04:00:00,282.36035
4556,2013-12-11 04:10:00,289.76562
4556,2013-12-11 04:20:00,267.46893
4556,2013-12-11 04:30:00,281.50198
4556,2013-12-11 04:40:00,255.41919
4556,2013-12-11 04:50:00,237.52554
4556,2013-12-11 05:00:00,304.6422
4556,2013-12-11 05:10:00,254.11006
4556,2013-12-11 05:20:00,267.30283
4556,2013-12-11 05:30:00,263.78082
4556,2013-12-11 05:40:00,280.67795
4556,2013-12-11 05:50:00,310.51944
4556,2013-12-11 06:00:00,312.75266
4556,2013-12-11 06:10:00,334.98352
4556,2013-12-11 06:20:00,399.9871
4556,2013-12-11 06:30:00,468.8654
4556,2013-12-11 06:40:00,444.33292
4556,2013-12-11 06:50:00,667.23376
4556,2013-12-11 07:00:00,470.07037
4556,2013-12-11 07:10:00,461.7268
4556,2013-12-11 07:20:00,541.74304
4556,2013-12-11 07:30:00,574.337
4556,2013-12-11 07:40:00,506.02975
4556,2013-12-11 07:50:00,505.68167
4556,2013-12-11 08:00:00,577.64026
4556,2013-12-11 08:10:00,509.65225
4556,2013-12-11 08:20:00,516.0986
4556,2013-12-11 08:30:00,502.34637
4556,2013-12-11 08:40:00,490.25952
4556,2013-12-11 08:50:00,479.01648
4556,2013-12-11 09:00:00,497.59647
4556,2013-12-11 09:10:00,466.9914
4556,2013-12-11 09:20:00,420.129
4556,2013-12-11 09:30:00,441.5475
4556,2013-12-11 09:40:00,479.27502
4556,2013-12-11 09:50:00,523.22107
4556,2013-12-11 10:00:00,459.6689
4556,2013-12-11 10:10:00,526.7893
4556,2013-12-11 10:20:00,543.01654
4556,2013-12-11 10:30:00,516.60114
4556,2013-12-11 10:40:00,546.81793
4556,2013-12-11 10:50:00,549.7356
4556,2013-12-11 11:00:00,574.97687
4556,2013-12-11 11:10:00,582.3506
4556,2013-12-11 11:20:00,543.8552
4556,2013-12-11 11:30:00,481.64062
4556,2013-12-11 11:40:00,493.04376
4556,2013-12-11 11:50:00,571.9685
4556,2013-12-11 12:00:00,561.9313
4556,2013-12-11 12:10:00,514.3386
4556,2013-12-11 12:20:00,594.84735
4556,2013-12-11 12:30:00,570.16034
4556,2013-12-11 12:40:00,613.5127
4556,2013-12-11 12:50:00,574.9689
4556,2013-12-11 13:00:00,578.4802
4556,2013-12-11 13:10:00,595.58057
4556,2013-12-11 13:20:00,688.995
4556,2013-12-11 13:30:00,551.4378
4556,2013-12-11 13:40:00,568.0768
4556,2013-12-11 13:50:00,564.3787
4556,2013-12-11 14:00:00,545.025
4556,2013-12-11 14:10:00,584.453
4556,2013-12-11 14:20:00,591.21875
4556,2013-12-11 14:30:00,542.5653
4556,2013-12-11 14:40:00,602.93866
4556,2013-12-11 14:50:00,543.33014
4556,2013-12-11 15:00:00,546.9412
4556,2013-12-11 15:10:00,590.63837
4556,2013-12-11 15:20:00,574.6246
4556,2013-12-11 15:30:00,587.4166
4556,2013-12-11 15:40:00,501.16928
4556,2013-12-11 15:50:00,547.27606
4556,2013-12-11 16:00:00,605.1998
4556,2013-12-11 16:10:00,582.041
4556,2013-12-11 16:20:00,532.6583
4556,2013-12-11 16:30:00,705.6695
4556,2013-12-11 16:40:00,635.235
4556,2013-12-11 16:50:00,639.5091
4556,2013-12-11 17:00:00,584.0427
4556,2013-12-11 17:10:00,616.0241
4556,2013-12-11 17:20:00,632.0942
4556,2013-12-11 17:30:00,623.4601
4556,2013-12-11 17:40:00,650.60364
4556,2013-12-11 17:50:00,587.2646
4556,2013-12-11 18:00:00,633.2817
4556,2013-12-11 18:10:00,750.84863
4556,2013-12-11 18:20:00,669.0361
4556,2013-12-11 18:30:00,705.26434
4556,2013-12-11 18:40:00,674.5494
4556,2013-12-11 18:50:00,721.6271
4556,2013-12-11 19:00:00,706.6125
4556,2013-12-11 19:10:00,706.7569
4556,2013-12-11 19:20:00,793.4161
4556,2013-12-11 19:30:00,793.6747
4556,2013-12-11 19:40:00,831.01654
4556,2013-12-11 19:50:00,837.3783
4556,2013-12-11 20:00:00,810.82104
4556,2013-12-11 20:10:00,841.8306
4556,2013-12-11 20:20:00,835.9291
4556,2013-12-11 20:30:00,935.6366
4556,2013-12-11 20:40:00,827.5972
4556,2013-12-11 20:50:00,791.6246
4556,2013-12-11 21:00:00,826.5704
4556,2013-12-11 21:10:00,848.9059
4556,2013-12-11 21:20:00,857.4414
4556,2013-12-11 21:30:00,919.8936
4556,2013-12-11 21:40:00,1009.5974
4556,2013-12-11 21:50:00,920.18744
4556,2013-12-11 22:00:00,876.9841
4556,2013-12-11 22:10:00,910.7172
4556,2013-12-11 22:20:00,811.9818
4556,2013-12-11 22:30:00,817.25775
4556,2013-12-11 22:40:00,822.95264
4556,2013-12-11 22:50:00,660.48596
4556,2013-12-11 23:00:00,761.1617
4556,2013-12-11 23:10:00,643.72534
4556,2013-12-11 23:20:00,533.5719
4556,2013-12-11 23:30:00,540.82996
4556,2013-12-11 23:40:00,570.9014
4556,2013-12-11 23:50:00,472.466
4556,2013-12-12 00:00:00,492.17078
4556,2013-12-12 00:10:00,437.0263
4556,2013-12-12 00:20:00,436.56134
4556,2013-12-12 00:30:00,418.10825
4556,2013-12-12 00:40:00,433.5791
4556,2013-12-12 00:50:00,413.06628
4556,2013-12-12 01:00:00,384.97495
4556,2013-12-12 01:10:00,355.17072
4556,2013-12-12 01:20:00,321.86673
4556,2013-12-12 01:30:00,350.51956
4556,2013-12-12 01:40:00,307.7945
4556,2013-12-12 01:50:00,299.5255
4556,2013-12-12 02:00:00,362.19666
4556,2013-12-12 02:10:00,340.32114
4556,2013-12-12 02:20:00,342.84756
4556,2013-12-12 02:30:00,326.84195
4556,2013-12-12 02:40:00,358.46414
4556,2013-12-12 02:50:00,321.93762
4556,2013-12-12 03:00:00,342.36035
4556,2013-12-12 03:10:00,328.28232
4556,2013-12-12 03:20:00,325.72525
4556,2013-12-12 03:30:00,331.2539
4556,2013-12-12 03:40:00,322.65662
4556,2013-12-12 03:50:00,299.43204
4556,2013-12-12 04:00:00,280.11923
4556,2013-12-12 04:10:00,275.32922
4556,2013-12-12 04:20:00,260.65103
4556,2013-12-12 04:30:00,310.87067
4556,2013-12-12 04:40:00,304.0821
4556,2013-12-12 04:50:00,318.56885
4556,2013-12-12 05:00:00,324.56445
4556,2013-12-12 05:10:00,304.29846
4556,2013-12-12 05:20:00,319.55676
4556,2013-12-12 05:30:00,346.97693
4556,2013-12-12 05:40:00,350.7997
4556,2013-12-12 05:50:00,295.8481
4556,2013-12-12 06:00:00,370.17383
4556,2013-12-12 06:10:00,349.92413
4556,2013-12-12 06:20:00,351.26846
4556,2013-12-12 06:30:00,572.97644
4556,2013-12-12 06:40:00,453.92456
4556,2013-12-12 06:50:00,479.46082
4556,2013-12-12 07:00:00,505.80112
4556,2013-12-12 07:10:00,471.42444
4556,2013-12-12 07:20:00,514.69965
4556,2013-12-12 07:30:00,521.5441
4556,2013-12-12 07:40:00,562.90985
4556,2013-12-12 07:50:00,575.81415
4556,2013-12-12 08:00:00,510.18634
4556,2013-12-12 08:10:00,585.0843
4556,2013-12-12 08:20:00,498.4359
4556,2013-12-12 08:30:00,487.74625
4556,2013-12-12 08:40:00,467.35742
4556,2013-12-12 08:50:00,492.31747
4556,2013-12-12 09:00:00,589.55865
4556,2013-12-12 09:10:00,513.2816
4556,2013-12-12 09:20:00,520.47534
4556,2013-12-12 09:30:00,523.4353
4556,2013-12-12 09:40:00,553.3093
4556,2013-12-12 09:50:00,528.16516
4556,2013-12-12 10:00:00,507.53888
4556,2013-12-12 10:10:00,511.79767
4556,2013-12-12 10:20:00,530.4528
4556,2013-12-12 10:30:00,590.09717
4556,2013-12-12 10:40:00,501.32324
4556,2013-12-12 10:50:00,540.9494
4556,2013-12-12 11:00:00,557.7398
4556,2013-12-12 11:10:00,541.6206
4556,2013-12-12 11:20:00,573.05475
4556,2013-12-12 11:30:00,590.07733
4556,2013-12-12 11:40:00,576.6221
4556,2013-12-12 11:50:00,524.8958
4556,2013-12-12 12:00:00,619.44543
4556,2013-12-12 12:10:00,603.32434
4556,2013-12-12 12:20:00,644.5289
4556,2013-12-12 12:30:00,643.4222
4556,2013-12-12 12:40:00,652.3832
4556,2013-12-12 12:50:00,651.3994
4556,2013-12-12 13:00:00,673.10223
4556,2013-12-12 13:10:00,696.42584
4556,2013-12-12 13:20:00,686.04535
4556,2013-12-12 13:30:00,698.6878
4556,2013-12-12 13:40:00,614.01495
4556,2013-12-12 13:50:00,655.8718
4556,2013-12-12 14:00:00,621.83276
4556,2013-12-12 14:10:00,548.1755
4556,2013-12-12 14:20:00,564.55695
4556,2013-12-12 14:30:00,580.1197
4556,2013-12-12 14:40:00,533.556
4556,2013-12-12 14:50:00,542.53485
4556,2013-12-12 15:00:00,521.1288
4556,2013-12-12 15:10:00,549.81305
4556,2013-12-12 15:20:00,591.45215
4556,2013-12-12 15:30:00,573.8147
4556,2013-12-12 15:40:00,525.70233
4556,2013-12-12 15:50:00,572.4302
4556,2013-12-12 16:00:00,613.39557
4556,2013-12-12 16:10:00,579.7253
4556,2013-12-12 16:20:00,530.6643
4556,2013-12-12 16:30:00,615.938
4556,2013-12-12 16:40:00,509.1889
4556,2013-12-12 16:50:00,579.9124
4556,2013-12-12 17:00:00,650.92
4556,2013-12-12 17:10:00,581.2464
4556,2013-12-12 17:20:00,629.3509
4556,2013-12-12 17:30:00,596.1757
4556,2013-12-12 17:40:00,618.1257
4556,2013-12-12 17:50:00,693.34033
4556,2013-12-12 18:00:00,657.6868
4556,2013-12-12 18:10:00,686.45337
4556,2013-12-12 18:20:00,681.47504
4556,2013-12-12 18:30:00,643.14716
4556,2013-12-12 18:40:00,729.0414
4556,2013-12-12 18:50:00,723.5846
4556,2013-12-12 19:00:00,849.4494
4556,2013-12-12 19:10:00,815.3053
4556,2013-12-12 19:20:00,881.69745
4556,2013-12-12 19:30:00,785.99774
4556,2013-12-12 19:40:00,762.6552
4556,2013-12-12 19:50:00,780.3491
4556,2013-12-12 20:00:00,919.51074
4556,2013-12-12 20:10:00,929.61304
4556,2013-12-12 20:20:00,846.94604
4556,2013-12-12 20:30:00,828.9467
4556,2013-12-12 20:40:00,787.03864
4556,2013-12-12 20:50:00,812.7847
4556,2013-12-12 21:00:00,795.2338
4556,2013-12-12 21:10:00,799.3694
4556,2013-12-12 21:20:00,720.20764
4556,2013-12-12 21:30:00,770.1784
4556,2013-12-12 21:40:00,759.4946
4556,2013-12-12 21:50:00,789.63116
4556,2013-12-12 22:00:00,813.3524
4556,2013-12-12 22:10:00,856.2824
4556,2013-12-12 22:20:00,780.64435
4556,2013-12-12 22:30:00,844.5882
4556,2013-12-12 22:40:00,823.02454
4556,2013-12-12 22:50:00,736.0422
4556,2013-12-12 23:00:00,704.99756
4556,2013-12-12 23:10:00,607.9873
4556,2013-12-12 23:20:00,614.66943
4556,2013-12-12 23:30:00,626.39026
4556,2013-12-12 23:40:00,594.88855
4556,2013-12-12 23:50:00,559.965
4556,2013-12-13 00:00:00,517.9587
4556,2013-12-13 00:10:00,515.90717
4556,2013-12-13 00:20:00,447.1706
4556,2013-12-13 00:30:00,453.01157
4556,2013-12-13 00:40:00,403.88913
4556,2013-12-13 00:50:00,357.30344
4556,2013-12-13 01:00:00,357.3883
4556,2013-12-13 01:10:00,318.08905
4556,2013-12-13 01:20:00,339.43008
4556,2013-12-13 01:30:00,321.02463
4556,2013-12-13 01:40:00,284.22427
4556,2013-12-13 01:50:00,279.03778
4556,2013-12-13 02:00:00,293.92264
4556,2013-12-13 02:10:00,223.09964
4556,2013-12-13 02:20:00,233.07124
4556,2013-12-13 02:30:00,245.84743
4556,2013-12-13 02:40:00,202.31207
4556,2013-12-13 02:50:00,204.11102
4556,2013-12-13 03:00:00,223.90239
4556,2013-12-13 03:10:00,204.7709
4556,2013-12-13 03:20:00,237.86104
4556,2013-12-13 03:30:00,243.96053
4556,2013-12-13 03:40:00,208.20126
4556,2013-12-13 03:50:00,215.83258
4556,2013-12-13 04:00:00,229.89133
4556,2013-12-13 04:10:00,205.67934
4556,2013-12-13 04:20:00,227.80702
4556,2013-12-13 04:30:00,247.08356
4556,2013-12-13 04:40:00,253.1943
4556,2013-12-13 04:50:00,255.38345
4556,2013-12-13 05:00:00,247.45227
4556,2013-12-13 05:10:00,244.2602
4556,2013-12-13 05:20:00,223.55183
4556,2013-12-13 05:30:00,323.21017
4556,2013-12-13 05:40:00,277.7343
4556,2013-12-13 05:50:00,302.01422
4556,2013-12-13 06:00:00,344.43063
4556,2013-12-13 06:10:00,331.4164
4556,2013-12-13 06:20:00,359.02713
4556,2013-12-13 06:30:00,360.43152
4556,2013-12-13 06:40:00,406.25827
4556,2013-12-13 06:50:00,439.4152
4556,2013-12-13 07:00:00,438.60007
4556,2013-12-13 07:10:00,470.97992
4556,2013-12-13 07:20:00,483.09018
4556,2013-12-13 07:30:00,485.63605
4556,2013-12-13 07:40:00,465.94864
4556,2013-12-13 07:50:00,502.54813
4556,2013-12-13 08:00:00,536.3782
4556,2013-12-13 08:10:00,453.27948
4556,2013-12-13 08:20:00,486.44876
4556,2013-12-13 08:30:00,595.7596
4556,2013-12-13 08:40:00,523.9087
4556,2013-12-13 08:50:00,559.58514
4556,2013-12-13 09:00:00,564.0048
4556,2013-12-13 09:10:00,512.98755
4556,2013-12-13 09:20:00,469.60104
4556,2013-12-13 09:30:00,441.43213
4556,2013-12-13 09:40:00,453.77982
4556,2013-12-13 09:50:00,496.23813
4556,2013-12-13 10:00:00,522.99603
4556,2013-12-13 10:10:00,547.91187
4556,2013-12-13 10:20:00,588.51074
4556,2013-12-13 10:30:00,608.15344
4556,2013-12-13 10:40:00,547.02704
4556,2013-12-13 10:50:00,565.9996
4556,2013-12-13 11:00:00,566.26447
4556,2013-12-13 11:10:00,594.0233
4556,2013-12-13 11:20:00,601.2523
4556,2013-12-13 11:30:00,595.0345
4556,2013-12-13 11:40:00,613.7409
4556,2013-12-13 11:50:00,608.3899
4556,2013-12-13 12:00:00,655.1536
4556,2013-12-13 12:10:00,645.9599
4556,2013-12-13 12:20:00,661.10364
4556,2013-12-13 12:30:00,709.6771
4556,2013-12-13 12:40:00,708.8107
4556,2013-12-13 12:50:00,684.8637
4556,2013-12-13 13:00:00,726.2091
4556,2013-12-13 13:10:00,758.0504
4556,2013-12-13 13:20:00,733.2737
4556,2013-12-13 13:30:00,670.3525
4556,2013-12-13 13:40:00,660.77026
4556,2013-12-13 13:50:00,632.6403
4556,2013-12-13 14:00:00,688.31335
4556,2013-12-13 14:10:00,623.0656
4556,2013-12-13 14:20:00,682.78644
4556,2013-12-13 14:30:00,645.13446
4556,2013-12-13 14:40:00,624.2759
4556,2013-12-13 14:50:00,605.5573
4556,2013-12-13 15:00:00,616.9827
4556,2013-12-13 15:10:00,566.1847
4556,2013-12-13 15:20:00,554.0501
4556,2013-12-13 15:30:00,555.5991
4556,2013-12-13 15:40:00,537.0603
4556,2013-12-13 15:50:00,563.8905
4556,2013-12-13 16:00:00,496.60715
4556,2013-12-13 16:10:00,547.94403
4556,2013-12-13 16:20:00,563.3798
4556,2013-12-13 16:30:00,607.07416
4556,2013-12-13 16:40:00,543.539
4556,2013-12-13 16:50:00,563.95776
4556,2013-12-13 17:00:00,566.9867
4556,2013-12-13 17:10:00,538.43024
4556,2013-12-13 17:20:00,503.09363
4556,2013-12-13 17:30:00,607.17664
4556,2013-12-13 17:40:00,569.2385
4556,2013-12-13 17:50:00,547.53284
4556,2013-12-13 18:00:00,644.07886
4556,2013-12-13 18:10:00,605.92993
4556,2013-12-13 18:20:00,679.8385
4556,2013-12-13 18:30:00,673.92316
4556,2013-12-13 18:40:00,708.22186
4556,2013-12-13 18:50:00,730.6682
4556,2013-12-13 19:00:00,795.7668
4556,2013-12-13 19:10:00,757.0885
4556,2013-12-13 19:20:00,847.18726
4556,2013-12-13 19:30:00,870.71716
4556,2013-12-13 19:40:00,823.2821
4556,2013-12-13 19:50:00,839.6399
4556,2013-12-13 20:00:00,947.088
4556,2013-12-13 20:10:00,926.1477
4556,2013-12-13 20:20:00,962.28253
4556,2013-12-13 20:30:00,976.7657
4556,2013-12-13 20:40:00,991.0223
4556,2013-12-13 20:50:00,1005.6082
4556,2013-12-13 21:00:00,971.3979
4556,2013-12-13 21:10:00,945.6011
4556,2013-12-13 21:20:00,901.10754
4556,2013-12-13 21:30:00,923.96216
4556,2013-12-13 21:40:00,888.7486
4556,2013-12-13 21:50:00,903.02936
4556,2013-12-13 22:00:00,933.6308
4556,2013-12-13 22:10:00,828.5344
4556,2013-12-13 22:20:00,834.66547
4556,2013-12-13 22:30:00,847.9668
4556,2013-12-13 22:40:00,824.6603
4556,2013-12-13 22:50:00,829.428
4556,2013-12-13 23:00:00,807.1174
4556,2013-12-13 23:10:00,805.23517
4556,2013-12-13 23:20:00,757.7677
4556,2013-12-13 23:30:00,850.29724
4556,2013-12-13 23:40:00,774.43195
4556,2013-12-13 23:50:00,689.7861
4556,2013-12-14 00:00:00,628.76025
4556,2013-12-14 00:10:00,619.4716
4556,2013-12-14 00:20:00,571.671
4556,2013-12-14 00:30:00,551.9051
4556,2013-12-14 00:40:00,475.78177
4556,2013-12-14 00:50:00,507.04697
4556,2013-12-14 01:00:00,483.16025
4556,2013-12-14 01:10:00,425.01376
4556,2013-12-14 01:20:00,404.35977
4556,2013-12-14 01:30:00,425.76306
4556,2013-12-14 01:40:00,363.58707
4556,2013-12-14 01:50:00,337.71188
4556,2013-12-14 02:00:00,342.18347
4556,2013-12-14 02:10:00,309.67126
4556,2013-12-14 02:20:00,323.45624
4556,2013-12-14 02:30:00,327.68414
4556,2013-12-14 02:40:00,286.7772
4556,2013-12-14 02:50:00,264.73898
4556,2013-12-14 03:00:00,298.54013
4556,2013-12-14 03:10:00,301.40973
4556,2013-12-14 03:20:00,259.5166
4556,2013-12-14 03:30:00,288.20395
4556,2013-12-14 03:40:00,239.23131
4556,2013-12-14 03:50:00,249.29506
4556,2013-12-14 04:00:00,257.61862
4556,2013-12-14 04:10:00,222.27853
4556,2013-12-14 04:20:00,216.48203
4556,2013-12-14 04:30:00,234.50139
4556,2013-12-14 04:40:00,217.31963
4556,2013-12-14 04:50:00,210.35823
4556,2013-12-14 05:00:00,223.54854
4556,2013-12-14 05:10:00,192.7092
4556,2013-12-14 05:20:00,209.80313
4556,2013-12-14 05:30:00,232.92029
4556,2013-12-14 05:40:00,218.6865
4556,2013-12-14 05:50:00,212.44899
4556,2013-12-14 06:00:00,220.87605
4556,2013-12-14 06:10:00,206.02519
4556,2013-12-14 06:20:00,242.36603
4556,2013-12-14 06:30:00,222.06674
4556,2013-12-14 06:40:00,242.3707
4556,2013-12-14 06:50:00,257.06256
4556,2013-12-14 07:00:00,264.91968
4556,2013-12-14 07:10:00,235.60332
4556,2013-12-14 07:20:00,268.9784
4556,2013-12-14 07:30:00,285.9379
4556,2013-12-14 07:40:00,283.32938
4556,2013-12-14 07:50:00,294.0021
4556,2013-12-14 08:00:00,309.61493
4556,2013-12-14 08:10:00,317.76315
4556,2013-12-14 08:20:00,363.62372
4556,2013-12-14 08:30:00,403.20367
4556,2013-12-14 08:40:00,327.71793
4556,2013-12-14 08:50:00,408.11658
4556,2013-12-14 09:00:00,435.73477
4556,2013-12-14 09:10:00,449.27588
4556,2013-12-14 09:20:00,488.01617
4556,2013-12-14 09:30:00,476.06458
4556,2013-12-14 09:40:00,462.66754
4556,2013-12-14 09:50:00,459.76965
4556,2013-12-14 10:00:00,566.16583
4556,2013-12-14 10:10:00,521.709
4556,2013-12-14 10:20:00,542.8922
4556,2013-12-14 10:30:00,608.7012
4556,2013-12-14 10:40:00,566.42194
4556,2013-12-14 10:50:00,568.2537
4556,2013-12-14 11:00:00,668.3499
4556,2013-12-14 11:10:00,600.2836
4556,2013-12-14 11:20:00,586.89606
4556,2013-12-14 11:30:00,614.98303
4556,2013-12-14 11:40:00,591.0859
4556,2013-12-14 11:50:00,636.3663
4556,2013-12-14 12:00:00,684.5722
4556,2013-12-14 12:10:00,723.26886
4556,2013-12-14 12:20:00,664.41504
4556,2013-12-14 12:30:00,703.08575
4556,2013-12-14 12:40:00,651.07355
4556,2013-12-14 12:50:00,674.5181
4556,2013-12-14 13:00:00,719.2864
4556,2013-12-14 13:10:00,779.2034
4556,2013-12-14 13:20:00,810.62134
4556,2013-12-14 13:30:00,768.741
4556,2013-12-14 13:40:00,679.4699
4556,2013-12-14 13:50:00,784.2712
4556,2013-12-14 14:00:00,822.97144
4556,2013-12-14 14:10:00,776.62714
4556,2013-12-14 14:20:00,742.61505
4556,2013-12-14 14:30:00,686.5888
4556,2013-12-14 14:40:00,725.636
4556,2013-12-14 14:50:00,663.35974
4556,2013-12-14 15:00:00,662.19196
4556,2013-12-14 15:10:00,649.4455
4556,2013-12-14 15:20:00,651.4637
4556,2013-12-14 15:30:00,654.12634
4556,2013-12-14 15:40:00,605.87256
4556,2013-12-14 15:50:00,623.89886
4556,2013-12-14 16:00:00,681.9165
4556,2013-12-14 16:10:00,658.62256
4556,2013-12-14 16:20:00,679.6746
4556,2013-12-14 16:30:00,768.26965
4556,2013-12-14 16:40:00,736.34845
4556,2013-12-14 16:50:00,673.8679
4556,2013-12-14 17:00:00,721.3396
4556,2013-12-14 17:10:00,660.6699
4556,2013-12-14 17:20:00,689.6512
4556,2013-12-14 17:30:00,686.85815
4556,2013-12-14 17:40:00,701.6766
4556,2013-12-14 17:50:00,679.87946
4556,2013-12-14 18:00:00,789.1952
4556,2013-12-14 18:10:00,687.7974
4556,2013-12-14 18:20:00,698.0246
4556,2013-12-14 18:30:00,674.1471
4556,2013-12-14 18:40:00,772.33527
4556,2013-12-14 18:50:00,774.0018
4556,2013-12-14 19:00:00,826.6348
4556,2013-12-14 19:10:00,823.9504
4556,2013-12-14 19:20:00,885.4161
4556,2013-12-14 19:30:00,906.3668
4556,2013-12-14 19:40:00,864.2447
4556,2013-12-14 19:50:00,963.4397
4556,2013-12-14 20:00:00,966.74536
4556,2013-12-14 20:10:00,1124.1392
4556,2013-12-14 20:20:00,1001.18524
4556,2013-12-14 20:30:00,1015.9391
4556,2013-12-14 20:40:00,1047.3701
4556,2013-12-14 20:50:00,1018.5409
4556,2013-12-14 21:00:00,1007.4495
4556,2013-12-14 21:10:00,996.5054
4556,2013-12-14 21:20:00,944.0128
4556,2013-12-14 21:30:00,1056.3494
4556,2013-12-14 21:40:00,1071.8263
4556,2013-12-14 21:50:00,998.09314
4556,2013-12-14 22:00:00,1047.3993
4556,2013-12-14 22:10:00,1008.96936
4556,2013-12-14 22:20:00,1057.5999
4556,2013-12-14 22:30:00,1027.673
4556,2013-12-14 22:40:00,994.4546
4556,2013-12-14 22:50:00,942.9383
4556,2013-12-14 23:00:00,1046.4762
4556,2013-12-14 23:10:00,970.3632
4556,2013-12-14 23:20:00,996.89124
4556,2013-12-14 23:30:00,968.5133
4556,2013-12-14 23:40:00,903.3361
4556,2013-12-14 23:50:00,854.3591
4556,2013-12-15 00:00:00,905.1605
4556,2013-12-15 00:10:00,760.44635
4556,2013-12-15 00:20:00,681.41125
4556,2013-12-15 00:30:00,669.8383
4556,2013-12-15 00:40:00,607.16644
4556,2013-12-15 00:50:00,555.6904
4556,2013-12-15 01:00:00,576.3619
4556,2013-12-15 01:10:00,512.3059
4556,2013-12-15 01:20:00,451.24832
4556,2013-12-15 01:30:00,478.51898
4556,2013-12-15 01:40:00,388.27573
4556,2013-12-15 01:50:00,371.901
4556,2013-12-15 02:00:00,372.19235
4556,2013-12-15 02:10:00,345.4848
4556,2013-12-15 02:20:00,372.77417
4556,2013-12-15 02:30:00,329.90436
4556,2013-12-15 02:40:00,282.28946
4556,2013-12-15 02:50:00,324.1505
4556,2013-12-15 03:00:00,293.65274
4556,2013-12-15 03:10:00,265.19412
4556,2013-12-15 03:20:00,320.80997
4556,2013-12-15 03:30:00,268.93442
4556,2013-12-15 03:40:00,203.39803
4556,2013-12-15 03:50:00,243.71797
4556,2013-12-15 04:00:00,221.30835
4556,2013-12-15 04:10:00,186.5039
4556,2013-12-15 04:20:00,222.25307
4556,2013-12-15 04:30:00,199.64104
4556,2013-12-15 04:40:00,171.95265
4556,2013-12-15 04:50:00,200.40567
4556,2013-12-15 05:00:00,200.82597
4556,2013-12-15 05:10:00,156.36354
4556,2013-12-15 05:20:00,193.04965
4556,2013-12-15 05:30:00,215.2245
4556,2013-12-15 05:40:00,188.09341
4556,2013-12-15 05:50:00,220.70963
4556,2013-12-15 06:00:00,206.39032
4556,2013-12-15 06:10:00,177.39468
4556,2013-12-15 06:20:00,223.71878
4556,2013-12-15 06:30:00,245.72795
4556,2013-12-15 06:40:00,189.9468
4556,2013-12-15 06:50:00,238.24023
4556,2013-12-15 07:00:00,236.4203
4556,2013-12-15 07:10:00,231.57196
4556,2013-12-15 07:20:00,274.23074
4556,2013-12-15 07:30:00,272.79498
4556,2013-12-15 07:40:00,249.69835
4556,2013-12-15 07:50:00,296.54102
4556,2013-12-15 08:00:00,264.86264
4556,2013-12-15 08:10:00,280.38217
4556,2013-12-15 08:20:00,335.40512
4556,2013-12-15 08:30:00,456.9868
4556,2013-12-15 08:40:00,330.372
4556,2013-12-15 08:50:00,345.52774
4556,2013-12-15 09:00:00,350.20044
4556,2013-12-15 09:10:00,329.86844
4556,2013-12-15 09:20:00,356.87997
4556,2013-12-15 09:30:00,446.37625
4556,2013-12-15 09:40:00,381.77817
4556,2013-12-15 09:50:00,427.7078
4556,2013-12-15 10:00:00,448.3135
4556,2013-12-15 10:10:00,486.15356
4556,2013-12-15 10:20:00,500.45117
4556,2013-12-15 10:30:00,482.91025
4556,2013-12-15 10:40:00,464.72476
4556,2013-12-15 10:50:00,486.74106
4556,2013-12-15 11:00:00,555.25073
4556,2013-12-15 11:10:00,622.8405
4556,2013-12-15 11:20:00,576.4087
4556,2013-12-15 11:30:00,648.14716
4556,2013-12-15 11:40:00,655.5182
4556,2013-12-15 11:50:00,640.62573
4556,2013-12-15 12:00:00,626.6562
4556,2013-12-15 12:10:00,651.94415
4556,2013-12-15 12:20:00,642.45874
4556,2013-12-15 12:30:00,620.4545
4556,2013-12-15 12:40:00,612.0486
4556,2013-12-15 12:50:00,685.38275
4556,2013-12-15 13:00:00,665.68665
4556,2013-12-15 13:10:00,714.215
4556,2013-12-15 13:20:00,779.458
4556,2013-12-15 13:30:00,706.59674
4556,2013-12-15 13:40:00,754.85645
4556,2013-12-15 13:50:00,714.4337
4556,2013-12-15 14:00:00,744.6213
4556,2013-12-15 14:10:00,705.3313
4556,2013-12-15 14:20:00,670.8242
4556,2013-12-15 14:30:00,710.1927
4556,2013-12-15 14:40:00,645.7093
4556,2013-12-15 14:50:00,670.18884
4556,2013-12-15 15:00:00,708.47485
4556,2013-12-15 15:10:00,699.9158
4556,2013-12-15 15:20:00,725.83435
4556,2013-12-15 15:30:00,703.4633
4556,2013-12-15 15:40:00,665.56134
4556,2013-12-15 15:50:00,650.00635
4556,2013-12-15 16:00:00,674.7799
4556,2013-12-15 16:10:00,654.4077
4556,2013-12-15 16:20:00,668.478
4556,2013-12-15 16:30:00,713.45685
4556,2013-12-15 16:40:00,686.6721
4556,2013-12-15 16:50:00,682.6627
4556,2013-12-15 17:00:00,665.0905
4556,2013-12-15 17:10:00,614.8303
4556,2013-12-15 17:20:00,672.6114
4556,2013-12-15 17:30:00,657.89984
4556,2013-12-15 17:40:00,606.51965
4556,2013-12-15 17:50:00,691.107
4556,2013-12-15 18:00:00,623.5946
4556,2013-12-15 18:10:00,644.0505
4556,2013-12-15 18:20:00,644.64734
4556,2013-12-15 18:30:00,610.05566
4556,2013-12-15 18:40:00,587.0729
4556,2013-12-15 18:50:00,702.8458
4556,2013-12-15 19:00:00,631.83167
4556,2013-12-15 19:10:00,687.77924
4556,2013-12-15 19:20:00,701.51587
4556,2013-12-15 19:30:00,666.3717
4556,2013-12-15 19:40:00,637.4008
4556,2013-12-15 19:50:00,706.61414
4556,2013-12-15 20:00:00,675.44977
4556,2013-12-15 20:10:00,657.73083
4556,2013-12-15 20:20:00,648.3489
4556,2013-12-15 20:30:00,643.3544
4556,2013-12-15 20:40:00,707.7044
4556,2013-12-15 20:50:00,734.98645
4556,2013-12-15 21:00:00,644.81683
4556,2013-12-15 21:10:00,751.8155
4556,2013-12-15 21:20:00,699.3524
4556,2013-12-15 21:30:00,701.19586
4556,2013-12-15 21:40:00,687.95135
4556,2013-12-15 21:50:00,643.7293
4556,2013-12-15 22:00:00,585.1208
4556,2013-12-15 22:10:00,576.7672
4556,2013-12-15 22:20:00,527.2363
4556,2013-12-15 22:30:00,532.96545
4556,2013-12-15 22:40:00,499.17096
4556,2013-12-15 22:50:00,457.67136
4556,2013-12-15 23:00:00,462.1733
4556,2013-12-15 23:10:00,461.91534
4556,2013-12-15 23:20:00,435.48914
4556,2013-12-15 23:30:00,406.789
4556,2013-12-15 23:40:00,426.66187
4556,2013-12-15 23:50:00,370.37708
4556,2013-12-16 00:00:00,363.63068
4556,2013-12-16 00:10:00,333.02533
4556,2013-12-16 00:20:00,327.30222
4556,2013-12-16 00:30:00,361.39984
4556,2013-12-16 00:40:00,353.88583
4556,2013-12-16 00:50:00,303.07767
4556,2013-12-16 01:00:00,300.97443
4556,2013-12-16 01:10:00,265.04523
4556,2013-12-16 01:20:00,262.79398
4556,2013-12-16 01:30:00,268.63535
4556,2013-12-16 01:40:00,247.12105
4556,2013-12-16 01:50:00,254.47166
4556,2013-12-16 02:00:00,252.281
4556,2013-12-16 02:10:00,236.70103
4556,2013-12-16 02:20:00,235.01651
4556,2013-12-16 02:30:00,245.38077
4556,2013-12-16 02:40:00,260.2948
4556,2013-12-16 02:50:00,246.55821
4556,2013-12-16 03:00:00,250.36841
4556,2013-12-16 03:10:00,230.44722
4556,2013-12-16 03:20:00,236.89462
4556,2013-12-16 03:30:00,242.24167
4556,2013-12-16 03:40:00,228.12883
4556,2013-12-16 03:50:00,234.43016
4556,2013-12-16 04:00:00,219.74261
4556,2013-12-16 04:10:00,223.93347
4556,2013-12-16 04:20:00,213.89618
4556,2013-12-16 04:30:00,192.43541
4556,2013-12-16 04:40:00,213.95059
4556,2013-12-16 04:50:00,211.98273
4556,2013-12-16 05:00:00,215.5303
4556,2013-12-16 05:10:00,228.09401
4556,2013-12-16 05:20:00,227.569
4556,2013-12-16 05:30:00,220.438
4556,2013-12-16 05:40:00,227.32527
4556,2013-12-16 05:50:00,242.54851
4556,2013-12-16 06:00:00,240.65643
4556,2013-12-16 06:10:00,258.29178
4556,2013-12-16 06:20:00,259.96454
4556,2013-12-16 06:30:00,276.56317
4556,2013-12-16 06:40:00,283.30432
4556,2013-12-16 06:50:00,326.0922
4556,2013-12-16 07:00:00,358.24588
4556,2013-12-16 07:10:00,350.28232
4556,2013-12-16 07:20:00,407.73456
4556,2013-12-16 07:30:00,435.03372
4556,2013-12-16 07:40:00,385.27994
4556,2013-12-16 07:50:00,460.1861
4556,2013-12-16 08:00:00,458.02914
4556,2013-12-16 08:10:00,434.1239
4556,2013-12-16 08:20:00,495.01062
4556,2013-12-16 08:30:00,480.85532
4556,2013-12-16 08:40:00,438.1201
4556,2013-12-16 08:50:00,413.76572
4556,2013-12-16 09:00:00,431.31693
4556,2013-12-16 09:10:00,401.272
4556,2013-12-16 09:20:00,419.2993
4556,2013-12-16 09:30:00,397.14807
4556,2013-12-16 09:40:00,355.00552
4556,2013-12-16 09:50:00,408.7484
4556,2013-12-16 10:00:00,411.15665
4556,2013-12-16 10:10:00,401.47775
4556,2013-12-16 10:20:00,429.59592
4556,2013-12-16 10:30:00,419.53
4556,2013-12-16 10:40:00,395.6921
4556,2013-12-16 10:50:00,449.90564
4556,2013-12-16 11:00:00,491.08423
4556,2013-12-16 11:10:00,456.56418
4556,2013-12-16 11:20:00,444.73206
4556,2013-12-16 11:30:00,434.56494
4556,2013-12-16 11:40:00,425.23462
4556,2013-12-16 11:50:00,433.60635
4556,2013-12-16 12:00:00,417.89023
4556,2013-12-16 12:10:00,456.40823
4556,2013-12-16 12:20:00,461.07318
4556,2013-12-16 12:30:00,424.76343
4556,2013-12-16 12:40:00,484.80322
4556,2013-12-16 12:50:00,453.86603
4556,2013-12-16 13:00:00,490.61932
4556,2013-12-16 13:10:00,503.7356
4556,2013-12-16 13:20:00,464.39493
4556,2013-12-16 13:30:00,458.28607
4556,2013-12-16 13:40:00,455.399
4556,2013-12-16 13:50:00,486.54523
4556,2013-12-16 14:00:00,489.70163
4556,2013-12-16 14:10:00,532.7478
4556,2013-12-16 14:20:00,552.62286
4556,2013-12-16 14:30:00,505.5834
4556,2013-12-16 14:40:00,508.7231
4556,2013-12-16 14:50:00,463.77798
4556,2013-12-16 15:00:00,407.81775
4556,2013-12-16 15:10:00,460.29062
4556,2013-12-16 15:20:00,450.79742
4556,2013-12-16 15:30:00,501.7245
4556,2013-12-16 15:40:00,480.75894
4556,2013-12-16 15:50:00,475.32144
4556,2013-12-16 16:00:00,442.72757
4556,2013-12-16 16:10:00,458.0231
4556,2013-12-16 16:20:00,515.6283
4556,2013-12-16 16:30:00,472.41846
4556,2013-12-16 16:40:00,499.99786
4556,2013-12-16 16:50:00,511.67972
4556,2013-12-16 17:00:00,520.344
4556,2013-12-16 17:10:00,521.48615
4556,2013-12-16 17:20:00,570.7011
4556,2013-12-16 17:30:00,571.6878
4556,2013-12-16 17:40:00,558.2686
4556,2013-12-16 17:50:00,521.9968
4556,2013-12-16 18:00:00,522.4751
4556,2013-12-16 18:10:00,597.31586
4556,2013-12-16 18:20:00,563.3136
4556,2013-12-16 18:30:00,593.2625
4556,2013-12-16 18:40:00,541.2987
4556,2013-12-16 18:50:00,567.298
4556,2013-12-16 19:00:00,563.3828
4556,2013-12-16 19:10:00,523.1999
4556,2013-12-16 19:20:00,582.3668
4556,2013-12-16 19:30:00,569.6862
4556,2013-12-16 19:40:00,608.3081
4556,2013-12-16 19:50:00,597.3652
4556,2013-12-16 20:00:00,570.0763
4556,2013-12-16 20:10:00,593.5654
4556,2013-12-16 20:20:00,610.3119
4556,2013-12-16 20:30:00,609.5723
4556,2013-12-16 20:40:00,557.41486
4556,2013-12-16 20:50:00,610.18555
4556,2013-12-16 21:00:00,598.42993
4556,2013-12-16 21:10:00,584.561
4556,2013-12-16 21:20:00,584.96606
4556,2013-12-16 21:30:00,585.66797
4556,2013-12-16 21:40:00,561.8521
4556,2013-12-16 21:50:00,548.7749
4556,2013-12-16 22:00:00,534.24396
4556,2013-12-16 22:10:00,543.878
4556,2013-12-16 22:20:00,568.48425
4556,2013-12-16 22:30:00,523.17926
4556,2013-12-16 22:40:00,522.9106
4556,2013-12-16 22:50:00,486.06656
4556,2013-12-16 23:00:00,522.3952
4556,2013-12-16 23:10:00,472.94388
4556,2013-12-16 23:20:00,433.27838
4556,2013-12-16 23:30:00,414.8725
4556,2013-12-16 23:40:00,717.7689
4556,2013-12-16 23:50:00,348.8606
4556,2013-12-17 00:00:00,389.36475
4556,2013-12-17 00:10:00,387.90558
4556,2013-12-17 00:20:00,328.99664
4556,2013-12-17 00:30:00,378.03738
4556,2013-12-17 00:40:00,383.9395
4556,2013-12-17 00:50:00,302.4299
4556,2013-12-17 01:00:00,326.24924
4556,2013-12-17 01:10:00,306.42953
4556,2013-12-17 01:20:00,282.3688
4556,2013-12-17 01:30:00,300.8596
4556,2013-12-17 01:40:00,277.71948
4556,2013-12-17 01:50:00,254.7438
4556,2013-12-17 02:00:00,255.46208
4556,2013-12-17 02:10:00,253.6663
4556,2013-12-17 02:20:00,255.35654
4556,2013-12-17 02:30:00,244.61713
4556,2013-12-17 02:40:00,237.75041
4556,2013-12-17 02:50:00,244.94366
4556,2013-12-17 03:00:00,231.99747
4556,2013-12-17 03:10:00,261.14258
4556,2013-12-17 03:20:00,235.80942
4556,2013-12-17 03:30:00,219.08238
4556,2013-12-17 03:40:00,231.4994
4556,2013-12-17 03:50:00,219.53046
4556,2013-12-17 04:00:00,199.80606
4556,2013-12-17 04:10:00,216.82399
4556,2013-12-17 04:20:00,212.64561
4556,2013-12-17 04:30:00,212.40846
4556,2013-12-17 04:40:00,221.01245
4556,2013-12-17 04:50:00,203.81436
4556,2013-12-17 05:00:00,228.87701
4556,2013-12-17 05:10:00,232.6564
4556,2013-12-17 05:20:00,231.07903
4556,2013-12-17 05:30:00,226.9926
4556,2013-12-17 05:40:00,259.89105
4556,2013-12-17 05:50:00,246.77614
4556,2013-12-17 06:00:00,220.68587
4556,2013-12-17 06:10:00,256.28168
4556,2013-12-17 06:20:00,280.22635
4556,2013-12-17 06:30:00,302.3714
4556,2013-12-17 06:40:00,342.56287
4556,2013-12-17 06:50:00,338.2693
4556,2013-12-17 07:00:00,356.95328
4556,2013-12-17 07:10:00,390.7684
4556,2013-12-17 07:20:00,385.623
4556,2013-12-17 07:30:00,380.66586
4556,2013-12-17 07:40:00,441.48685
4556,2013-12-17 07:50:00,388.91736
4556,2013-12-17 08:00:00,409.063
4556,2013-12-17 08:10:00,459.9171
4556,2013-12-17 08:20:00,405.03427
4556,2013-12-17 08:30:00,426.21097
4556,2013-12-17 08:40:00,450.70822
4556,2013-12-17 08:50:00,398.68167
4556,2013-12-17 09:00:00,391.38388
4556,2013-12-17 09:10:00,435.1797
4556,2013-12-17 09:20:00,381.94232
4556,2013-12-17 09:30:00,383.42688
4556,2013-12-17 09:40:00,429.32523
4556,2013-12-17 09:50:00,409.285
4556,2013-12-17 10:00:00,418.80835
4556,2013-12-17 10:10:00,449.41232
4556,2013-12-17 10:20:00,463.37384
4556,2013-12-17 10:30:00,521.86646
4556,2013-12-17 10:40:00,449.18625
4556,2013-12-17 10:50:00,440.60837
4556,2013-12-17 11:00:00,485.67664
4556,2013-12-17 11:10:00,455.74393
4556,2013-12-17 11:20:00,430.71262
4556,2013-12-17 11:30:00,468.66202
4556,2013-12-17 11:40:00,464.1962
4556,2013-12-17 11:50:00,449.53705
4556,2013-12-17 12:00:00,515.05743
4556,2013-12-17 12:10:00,525.5153
4556,2013-12-17 12:20:00,505.71536
4556,2013-12-17 12:30:00,455.9456
4556,2013-12-17 12:40:00,481.3141
4556,2013-12-17 12:50:00,494.04004
4556,2013-12-17 13:00:00,494.52426
4556,2013-12-17 13:10:00,540.74316
4556,2013-12-17 13:20:00,496.9748
4556,2013-12-17 13:30:00,558.8017
4556,2013-12-17 13:40:00,502.43127
4556,2013-12-17 13:50:00,525.1643
4556,2013-12-17 14:00:00,486.81454
4556,2013-12-17 14:10:00,474.47894
4556,2013-12-17 14:20:00,503.03394
4556,2013-12-17 14:30:00,563.81305
4556,2013-12-17 14:40:00,651.6602
4556,2013-12-17 14:50:00,613.946
4556,2013-12-17 15:00:00,630.86
4556,2013-12-17 15:10:00,574.4088
4556,2013-12-17 15:20:00,584.81525
4556,2013-12-17 15:30:00,577.21936
4556,2013-12-17 15:40:00,601.499
4556,2013-12-17 15:50:00,575.2767
4556,2013-12-17 16:00:00,614.25165
4556,2013-12-17 16:10:00,614.5733
4556,2013-12-17 16:20:00,529.8783
4556,2013-12-17 16:30:00,542.17346
4556,2013-12-17 16:40:00,514.0098
4556,2013-12-17 16:50:00,506.91223
4556,2013-12-17 17:00:00,579.6078
4556,2013-12-17 17:10:00,540.1199
4556,2013-12-17 17:20:00,569.33344
4556,2013-12-17 17:30:00,519.82886
4556,2013-12-17 17:40:00,542.22327
4556,2013-12-17 17:50:00,597.5595
4556,2013-12-17 18:00:00,648.3134
4556,2013-12-17 18:10:00,607.6534
4556,2013-12-17 18:20:00,657.331
4556,2013-12-17 18:30:00,672.6922
4556,2013-12-17 18:40:00,682.4805
4556,2013-12-17 18:50:00,621.9196
4556,2013-12-17 19:00:00,694.68915
4556,2013-12-17 19:10:00,706.7257
4556,2013-12-17 19:20:00,778.58997
4556,2013-12-17 19:30:00,856.94037
4556,2013-12-17 19:40:00,726.24756
4556,2013-12-17 19:50:00,784.61395
4556,2013-12-17 20:00:00,757.8935
4556,2013-12-17 20:10:00,802.35834
4556,2013-12-17 20:20:00,796.12354
4556,2013-12-17 20:30:00,773.6261
4556,2013-12-17 20:40:00,734.6227
4556,2013-12-17 20:50:00,709.88214
4556,2013-12-17 21:00:00,746.9248
4556,2013-12-17 21:10:00,771.5536
4556,2013-12-17 21:20:00,672.3412
4556,2013-12-17 21:30:00,697.9675
4556,2013-12-17 21:40:00,741.79156
4556,2013-12-17 21:50:00,735.29376
4556,2013-12-17 22:00:00,698.6624
4556,2013-12-17 22:10:00,733.198
4556,2013-12-17 22:20:00,753.3095
4556,2013-12-17 22:30:00,675.33093
4556,2013-12-17 22:40:00,601.7657
4556,2013-12-17 22:50:00,615.0544
4556,2013-12-17 23:00:00,611.1582
4556,2013-12-17 23:10:00,562.43494
4556,2013-12-17 23:20:00,475.73096
4556,2013-12-17 23:30:00,521.03174
4556,2013-12-17 23:40:00,478.24054
4556,2013-12-17 23:50:00,456.80215
4556,2013-12-18 00:00:00,403.4241
4556,2013-12-18 00:10:00,413.68646
4556,2013-12-18 00:20:00,354.89767
4556,2013-12-18 00:30:00,342.27673
4556,2013-12-18 00:40:00,330.2102
4556,2013-12-18 00:50:00,307.2729
4556,2013-12-18 01:00:00,301.65018
4556,2013-12-18 01:10:00,292.63828
4556,2013-12-18 01:20:00,280.157
4556,2013-12-18 01:30:00,267.4665
4556,2013-12-18 01:40:00,260.8553
4556,2013-12-18 01:50:00,240.2893
4556,2013-12-18 02:00:00,260.98376
4556,2013-12-18 02:10:00,241.954
4556,2013-12-18 02:20:00,239.97505
4556,2013-12-18 02:30:00,237.31496
4556,2013-12-18 02:40:00,247.64273
4556,2013-12-18 02:50:00,219.39919
4556,2013-12-18 03:00:00,258.74133
4556,2013-12-18 03:10:00,217.83739
4556,2013-12-18 03:20:00,233.26752
4556,2013-12-18 03:30:00,234.93834
4556,2013-12-18 03:40:00,206.07233
4556,2013-12-18 03:50:00,215.07286
4556,2013-12-18 04:00:00,204.97272
4556,2013-12-18 04:10:00,213.79724
4556,2013-12-18 04:20:00,201.24495
4556,2013-12-18 04:30:00,217.4764
4556,2013-12-18 04:40:00,206.12398
4556,2013-12-18 04:50:00,201.40819
4556,2013-12-18 05:00:00,226.19368
4556,2013-12-18 05:10:00,231.6018
4556,2013-12-18 05:20:00,203.22812
4556,2013-12-18 05:30:00,251.87993
4556,2013-12-18 05:40:00,216.60115
4556,2013-12-18 05:50:00,223.5457
4556,2013-12-18 06:00:00,266.7047
4556,2013-12-18 06:10:00,240.15982
4556,2013-12-18 06:20:00,260.11023
4556,2013-12-18 06:30:00,351.57886
4556,2013-12-18 06:40:00,359.32568
4556,2013-12-18 06:50:00,390.95447
4556,2013-12-18 07:00:00,344.85855
4556,2013-12-18 07:10:00,385.59512
4556,2013-12-18 07:20:00,406.36508
4556,2013-12-18 07:30:00,429.38452
4556,2013-12-18 07:40:00,422.72934
4556,2013-12-18 07:50:00,437.61343
4556,2013-12-18 08:00:00,447.97495
4556,2013-12-18 08:10:00,375.1729
4556,2013-12-18 08:20:00,416.18372
4556,2013-12-18 08:30:00,449.79
4556,2013-12-18 08:40:00,450.28943
4556,2013-12-18 08:50:00,451.9896
4556,2013-12-18 09:00:00,415.06323
4556,2013-12-18 09:10:00,471.61313
4556,2013-12-18 09:20:00,475.04694
4556,2013-12-18 09:30:00,438.11908
4556,2013-12-18 09:40:00,452.35614
4556,2013-12-18 09:50:00,447.59967
4556,2013-12-18 10:00:00,432.17355
4556,2013-12-18 10:10:00,473.3686
4556,2013-12-18 10:20:00,480.77713
4556,2013-12-18 10:30:00,429.6059
4556,2013-12-18 10:40:00,490.2913
4556,2013-12-18 10:50:00,475.74796
4556,2013-12-18 11:00:00,512.29175
4556,2013-12-18 11:10:00,480.2431
4556,2013-12-18 11:20:00,453.38184
4556,2013-12-18 11:30:00,417.35492
4556,2013-12-18 11:40:00,485.62238
4556,2013-12-18 11:50:00,447.50092
4556,2013-12-18 12:00:00,509.58926
4556,2013-12-18 12:10:00,497.13226
4556,2013-12-18 12:20:00,496.73465
4556,2013-12-18 12:30:00,495.92697
4556,2013-12-18 12:40:00,526.5099
4556,2013-12-18 12:50:00,486.76266
4556,2013-12-18 13:00:00,516.83844
4556,2013-12-18 13:10:00,494.90015
4556,2013-12-18 13:20:00,510.1653
4556,2013-12-18 13:30:00,531.8372
4556,2013-12-18 13:40:00,503.3103
4556,2013-12-18 13:50:00,459.23642
4556,2013-12-18 14:00:00,497.2767
4556,2013-12-18 14:10:00,542.54193
4556,2013-12-18 14:20:00,434.00305
4556,2013-12-18 14:30:00,491.40442
4556,2013-12-18 14:40:00,532.70483
4556,2013-12-18 14:50:00,473.79333
4556,2013-12-18 15:00:00,482.9633
4556,2013-12-18 15:10:00,465.23322
4556,2013-12-18 15:20:00,458.56827
4556,2013-12-18 15:30:00,521.3161
4556,2013-12-18 15:40:00,495.14966
4556,2013-12-18 15:50:00,604.399
4556,2013-12-18 16:00:00,524.9424
4556,2013-12-18 16:10:00,590.0273
4556,2013-12-18 16:20:00,544.04456
4556,2013-12-18 16:30:00,558.84247
4556,2013-12-18 16:40:00,577.99567
4556,2013-12-18 16:50:00,635.3293
4556,2013-12-18 17:00:00,690.9079
4556,2013-12-18 17:10:00,592.6084
4556,2013-12-18 17:20:00,578.6259
4556,2013-12-18 17:30:00,624.7505
4556,2013-12-18 17:40:00,612.87427
4556,2013-12-18 17:50:00,629.817
4556,2013-12-18 18:00:00,615.9169
4556,2013-12-18 18:10:00,625.19196
4556,2013-12-18 18:20:00,685.12
4556,2013-12-18 18:30:00,711.75854
4556,2013-12-18 18:40:00,670.03546
4556,2013-12-18 18:50:00,662.9191
4556,2013-12-18 19:00:00,689.2529
4556,2013-12-18 19:10:00,650.30414
4556,2013-12-18 19:20:00,724.94037
4556,2013-12-18 19:30:00,740.3118
4556,2013-12-18 19:40:00,864.3065
4556,2013-12-18 19:50:00,889.67664
4556,2013-12-18 20:00:00,865.9718
4556,2013-12-18 20:10:00,832.2454
4556,2013-12-18 20:20:00,826.25275
4556,2013-12-18 20:30:00,908.8113
4556,2013-12-18 20:40:00,907.10657
4556,2013-12-18 20:50:00,926.0199
4556,2013-12-18 21:00:00,952.9997
4556,2013-12-18 21:10:00,865.19806
4556,2013-12-18 21:20:00,819.5645
4556,2013-12-18 21:30:00,836.2578
4556,2013-12-18 21:40:00,828.0269
4556,2013-12-18 21:50:00,826.96515
4556,2013-12-18 22:00:00,795.3643
4556,2013-12-18 22:10:00,769.98236
4556,2013-12-18 22:20:00,825.0038
4556,2013-12-18 22:30:00,779.45746
4556,2013-12-18 22:40:00,757.75775
4556,2013-12-18 22:50:00,644.84717
4556,2013-12-18 23:00:00,652.77167
4556,2013-12-18 23:10:00,605.036
4556,2013-12-18 23:20:00,589.05695
4556,2013-12-18 23:30:00,588.61505
4556,2013-12-18 23:40:00,471.3931
4556,2013-12-18 23:50:00,505.78888
4556,2013-12-19 00:00:00,453.76035
4556,2013-12-19 00:10:00,475.90903
4556,2013-12-19 00:20:00,378.76324
4556,2013-12-19 00:30:00,384.67493
4556,2013-12-19 00:40:00,332.8645
4556,2013-12-19 00:50:00,338.1401
4556,2013-12-19 01:00:00,318.74048
4556,2013-12-19 01:10:00,308.44058
4556,2013-12-19 01:20:00,300.55597
4556,2013-12-19 01:30:00,270.9313
4556,2013-12-19 01:40:00,275.24823
4556,2013-12-19 01:50:00,274.1754
4556,2013-12-19 02:00:00,276.37576
4556,2013-12-19 02:10:00,264.55176
4556,2013-12-19 02:20:00,261.54825
4556,2013-12-19 02:30:00,240.89755
4556,2013-12-19 02:40:00,268.1119
4556,2013-12-19 02:50:00,257.81543
4556,2013-12-19 03:00:00,332.97696
4556,2013-12-19 03:10:00,326.5221
4556,2013-12-19 03:20:00,238.47893
4556,2013-12-19 03:30:00,223.33775
4556,2013-12-19 03:40:00,229.53265
4556,2013-12-19 03:50:00,229.25528
4556,2013-12-19 04:00:00,231.11295
4556,2013-12-19 04:10:00,247.02548
4556,2013-12-19 04:20:00,249.4221
4556,2013-12-19 04:30:00,216.96262
4556,2013-12-19 04:40:00,238.05887
4556,2013-12-19 04:50:00,216.98206
4556,2013-12-19 05:00:00,230.17105
4556,2013-12-19 05:10:00,260.16977
4556,2013-12-19 05:20:00,269.32407
4556,2013-12-19 05:30:00,283.68015
4556,2013-12-19 05:40:00,264.86063
4556,2013-12-19 05:50:00,240.797
4556,2013-12-19 06:00:00,305.1569
4556,2013-12-19 06:10:00,315.90958
4556,2013-12-19 06:20:00,324.02414
4556,2013-12-19 06:30:00,379.56686
4556,2013-12-19 06:40:00,384.2071
4556,2013-12-19 06:50:00,430.36383
4556,2013-12-19 07:00:00,429.9596
4556,2013-12-19 07:10:00,451.92218
4556,2013-12-19 07:20:00,479.65353
4556,2013-12-19 07:30:00,497.95383
4556,2013-12-19 07:40:00,500.08948
4556,2013-12-19 07:50:00,525.49554
4556,2013-12-19 08:00:00,498.7365
4556,2013-12-19 08:10:00,501.35797
4556,2013-12-19 08:20:00,521.4436
4556,2013-12-19 08:30:00,509.71112
4556,2013-12-19 08:40:00,458.53326
4556,2013-12-19 08:50:00,530.77936
4556,2013-12-19 09:00:00,518.164
4556,2013-12-19 09:10:00,501.4351
4556,2013-12-19 09:20:00,478.97632
4556,2013-12-19 09:30:00,512.3674
4556,2013-12-19 09:40:00,562.85956
4556,2013-12-19 09:50:00,514.1199
4556,2013-12-19 10:00:00,495.3875
4556,2013-12-19 10:10:00,530.44214
4556,2013-12-19 10:20:00,566.3543
4556,2013-12-19 10:30:00,532.3128
4556,2013-12-19 10:40:00,546.52527
4556,2013-12-19 10:50:00,560.9379
4556,2013-12-19 11:00:00,565.3531
4556,2013-12-19 11:10:00,562.96564
4556,2013-12-19 11:20:00,588.66077
4556,2013-12-19 11:30:00,624.6105
4556,2013-12-19 11:40:00,624.32336
4556,2013-12-19 11:50:00,543.05634
4556,2013-12-19 12:00:00,579.992
4556,2013-12-19 12:10:00,627.6904
4556,2013-12-19 12:20:00,642.1159
4556,2013-12-19 12:30:00,580.09186
4556,2013-12-19 12:40:00,592.5678
4556,2013-12-19 12:50:00,632.7699
4556,2013-12-19 13:00:00,652.0191
4556,2013-12-19 13:10:00,709.7509
4556,2013-12-19 13:20:00,638.8497
4556,2013-12-19 13:30:00,581.73267
4556,2013-12-19 13:40:00,579.0537
4556,2013-12-19 13:50:00,531.80927
4556,2013-12-19 14:00:00,510.3121
4556,2013-12-19 14:10:00,537.1909
4556,2013-12-19 14:20:00,488.22876
4556,2013-12-19 14:30:00,507.116
4556,2013-12-19 14:40:00,568.2799
4556,2013-12-19 14:50:00,557.6498
4556,2013-12-19 15:00:00,490.93958
4556,2013-12-19 15:10:00,493.11267
4556,2013-12-19 15:20:00,479.84375
4556,2013-12-19 15:30:00,535.04706
4556,2013-12-19 15:40:00,506.74237
4556,2013-12-19 15:50:00,498.59137
4556,2013-12-19 16:00:00,469.3657
4556,2013-12-19 16:10:00,529.80115
4556,2013-12-19 16:20:00,517.66516
4556,2013-12-19 16:30:00,527.80176
4556,2013-12-19 16:40:00,547.3711
4556,2013-12-19 16:50:00,538.05786
4556,2013-12-19 17:00:00,511.29507
4556,2013-12-19 17:10:00,551.7419
4556,2013-12-19 17:20:00,513.51825
4556,2013-12-19 17:30:00,534.7625
4556,2013-12-19 17:40:00,633.9007
4556,2013-12-19 17:50:00,573.50476
4556,2013-12-19 18:00:00,568.2207
4556,2013-12-19 18:10:00,569.0922
4556,2013-12-19 18:20:00,579.71655
4556,2013-12-19 18:30:00,602.38196
4556,2013-12-19 18:40:00,595.51843
4556,2013-12-19 18:50:00,595.7494
4556,2013-12-19 19:00:00,589.6145
4556,2013-12-19 19:10:00,609.277
4556,2013-12-19 19:20:00,639.2316
4556,2013-12-19 19:30:00,610.7987
4556,2013-12-19 19:40:00,670.4388
4556,2013-12-19 19:50:00,664.6454
4556,2013-12-19 20:00:00,741.4945
4556,2013-12-19 20:10:00,710.9492
4556,2013-12-19 20:20:00,683.62665
4556,2013-12-19 20:30:00,686.1755
4556,2013-12-19 20:40:00,733.02985
4556,2013-12-19 20:50:00,754.2599
4556,2013-12-19 21:00:00,729.4789
4556,2013-12-19 21:10:00,714.3482
4556,2013-12-19 21:20:00,786.96185
4556,2013-12-19 21:30:00,752.46594
4556,2013-12-19 21:40:00,799.00146
4556,2013-12-19 21:50:00,792.9954
4556,2013-12-19 22:00:00,771.88727
4556,2013-12-19 22:10:00,738.589
4556,2013-12-19 22:20:00,702.43976
4556,2013-12-19 22:30:00,689.77466
4556,2013-12-19 22:40:00,613.1352
4556,2013-12-19 22:50:00,621.96454
4556,2013-12-19 23:00:00,598.4747
4556,2013-12-19 23:10:00,500.762
4556,2013-12-19 23:20:00,486.46848
4556,2013-12-19 23:30:00,498.44846
4556,2013-12-19 23:40:00,470.8431
4556,2013-12-19 23:50:00,485.2161
4556,2013-12-20 00:00:00,452.23605
4556,2013-12-20 00:10:00,415.05057
4556,2013-12-20 00:20:00,369.30106
4556,2013-12-20 00:30:00,425.9166
4556,2013-12-20 00:40:00,347.8889
4556,2013-12-20 00:50:00,325.6602
4556,2013-12-20 01:00:00,345.0484
4556,2013-12-20 01:10:00,313.8602
4556,2013-12-20 01:20:00,293.0316
4556,2013-12-20 01:30:00,302.2474
4556,2013-12-20 01:40:00,316.83246
4556,2013-12-20 01:50:00,286.87125
4556,2013-12-20 02:00:00,282.21875
4556,2013-12-20 02:10:00,310.20245
4556,2013-12-20 02:20:00,277.6964
4556,2013-12-20 02:30:00,263.80005
4556,2013-12-20 02:40:00,257.21124
4556,2013-12-20 02:50:00,232.73586
4556,2013-12-20 03:00:00,240.00197
4556,2013-12-20 03:10:00,245.83525
4556,2013-12-20 03:20:00,208.02034
4556,2013-12-20 03:30:00,221.95059
4556,2013-12-20 03:40:00,224.57704
4556,2013-12-20 03:50:00,202.53268
4556,2013-12-20 04:00:00,216.11395
4556,2013-12-20 04:10:00,221.9682
4556,2013-12-20 04:20:00,197.6801
4556,2013-12-20 04:30:00,233.85101
4556,2013-12-20 04:40:00,234.0265
4556,2013-12-20 04:50:00,239.3612
4556,2013-12-20 05:00:00,232.77911
4556,2013-12-20 05:10:00,233.67615
4556,2013-12-20 05:20:00,232.82942
4556,2013-12-20 05:30:00,247.81062
4556,2013-12-20 05:40:00,250.65594
4556,2013-12-20 05:50:00,249.6261
4556,2013-12-20 06:00:00,248.4229
4556,2013-12-20 06:10:00,279.7077
4556,2013-12-20 06:20:00,264.86902
4556,2013-12-20 06:30:00,345.61652
4556,2013-12-20 06:40:00,368.86542
4556,2013-12-20 06:50:00,343.50653
4556,2013-12-20 07:00:00,423.9424
4556,2013-12-20 07:10:00,392.73087
4556,2013-12-20 07:20:00,451.9089
4556,2013-12-20 07:30:00,445.94226
4556,2013-12-20 07:40:00,450.4209
4556,2013-12-20 07:50:00,431.8521
4556,2013-12-20 08:00:00,455.83774
4556,2013-12-20 08:10:00,446.13498
4556,2013-12-20 08:20:00,445.12997
4556,2013-12-20 08:30:00,504.818
4556,2013-12-20 08:40:00,433.4578
4556,2013-12-20 08:50:00,475.46234
4556,2013-12-20 09:00:00,419.28348
4556,2013-12-20 09:10:00,457.8842
4556,2013-12-20 09:20:00,382.40356
4556,2013-12-20 09:30:00,399.44513
4556,2013-12-20 09:40:00,451.72076
4556,2013-12-20 09:50:00,467.1352
4556,2013-12-20 10:00:00,463.44604
4556,2013-12-20 10:10:00,487.61783
4556,2013-12-20 10:20:00,447.83023
4556,2013-12-20 10:30:00,521.8112
4556,2013-12-20 10:40:00,477.83844
4556,2013-12-20 10:50:00,482.324
4556,2013-12-20 11:00:00,473.19696
4556,2013-12-20 11:10:00,509.3249
4556,2013-12-20 11:20:00,485.3473
4556,2013-12-20 11:30:00,527.3755
4556,2013-12-20 11:40:00,524.2473
4556,2013-12-20 11:50:00,573.3176
4556,2013-12-20 12:00:00,531.71747
4556,2013-12-20 12:10:00,510.33716
4556,2013-12-20 12:20:00,551.6787
4556,2013-12-20 12:30:00,583.71985
4556,2013-12-20 12:40:00,564.1134
4556,2013-12-20 12:50:00,546.2262
4556,2013-12-20 13:00:00,549.2161
4556,2013-12-20 13:10:00,540.64087
4556,2013-12-20 13:20:00,575.3439
4556,2013-12-20 13:30:00,540.9245
4556,2013-12-20 13:40:00,537.326
4556,2013-12-20 13:50:00,515.51965
4556,2013-12-20 14:00:00,525.7843
4556,2013-12-20 14:10:00,513.3677
4556,2013-12-20 14:20:00,549.39276
4556,2013-12-20 14:30:00,473.4434
4556,2013-12-20 14:40:00,433.7923
4556,2013-12-20 14:50:00,461.2684
4556,2013-12-20 15:00:00,513.62463
4556,2013-12-20 15:10:00,451.77246
4556,2013-12-20 15:20:00,508.83362
4556,2013-12-20 15:30:00,480.79776
4556,2013-12-20 15:40:00,501.9654
4556,2013-12-20 15:50:00,435.664
4556,2013-12-20 16:00:00,447.6308
4556,2013-12-20 16:10:00,515.02185
4556,2013-12-20 16:20:00,492.59552
4556,2013-12-20 16:30:00,501.45157
4556,2013-12-20 16:40:00,532.5606
4556,2013-12-20 16:50:00,506.72015
4556,2013-12-20 17:00:00,589.6405
4556,2013-12-20 17:10:00,545.7431
4556,2013-12-20 17:20:00,579.62976
4556,2013-12-20 17:30:00,599.24
4556,2013-12-20 17:40:00,575.9691
4556,2013-12-20 17:50:00,605.75446
4556,2013-12-20 18:00:00,544.21875
4556,2013-12-20 18:10:00,547.813
4556,2013-12-20 18:20:00,623.6047
4556,2013-12-20 18:30:00,602.60175
4556,2013-12-20 18:40:00,585.96014
4556,2013-12-20 18:50:00,601.77625
4556,2013-12-20 19:00:00,616.2131
4556,2013-12-20 19:10:00,656.15564
4556,2013-12-20 19:20:00,585.6777
4556,2013-12-20 19:30:00,668.042
4556,2013-12-20 19:40:00,645.9066
4556,2013-12-20 19:50:00,612.0093
4556,2013-12-20 20:00:00,611.97363
4556,2013-12-20 20:10:00,666.24445
4556,2013-12-20 20:20:00,603.05743
4556,2013-12-20 20:30:00,636.55725
4556,2013-12-20 20:40:00,671.08813
4556,2013-12-20 20:50:00,666.58923
4556,2013-12-20 21:00:00,709.8804
4556,2013-12-20 21:10:00,715.47534
4556,2013-12-20 21:20:00,739.18665
4556,2013-12-20 21:30:00,670.7891
4556,2013-12-20 21:40:00,755.85425
4556,2013-12-20 21:50:00,779.43646
4556,2013-12-20 22:00:00,685.16364
4556,2013-12-20 22:10:00,699.35254
4556,2013-12-20 22:20:00,679.3059
4556,2013-12-20 22:30:00,685.3204
4556,2013-12-20 22:40:00,708.27203
4556,2013-12-20 22:50:00,670.51587
4556,2013-12-20 23:00:00,655.5159
4556,2013-12-20 23:10:00,583.17377
4556,2013-12-20 23:20:00,565.41986
4556,2013-12-20 23:30:00,531.11316
4556,2013-12-20 23:40:00,621.7986
4556,2013-12-20 23:50:00,533.731
4556,2013-12-21 00:00:00,539.0513
4556,2013-12-21 00:10:00,560.4336
4556,2013-12-21 00:20:00,483.8452
4556,2013-12-21 00:30:00,450.96313
4556,2013-12-21 00:40:00,476.75726
4556,2013-12-21 00:50:00,380.79132
4556,2013-12-21 01:00:00,398.96738
4556,2013-12-21 01:10:00,396.5205
4556,2013-12-21 01:20:00,355.01077
4556,2013-12-21 01:30:00,395.70007
4556,2013-12-21 01:40:00,314.64346
4556,2013-12-21 01:50:00,334.30435
4556,2013-12-21 02:00:00,316.88684
4556,2013-12-21 02:10:00,330.4271
4556,2013-12-21 02:20:00,310.07773
4556,2013-12-21 02:30:00,286.27527
4556,2013-12-21 02:40:00,274.77798
4556,2013-12-21 02:50:00,235.90215
4556,2013-12-21 03:00:00,259.10748
4556,2013-12-21 03:10:00,255.00041
4556,2013-12-21 03:20:00,241.2363
4556,2013-12-21 03:30:00,237.46098
4556,2013-12-21 03:40:00,235.60945
4556,2013-12-21 03:50:00,215.05139
4556,2013-12-21 04:00:00,211.82298
4556,2013-12-21 04:10:00,200.58992
4556,2013-12-21 04:20:00,205.18109
4556,2013-12-21 04:30:00,224.75906
4556,2013-12-21 04:40:00,198.0248
4556,2013-12-21 04:50:00,207.31096
4556,2013-12-21 05:00:00,197.57382
4556,2013-12-21 05:10:00,188.43677
4556,2013-12-21 05:20:00,206.90225
4556,2013-12-21 05:30:00,217.87476
4556,2013-12-21 05:40:00,222.21805
4556,2013-12-21 05:50:00,209.12804
4556,2013-12-21 06:00:00,209.63365
4556,2013-12-21 06:10:00,196.48787
4556,2013-12-21 06:20:00,206.68732
4556,2013-12-21 06:30:00,240.17458
4556,2013-12-21 06:40:00,216.77661
4556,2013-12-21 06:50:00,236.82332
4556,2013-12-21 07:00:00,240.64893
4556,2013-12-21 07:10:00,226.31319
4556,2013-12-21 07:20:00,227.65152
4556,2013-12-21 07:30:00,241.93129
4556,2013-12-21 07:40:00,290.67163
4556,2013-12-21 07:50:00,289.82452
4556,2013-12-21 08:00:00,305.0378
4556,2013-12-21 08:10:00,334.5306
4556,2013-12-21 08:20:00,321.31284
4556,2013-12-21 08:30:00,327.65338
4556,2013-12-21 08:40:00,357.23242
4556,2013-12-21 08:50:00,349.76843
4556,2013-12-21 09:00:00,432.63947
4556,2013-12-21 09:10:00,400.40002
4556,2013-12-21 09:20:00,379.1012
4556,2013-12-21 09:30:00,360.8201
4556,2013-12-21 09:40:00,396.95538
4556,2013-12-21 09:50:00,411.34784
4556,2013-12-21 10:00:00,425.8852
4556,2013-12-21 10:10:00,486.88895
4556,2013-12-21 10:20:00,403.44742
4556,2013-12-21 10:30:00,434.70795
4556,2013-12-21 10:40:00,496.8054
4556,2013-12-21 10:50:00,469.95877
4556,2013-12-21 11:00:00,493.69955
4556,2013-12-21 11:10:00,472.544
4556,2013-12-21 11:20:00,470.26062
4556,2013-12-21 11:30:00,462.46524
4556,2013-12-21 11:40:00,495.47946
4556,2013-12-21 11:50:00,481.0076
4556,2013-12-21 12:00:00,494.59152
4556,2013-12-21 12:10:00,460.19147
4556,2013-12-21 12:20:00,492.84546
4556,2013-12-21 12:30:00,517.2655
4556,2013-12-21 12:40:00,510.89175
4556,2013-12-21 12:50:00,491.30807
4556,2013-12-21 13:00:00,554.4702
4556,2013-12-21 13:10:00,513.08716
4556,2013-12-21 13:20:00,541.54596
4556,2013-12-21 13:30:00,538.38605
4556,2013-12-21 13:40:00,573.8495
4556,2013-12-21 13:50:00,562.05237
4556,2013-12-21 14:00:00,518.0586
4556,2013-12-21 14:10:00,543.8412
4556,2013-12-21 14:20:00,494.03268
4556,2013-12-21 14:30:00,521.6648
4556,2013-12-21 14:40:00,530.51636
4556,2013-12-21 14:50:00,481.2114
4556,2013-12-21 15:00:00,566.4385
4556,2013-12-21 15:10:00,518.38696
4556,2013-12-21 15:20:00,566.5868
4556,2013-12-21 15:30:00,538.072
4556,2013-12-21 15:40:00,552.9096
4556,2013-12-21 15:50:00,486.68674
4556,2013-12-21 16:00:00,472.92307
4556,2013-12-21 16:10:00,482.5611
4556,2013-12-21 16:20:00,454.69644
4556,2013-12-21 16:30:00,450.7406
4556,2013-12-21 16:40:00,446.43918
4556,2013-12-21 16:50:00,467.43396
4556,2013-12-21 17:00:00,480.0188
4556,2013-12-21 17:10:00,474.60205
4556,2013-12-21 17:20:00,485.1711
4556,2013-12-21 17:30:00,493.88303
4556,2013-12-21 17:40:00,531.39685
4556,2013-12-21 17:50:00,511.07812
4556,2013-12-21 18:00:00,511.2908
4556,2013-12-21 18:10:00,495.18134
4556,2013-12-21 18:20:00,516.02405
4556,2013-12-21 18:30:00,518.54083
4556,2013-12-21 18:40:00,531.597
4556,2013-12-21 18:50:00,532.28815
4556,2013-12-21 19:00:00,554.862
4556,2013-12-21 19:10:00,625.38837
4556,2013-12-21 19:20:00,662.8249
4556,2013-12-21 19:30:00,598.9942
4556,2013-12-21 19:40:00,694.70013
4556,2013-12-21 19:50:00,728.11835
4556,2013-12-21 20:00:00,695.8248
4556,2013-12-21 20:10:00,682.71484
4556,2013-12-21 20:20:00,748.72577
4556,2013-12-21 20:30:00,734.88007
4556,2013-12-21 20:40:00,731.0859
4556,2013-12-21 20:50:00,719.7431
4556,2013-12-21 21:00:00,702.16675
4556,2013-12-21 21:10:00,807.43384
4556,2013-12-21 21:20:00,782.15186
4556,2013-12-21 21:30:00,764.58154
4556,2013-12-21 21:40:00,783.2017
4556,2013-12-21 21:50:00,751.5108
4556,2013-12-21 22:00:00,771.3254
4556,2013-12-21 22:10:00,754.51636
4556,2013-12-21 22:20:00,754.71234
4556,2013-12-21 22:30:00,706.0974
4556,2013-12-21 22:40:00,718.1308
4556,2013-12-21 22:50:00,770.8405
4556,2013-12-21 23:00:00,812.9028
4556,2013-12-21 23:10:00,728.8524
4556,2013-12-21 23:20:00,728.2084
4556,2013-12-21 23:30:00,754.797
4556,2013-12-21 23:40:00,708.34546
4556,2013-12-21 23:50:00,783.11774
4556,2013-12-22 00:00:00,631.44
4556,2013-12-22 00:10:00,627.8934
4556,2013-12-22 00:20:00,613.9892
4556,2013-12-22 00:30:00,561.1437
4556,2013-12-22 00:40:00,526.54126
4556,2013-12-22 00:50:00,466.21085
4556,2013-12-22 01:00:00,441.10788
4556,2013-12-22 01:10:00,428.15912
4556,2013-12-22 01:20:00,384.7564
4556,2013-12-22 01:30:00,331.97116
4556,2013-12-22 01:40:00,361.68466
4556,2013-12-22 01:50:00,335.9767
4556,2013-12-22 02:00:00,308.46564
4556,2013-12-22 02:10:00,340.18835
4556,2013-12-22 02:20:00,271.5846
4556,2013-12-22 02:30:00,224.85353
4556,2013-12-22 02:40:00,228.12
4556,2013-12-22 02:50:00,222.26149
4556,2013-12-22 03:00:00,235.36928
4556,2013-12-22 03:10:00,221.28842
4556,2013-12-22 03:20:00,215.12148
4556,2013-12-22 03:30:00,218.92555
4556,2013-12-22 03:40:00,183.118
4556,2013-12-22 03:50:00,175.36095
4556,2013-12-22 04:00:00,181.11102
4556,2013-12-22 04:10:00,171.16031
4556,2013-12-22 04:20:00,151.55576
4556,2013-12-22 04:30:00,165.88622
4556,2013-12-22 04:40:00,144.04297
4556,2013-12-22 04:50:00,158.13612
4556,2013-12-22 05:00:00,165.77457
4556,2013-12-22 05:10:00,147.90744
4556,2013-12-22 05:20:00,204.57729
4556,2013-12-22 05:30:00,184.18428
4556,2013-12-22 05:40:00,159.7787
4556,2013-12-22 05:50:00,167.10019
4556,2013-12-22 06:00:00,197.4447
4556,2013-12-22 06:10:00,190.38379
4556,2013-12-22 06:20:00,189.80179
4556,2013-12-22 06:30:00,198.61163
4556,2013-12-22 06:40:00,183.2925
4556,2013-12-22 06:50:00,217.39139
4556,2013-12-22 07:00:00,205.58786
4556,2013-12-22 07:10:00,200.26628
4556,2013-12-22 07:20:00,220.84233
4556,2013-12-22 07:30:00,238.86526
4556,2013-12-22 07:40:00,236.31548
4556,2013-12-22 07:50:00,214.67894
4556,2013-12-22 08:00:00,227.01234
4556,2013-12-22 08:10:00,249.03667
4556,2013-12-22 08:20:00,241.08609
4556,2013-12-22 08:30:00,264.45593
4556,2013-12-22 08:40:00,243.8006
4556,2013-12-22 08:50:00,251.05733
4556,2013-12-22 09:00:00,265.12064
4556,2013-12-22 09:10:00,242.55681
4556,2013-12-22 09:20:00,278.0729
4556,2013-12-22 09:30:00,290.34073
4556,2013-12-22 09:40:00,271.03952
4556,2013-12-22 09:50:00,295.23862
4556,2013-12-22 10:00:00,317.06073
4556,2013-12-22 10:10:00,306.3
4556,2013-12-22 10:20:00,298.189
4556,2013-12-22 10:30:00,340.90912
4556,2013-12-22 10:40:00,341.3085
4556,2013-12-22 10:50:00,308.9354
4556,2013-12-22 11:00:00,345.65427
4556,2013-12-22 11:10:00,325.46997
4556,2013-12-22 11:20:00,364.0917
4556,2013-12-22 11:30:00,423.7245
4556,2013-12-22 11:40:00,378.77576
4556,2013-12-22 11:50:00,376.77448
4556,2013-12-22 12:00:00,393.3487
4556,2013-12-22 12:10:00,392.21713
4556,2013-12-22 12:20:00,396.00735
4556,2013-12-22 12:30:00,418.10077
4556,2013-12-22 12:40:00,430.2499
4556,2013-12-22 12:50:00,448.66132
4556,2013-12-22 13:00:00,436.88544
4556,2013-12-22 13:10:00,456.639
4556,2013-12-22 13:20:00,490.64215
4556,2013-12-22 13:30:00,496.71808
4556,2013-12-22 13:40:00,470.67657
4556,2013-12-22 13:50:00,502.33228
4556,2013-12-22 14:00:00,503.95193
4556,2013-12-22 14:10:00,471.88358
4556,2013-12-22 14:20:00,462.49496
4556,2013-12-22 14:30:00,448.43665
4556,2013-12-22 14:40:00,413.39355
4556,2013-12-22 14:50:00,395.70874
4556,2013-12-22 15:00:00,447.95505
4556,2013-12-22 15:10:00,490.19498
4556,2013-12-22 15:20:00,403.63058
4556,2013-12-22 15:30:00,434.97827
4556,2013-12-22 15:40:00,433.31943
4556,2013-12-22 15:50:00,404.95654
4556,2013-12-22 16:00:00,365.88504
4556,2013-12-22 16:10:00,388.70264
4556,2013-12-22 16:20:00,330.00327
4556,2013-12-22 16:30:00,433.3498
4556,2013-12-22 16:40:00,366.4132
4556,2013-12-22 16:50:00,386.35825
4556,2013-12-22 17:00:00,430.7879
4556,2013-12-22 17:10:00,386.8348
4556,2013-12-22 17:20:00,377.1426
4556,2013-12-22 17:30:00,409.97018
4556,2013-12-22 17:40:00,416.04993
4556,2013-12-22 17:50:00,366.84903
4556,2013-12-22 18:00:00,367.74384
4556,2013-12-22 18:10:00,437.83572
4556,2013-12-22 18:20:00,401.3337
4556,2013-12-22 18:30:00,386.5827
4556,2013-12-22 18:40:00,421.58896
4556,2013-12-22 18:50:00,440.98642
4556,2013-12-22 19:00:00,475.64365
4556,2013-12-22 19:10:00,512.3594
4556,2013-12-22 19:20:00,421.94525
4556,2013-12-22 19:30:00,491.21414
4556,2013-12-22 19:40:00,446.70535
4556,2013-12-22 19:50:00,440.4012
4556,2013-12-22 20:00:00,440.17398
4556,2013-12-22 20:10:00,453.74316
4556,2013-12-22 20:20:00,423.34366
4556,2013-12-22 20:30:00,448.85532
4556,2013-12-22 20:40:00,453.4398
4556,2013-12-22 20:50:00,523.77124
4556,2013-12-22 21:00:00,529.1693
4556,2013-12-22 21:10:00,480.94965
4556,2013-12-22 21:20:00,512.81055
4556,2013-12-22 21:30:00,538.33215
4556,2013-12-22 21:40:00,548.0379
4556,2013-12-22 21:50:00,482.88812
4556,2013-12-22 22:00:00,442.55392
4556,2013-12-22 22:10:00,465.79468
4556,2013-12-22 22:20:00,479.4688
4556,2013-12-22 22:30:00,481.34854
4556,2013-12-22 22:40:00,421.57608
4556,2013-12-22 22:50:00,407.66003
4556,2013-12-22 23:00:00,382.84146
4556,2013-12-22 23:10:00,349.21188
4556,2013-12-22 23:20:00,328.08923
4556,2013-12-22 23:30:00,342.70648
4556,2013-12-22 23:40:00,353.30066
4556,2013-12-22 23:50:00,341.24216
4556,2013-12-23 00:00:00,339.3502
4556,2013-12-23 00:10:00,308.11755
4556,2013-12-23 00:20:00,299.28555
4556,2013-12-23 00:30:00,306.95877
4556,2013-12-23 00:40:00,290.3662
4556,2013-12-23 00:50:00,278.01328
4556,2013-12-23 01:00:00,268.67087
4556,2013-12-23 01:10:00,267.9341
4556,2013-12-23 01:20:00,222.96233
4556,2013-12-23 01:30:00,205.6047
4556,2013-12-23 01:40:00,191.9401
4556,2013-12-23 01:50:00,209.89494
4556,2013-12-23 02:00:00,181.45724
4556,2013-12-23 02:10:00,169.35706
4556,2013-12-23 02:20:00,186.82799
4556,2013-12-23 02:30:00,171.42554
4556,2013-12-23 02:40:00,160.36664
4556,2013-12-23 02:50:00,178.88931
4556,2013-12-23 03:00:00,156.06815
4556,2013-12-23 03:10:00,146.36981
4556,2013-12-23 03:20:00,168.67749
4556,2013-12-23 03:30:00,123.96966
4556,2013-12-23 03:40:00,155.7345
4556,2013-12-23 03:50:00,180.71892
4556,2013-12-23 04:00:00,142.58325
4556,2013-12-23 04:10:00,133.6892
4556,2013-12-23 04:20:00,156.16544
4556,2013-12-23 04:30:00,143.38849
4556,2013-12-23 04:40:00,131.45871
4556,2013-12-23 04:50:00,160.3176
4556,2013-12-23 05:00:00,138.55115
4556,2013-12-23 05:10:00,139.95404
4556,2013-12-23 05:20:00,161.50366
4556,2013-12-23 05:30:00,146.63086
4556,2013-12-23 05:40:00,145.68875
4556,2013-12-23 05:50:00,166.29903
4556,2013-12-23 06:00:00,166.04689
4556,2013-12-23 06:10:00,191.75992
4556,2013-12-23 06:20:00,219.00276
4556,2013-12-23 06:30:00,196.6182
4556,2013-12-23 06:40:00,212.03337
4556,2013-12-23 06:50:00,234.43333
4556,2013-12-23 07:00:00,251.63452
4556,2013-12-23 07:10:00,250.15744
4556,2013-12-23 07:20:00,283.10217
4556,2013-12-23 07:30:00,315.71106
4556,2013-12-23 07:40:00,254.3001
4556,2013-12-23 07:50:00,292.41895
4556,2013-12-23 08:00:00,315.16272
4556,2013-12-23 08:10:00,299.95496
4556,2013-12-23 08:20:00,311.73795
4556,2013-12-23 08:30:00,344.36783
4556,2013-12-23 08:40:00,323.41788
4556,2013-12-23 08:50:00,339.92233
4556,2013-12-23 09:00:00,354.49847
4556,2013-12-23 09:10:00,310.1196
4556,2013-12-23 09:20:00,349.02493
4556,2013-12-23 09:30:00,394.08923
4556,2013-12-23 09:40:00,364.3083
4556,2013-12-23 09:50:00,334.4653
4556,2013-12-23 10:00:00,369.0642
4556,2013-12-23 10:10:00,392.2606
4556,2013-12-23 10:20:00,402.7245
4556,2013-12-23 10:30:00,385.0091
4556,2013-12-23 10:40:00,410.5508
4556,2013-12-23 10:50:00,379.2377
4556,2013-12-23 11:00:00,399.2515
4556,2013-12-23 11:10:00,441.63068
4556,2013-12-23 11:20:00,429.99014
4556,2013-12-23 11:30:00,431.29303
4556,2013-12-23 11:40:00,430.7495
4556,2013-12-23 11:50:00,452.13702
4556,2013-12-23 12:00:00,498.2607
4556,2013-12-23 12:10:00,455.3852
4556,2013-12-23 12:20:00,529.0817
4556,2013-12-23 12:30:00,466.80853
4556,2013-12-23 12:40:00,474.60916
4556,2013-12-23 12:50:00,516.41095
4556,2013-12-23 13:00:00,450.7894
4556,2013-12-23 13:10:00,492.24097
4556,2013-12-23 13:20:00,544.38544
4556,2013-12-23 13:30:00,502.75803
4556,2013-12-23 13:40:00,496.77646
4556,2013-12-23 13:50:00,512.00385
4556,2013-12-23 14:00:00,423.80002
4556,2013-12-23 14:10:00,452.55707
4556,2013-12-23 14:20:00,444.4992
4556,2013-12-23 14:30:00,511.92172
4556,2013-12-23 14:40:00,413.03207
4556,2013-12-23 14:50:00,438.1005
4556,2013-12-23 15:00:00,404.7905
4556,2013-12-23 15:10:00,426.6965
4556,2013-12-23 15:20:00,397.98883
4556,2013-12-23 15:30:00,416.64996
4556,2013-12-23 15:40:00,426.05618
4556,2013-12-23 15:50:00,351.73666
4556,2013-12-23 16:00:00,435.27332
4556,2013-12-23 16:10:00,401.00888
4556,2013-12-23 16:20:00,433.19916
4556,2013-12-23 16:30:00,404.04013
4556,2013-12-23 16:40:00,394.11133
4556,2013-12-23 16:50:00,358.83008
4556,2013-12-23 17:00:00,405.17706
4556,2013-12-23 17:10:00,413.61603
4556,2013-12-23 17:20:00,428.8757
4556,2013-12-23 17:30:00,455.5069
4556,2013-12-23 17:40:00,359.1603
4556,2013-12-23 17:50:00,382.63535
4556,2013-12-23 18:00:00,406.5104
4556,2013-12-23 18:10:00,355.8856
4556,2013-12-23 18:20:00,351.76617
4556,2013-12-23 18:30:00,369.7117
4556,2013-12-23 18:40:00,437.17374
4556,2013-12-23 18:50:00,355.11713
4556,2013-12-23 19:00:00,416.3575
4556,2013-12-23 19:10:00,428.33813
4556,2013-12-23 19:20:00,414.44104
4556,2013-12-23 19:30:00,471.4363
4556,2013-12-23 19:40:00,477.41348
4556,2013-12-23 19:50:00,486.24826
4556,2013-12-23 20:00:00,438.5865
4556,2013-12-23 20:10:00,416.08762
4556,2013-12-23 20:20:00,479.95023
4556,2013-12-23 20:30:00,511.94394
4556,2013-12-23 20:40:00,455.18988
4556,2013-12-23 20:50:00,515.1628
4556,2013-12-23 21:00:00,477.28003
4556,2013-12-23 21:10:00,488.93396
4556,2013-12-23 21:20:00,428.45117
4556,2013-12-23 21:30:00,495.563
4556,2013-12-23 21:40:00,491.73068
4556,2013-12-23 21:50:00,375.32138
4556,2013-12-23 22:00:00,372.59503
4556,2013-12-23 22:10:00,418.88647
4556,2013-12-23 22:20:00,425.48682
4556,2013-12-23 22:30:00,406.0958
4556,2013-12-23 22:40:00,456.53745
4556,2013-12-23 22:50:00,391.19562
4556,2013-12-23 23:00:00,356.92798
4556,2013-12-23 23:10:00,404.1749
4556,2013-12-23 23:20:00,432.4493
4556,2013-12-23 23:30:00,404.4654
4556,2013-12-23 23:40:00,388.95142
4556,2013-12-23 23:50:00,369.6799
4556,2013-12-24 00:00:00,297.8189
4556,2013-12-24 00:10:00,279.81824
4556,2013-12-24 00:20:00,260.47723
4556,2013-12-24 00:30:00,247.18402
4556,2013-12-24 00:40:00,231.04839
4556,2013-12-24 00:50:00,220.02596
4556,2013-12-24 01:00:00,187.9596
4556,2013-12-24 01:10:00,192.1621
4556,2013-12-24 01:20:00,173.06534
4556,2013-12-24 01:30:00,146.86075
4556,2013-12-24 01:40:00,159.29187
4556,2013-12-24 01:50:00,168.86884
4556,2013-12-24 02:00:00,206.30934
4556,2013-12-24 02:10:00,173.27336
4556,2013-12-24 02:20:00,155.25284
4556,2013-12-24 02:30:00,138.36545
4556,2013-12-24 02:40:00,136.9576
4556,2013-12-24 02:50:00,134.03932
4556,2013-12-24 03:00:00,143.67612
4556,2013-12-24 03:10:00,126.67579
4556,2013-12-24 03:20:00,114.4585
4556,2013-12-24 03:30:00,117.05278
4556,2013-12-24 03:40:00,117.42688
4556,2013-12-24 03:50:00,120.98163
4556,2013-12-24 04:00:00,114.5477
4556,2013-12-24 04:10:00,118.32712
4556,2013-12-24 04:20:00,116.09812
4556,2013-12-24 04:30:00,118.81676
4556,2013-12-24 04:40:00,110.85494
4556,2013-12-24 04:50:00,117.456436
4556,2013-12-24 05:00:00,109.96028
4556,2013-12-24 05:10:00,122.88386
4556,2013-12-24 05:20:00,132.31139
4556,2013-12-24 05:30:00,137.39442
4556,2013-12-24 05:40:00,126.97882
4556,2013-12-24 05:50:00,132.19693
4556,2013-12-24 06:00:00,169.31377
4556,2013-12-24 06:10:00,154.9111
4556,2013-12-24 06:20:00,159.39938
4556,2013-12-24 06:30:00,175.29279
4556,2013-12-24 06:40:00,165.76671
4556,2013-12-24 06:50:00,177.68773
4556,2013-12-24 07:00:00,171.18402
4556,2013-12-24 07:10:00,179.23314
4556,2013-12-24 07:20:00,208.54196
4556,2013-12-24 07:30:00,195.76602
4556,2013-12-24 07:40:00,213.66667
4556,2013-12-24 07:50:00,218.946
4556,2013-12-24 08:00:00,227.95633
4556,2013-12-24 08:10:00,238.18382
4556,2013-12-24 08:20:00,224.02467
4556,2013-12-24 08:30:00,223.42462
4556,2013-12-24 08:40:00,267.3677
4556,2013-12-24 08:50:00,280.15036
4556,2013-12-24 09:00:00,364.43115
4556,2013-12-24 09:10:00,313.92166
4556,2013-12-24 09:20:00,266.1592
4556,2013-12-24 09:30:00,288.65265
4556,2013-12-24 09:40:00,299.04126
4556,2013-12-24 09:50:00,293.54868
4556,2013-12-24 10:00:00,343.1074
4556,2013-12-24 10:10:00,322.09644
4556,2013-12-24 10:20:00,338.118
4556,2013-12-24 10:30:00,341.3069
4556,2013-12-24 10:40:00,336.41272
4556,2013-12-24 10:50:00,301.20618
4556,2013-12-24 11:00:00,325.14096
4556,2013-12-24 11:10:00,324.8776
4556,2013-12-24 11:20:00,323.12457
4556,2013-12-24 11:30:00,340.9348
4556,2013-12-24 11:40:00,335.93375
4556,2013-12-24 11:50:00,327.33676
4556,2013-12-24 12:00:00,300.89752
4556,2013-12-24 12:10:00,314.1896
4556,2013-12-24 12:20:00,376.03323
4556,2013-12-24 12:30:00,357.0237
4556,2013-12-24 12:40:00,371.70554
4556,2013-12-24 12:50:00,385.98413
4556,2013-12-24 13:00:00,415.05508
4556,2013-12-24 13:10:00,418.56653
4556,2013-12-24 13:20:00,426.2919
4556,2013-12-24 13:30:00,411.65466
4556,2013-12-24 13:40:00,393.4226
4556,2013-12-24 13:50:00,373.60037
4556,2013-12-24 14:00:00,358.61725
4556,2013-12-24 14:10:00,313.6889
4556,2013-12-24 14:20:00,330.1641
4556,2013-12-24 14:30:00,335.51007
4556,2013-12-24 14:40:00,335.23328
4556,2013-12-24 14:50:00,379.78943
4556,2013-12-24 15:00:00,329.2161
4556,2013-12-24 15:10:00,306.24634
4556,2013-12-24 15:20:00,323.0353
4556,2013-12-24 15:30:00,310.99155
4556,2013-12-24 15:40:00,338.66562
4556,2013-12-24 15:50:00,320.8232
4556,2013-12-24 16:00:00,308.1328
4556,2013-12-24 16:10:00,373.85162
4556,2013-12-24 16:20:00,313.77255
4556,2013-12-24 16:30:00,368.5274
4556,2013-12-24 16:40:00,328.7838
4556,2013-12-24 16:50:00,304.47507
4556,2013-12-24 17:00:00,329.7157
4556,2013-12-24 17:10:00,361.48358
4556,2013-12-24 17:20:00,326.6161
4556,2013-12-24 17:30:00,375.82394
4556,2013-12-24 17:40:00,352.93457
4556,2013-12-24 17:50:00,310.18173
4556,2013-12-24 18:00:00,287.47595
4556,2013-12-24 18:10:00,308.69525
4556,2013-12-24 18:20:00,306.7538
4556,2013-12-24 18:30:00,294.6883
4556,2013-12-24 18:40:00,340.76965
4556,2013-12-24 18:50:00,316.247
4556,2013-12-24 19:00:00,322.78583
4556,2013-12-24 19:10:00,295.22186
4556,2013-12-24 19:20:00,319.50266
4556,2013-12-24 19:30:00,289.88733
4556,2013-12-24 19:40:00,307.99258
4556,2013-12-24 19:50:00,317.99136
4556,2013-12-24 20:00:00,314.73398
4556,2013-12-24 20:10:00,339.37512
4556,2013-12-24 20:20:00,301.92337
4556,2013-12-24 20:30:00,297.16034
4556,2013-12-24 20:40:00,310.343
4556,2013-12-24 20:50:00,302.31247
4556,2013-12-24 21:00:00,283.9087
4556,2013-12-24 21:10:00,284.8784
4556,2013-12-24 21:20:00,281.81668
4556,2013-12-24 21:30:00,252.20769
4556,2013-12-24 21:40:00,309.1218
4556,2013-12-24 21:50:00,296.88617
4556,2013-12-24 22:00:00,262.1814
4556,2013-12-24 22:10:00,249.68465
4556,2013-12-24 22:20:00,296.01678
4556,2013-12-24 22:30:00,279.36316
4556,2013-12-24 22:40:00,273.17746
4556,2013-12-24 22:50:00,250.77887
4556,2013-12-24 23:00:00,263.7847
4556,2013-12-24 23:10:00,253.10854
4556,2013-12-24 23:20:00,209.26596
4556,2013-12-24 23:30:00,215.39792
4556,2013-12-24 23:40:00,238.45287
4556,2013-12-24 23:50:00,192.67464
4556,2013-12-25 00:00:00,223.64484
4556,2013-12-25 00:10:00,235.1772
4556,2013-12-25 00:20:00,221.59166
4556,2013-12-25 00:30:00,219.47772
4556,2013-12-25 00:40:00,251.95589
4556,2013-12-25 00:50:00,261.21
4556,2013-12-25 01:00:00,244.95784
4556,2013-12-25 01:10:00,236.64827
4556,2013-12-25 01:20:00,219.93019
4556,2013-12-25 01:30:00,218.25064
4556,2013-12-25 01:40:00,196.52657
4556,2013-12-25 01:50:00,167.65733
4556,2013-12-25 02:00:00,191.40283
4556,2013-12-25 02:10:00,186.0478
4556,2013-12-25 02:20:00,140.14536
4556,2013-12-25 02:30:00,164.61096
4556,2013-12-25 02:40:00,161.41046
4556,2013-12-25 02:50:00,133.07098
4556,2013-12-25 03:00:00,156.45491
4556,2013-12-25 03:10:00,155.60631
4556,2013-12-25 03:20:00,134.25552
4556,2013-12-25 03:30:00,117.83463
4556,2013-12-25 03:40:00,130.56967
4556,2013-12-25 03:50:00,118.624504
4556,2013-12-25 04:00:00,139.3023
4556,2013-12-25 04:10:00,146.95464
4556,2013-12-25 04:20:00,136.22806
4556,2013-12-25 04:30:00,126.799
4556,2013-12-25 04:40:00,130.29318
4556,2013-12-25 04:50:00,113.35437
4556,2013-12-25 05:00:00,117.509705
4556,2013-12-25 05:10:00,122.68598
4556,2013-12-25 05:20:00,127.558266
4556,2013-12-25 05:30:00,120.42101
4556,2013-12-25 05:40:00,125.51784
4556,2013-12-25 05:50:00,111.47349
4556,2013-12-25 06:00:00,127.63643
4556,2013-12-25 06:10:00,114.97213
4556,2013-12-25 06:20:00,116.301094
4556,2013-12-25 06:30:00,123.24725
4556,2013-12-25 06:40:00,119.089516
4556,2013-12-25 06:50:00,127.40189
4556,2013-12-25 07:00:00,128.43324
4556,2013-12-25 07:10:00,150.29747
4556,2013-12-25 07:20:00,204.48697
4556,2013-12-25 07:30:00,193.15001
4556,2013-12-25 07:40:00,150.81784
4556,2013-12-25 07:50:00,134.55727
4556,2013-12-25 08:00:00,120.487656
4556,2013-12-25 08:10:00,144.71056
4556,2013-12-25 08:20:00,171.9061
4556,2013-12-25 08:30:00,161.68974
4556,2013-12-25 08:40:00,140.62683
4556,2013-12-25 08:50:00,141.41522
4556,2013-12-25 09:00:00,147.86163
4556,2013-12-25 09:10:00,174.52841
4556,2013-12-25 09:20:00,191.24934
4556,2013-12-25 09:30:00,176.25462
4556,2013-12-25 09:40:00,210.53633
4556,2013-12-25 09:50:00,200.75546
4556,2013-12-25 10:00:00,202.64961
4556,2013-12-25 10:10:00,220.66919
4556,2013-12-25 10:20:00,216.58588
4556,2013-12-25 10:30:00,207.49197
4556,2013-12-25 10:40:00,245.73338
4556,2013-12-25 10:50:00,228.67088
4556,2013-12-25 11:00:00,215.54196
4556,2013-12-25 11:10:00,270.9804
4556,2013-12-25 11:20:00,239.22577
4556,2013-12-25 11:30:00,260.65826
4556,2013-12-25 11:40:00,301.89755
4556,2013-12-25 11:50:00,259.2332
4556,2013-12-25 12:00:00,260.7462
4556,2013-12-25 12:10:00,264.21988
4556,2013-12-25 12:20:00,243.783
4556,2013-12-25 12:30:00,223.01917
4556,2013-12-25 12:40:00,224.68027
4556,2013-12-25 12:50:00,284.53308
4556,2013-12-25 13:00:00,267.93042
4556,2013-12-25 13:10:00,262.0453
4556,2013-12-25 13:20:00,274.34097
4556,2013-12-25 13:30:00,231.24547
4556,2013-12-25 13:40:00,251.11063
4556,2013-12-25 13:50:00,257.61063
4556,2013-12-25 14:00:00,236.07304
4556,2013-12-25 14:10:00,360.59946
4556,2013-12-25 14:20:00,373.50903
4556,2013-12-25 14:30:00,376.11823
4556,2013-12-25 14:40:00,376.22653
4556,2013-12-25 14:50:00,282.6344
4556,2013-12-25 15:00:00,288.33725
4556,2013-12-25 15:10:00,313.4453
4556,2013-12-25 15:20:00,309.468
4556,2013-12-25 15:30:00,325.4325
4556,2013-12-25 15:40:00,379.93832
4556,2013-12-25 15:50:00,348.33224
4556,2013-12-25 16:00:00,292.05603
4556,2013-12-25 16:10:00,367.69348
4556,2013-12-25 16:20:00,352.54712
4556,2013-12-25 16:30:00,263.58926
4556,2013-12-25 16:40:00,261.33652
4556,2013-12-25 16:50:00,270.44193
4556,2013-12-25 17:00:00,278.76926
4556,2013-12-25 17:10:00,265.75916
4556,2013-12-25 17:20:00,269.51254
4556,2013-12-25 17:30:00,242.7233
4556,2013-12-25 17:40:00,253.739
4556,2013-12-25 17:50:00,265.13812
4556,2013-12-25 18:00:00,248.7563
4556,2013-12-25 18:10:00,275.7298
4556,2013-12-25 18:20:00,286.8588
4556,2013-12-25 18:30:00,292.1889
4556,2013-12-25 18:40:00,235.83705
4556,2013-12-25 18:50:00,325.9842
4556,2013-12-25 19:00:00,301.12207
4556,2013-12-25 19:10:00,238.39287
4556,2013-12-25 19:20:00,251.84235
4556,2013-12-25 19:30:00,293.09415
4556,2013-12-25 19:40:00,250.24255
4556,2013-12-25 19:50:00,245.95163
4556,2013-12-25 20:00:00,261.96042
4556,2013-12-25 20:10:00,284.11295
4556,2013-12-25 20:20:00,294.47046
4556,2013-12-25 20:30:00,271.46106
4556,2013-12-25 20:40:00,237.71707
4556,2013-12-25 20:50:00,219.86397
4556,2013-12-25 21:00:00,305.75555
4556,2013-12-25 21:10:00,255.36697
4556,2013-12-25 21:20:00,382.58646
4556,2013-12-25 21:30:00,266.67917
4556,2013-12-25 21:40:00,288.95926
4556,2013-12-25 21:50:00,403.01736
4556,2013-12-25 22:00:00,249.42798
4556,2013-12-25 22:10:00,563.51215
4556,2013-12-25 22:20:00,584.35565
4556,2013-12-25 22:30:00,539.85046
4556,2013-12-25 22:40:00,450.82556
4556,2013-12-25 22:50:00,218.49045
4556,2013-12-25 23:00:00,245.9931
4556,2013-12-25 23:10:00,277.88068
4556,2013-12-25 23:20:00,244.83852
4556,2013-12-25 23:30:00,267.84647
4556,2013-12-25 23:40:00,221.52336
4556,2013-12-25 23:50:00,248.43008
4556,2013-12-26 00:00:00,214.02592
4556,2013-12-26 00:10:00,218.29686
4556,2013-12-26 00:20:00,228.50305
4556,2013-12-26 00:30:00,248.53569
4556,2013-12-26 00:40:00,204.84956
4556,2013-12-26 00:50:00,192.76932
4556,2013-12-26 01:00:00,180.18436
4556,2013-12-26 01:10:00,175.58197
4556,2013-12-26 01:20:00,185.39761
4556,2013-12-26 01:30:00,197.41249
4556,2013-12-26 01:40:00,198.53981
4556,2013-12-26 01:50:00,158.69736
4556,2013-12-26 02:00:00,180.33957
4556,2013-12-26 02:10:00,193.69688
4556,2013-12-26 02:20:00,182.42528
4556,2013-12-26 02:30:00,177.90985
4556,2013-12-26 02:40:00,169.68217
4556,2013-12-26 02:50:00,159.27081
4556,2013-12-26 03:00:00,201.69312
4556,2013-12-26 03:10:00,167.52203
4556,2013-12-26 03:20:00,173.11726
4556,2013-12-26 03:30:00,173.86655
4556,2013-12-26 03:40:00,154.66095
4556,2013-12-26 03:50:00,126.41314
4556,2013-12-26 04:00:00,162.78908
4556,2013-12-26 04:10:00,123.96962
4556,2013-12-26 04:20:00,110.53787
4556,2013-12-26 04:30:00,119.83711
4556,2013-12-26 04:40:00,124.71762
4556,2013-12-26 04:50:00,126.202385
4556,2013-12-26 05:00:00,117.82304
4556,2013-12-26 05:10:00,118.98416
4556,2013-12-26 05:20:00,124.362015
4556,2013-12-26 05:30:00,105.42168
4556,2013-12-26 05:40:00,116.339554
4556,2013-12-26 05:50:00,97.44542
4556,2013-12-26 06:00:00,99.13123
4556,2013-12-26 06:10:00,115.41706
4556,2013-12-26 06:20:00,108.42895
4556,2013-12-26 06:30:00,95.896324
4556,2013-12-26 06:40:00,133.26738
4556,2013-12-26 06:50:00,118.13578
4556,2013-12-26 07:00:00,127.80347
4556,2013-12-26 07:10:00,140.10565
4556,2013-12-26 07:20:00,145.04927
4556,2013-12-26 07:30:00,158.49297
4556,2013-12-26 07:40:00,152.14339
4556,2013-12-26 07:50:00,122.60179
4556,2013-12-26 08:00:00,147.51274
4556,2013-12-26 08:10:00,164.00903
4556,2013-12-26 08:20:00,130.70937
4556,2013-12-26 08:30:00,134.93784
4556,2013-12-26 08:40:00,163.83171
4556,2013-12-26 08:50:00,134.18575
4556,2013-12-26 09:00:00,156.36774
4556,2013-12-26 09:10:00,159.05444
4556,2013-12-26 09:20:00,152.79745
4556,2013-12-26 09:30:00,173.95316
4556,2013-12-26 09:40:00,227.53712
4556,2013-12-26 09:50:00,161.71907
4556,2013-12-26 10:00:00,187.54808
4556,2013-12-26 10:10:00,200.90973
4556,2013-12-26 10:20:00,216.34187
4556,2013-12-26 10:30:00,234.5012
4556,2013-12-26 10:40:00,211.72437
4556,2013-12-26 10:50:00,211.84818
4556,2013-12-26 11:00:00,207.44441
4556,2013-12-26 11:10:00,228.8813
4556,2013-12-26 11:20:00,193.48692
4556,2013-12-26 11:30:00,209.09435
4556,2013-12-26 11:40:00,204.09262
4556,2013-12-26 11:50:00,225.70024
4556,2013-12-26 12:00:00,209.44221
4556,2013-12-26 12:10:00,231.54848
4556,2013-12-26 12:20:00,229.49442
4556,2013-12-26 12:30:00,233.02258
4556,2013-12-26 12:40:00,222.08876
4556,2013-12-26 12:50:00,201.98627
4556,2013-12-26 13:00:00,235.38676
4556,2013-12-26 13:10:00,232.00096
4556,2013-12-26 13:20:00,232.00787
4556,2013-12-26 13:30:00,220.79105
4556,2013-12-26 13:40:00,261.3426
4556,2013-12-26 13:50:00,222.57512
4556,2013-12-26 14:00:00,228.36372
4556,2013-12-26 14:10:00,253.1126
4556,2013-12-26 14:20:00,225.86958
4556,2013-12-26 14:30:00,285.63098
4556,2013-12-26 14:40:00,250.79158
4556,2013-12-26 14:50:00,275.39377
4556,2013-12-26 15:00:00,262.8738
4556,2013-12-26 15:10:00,243.25725
4556,2013-12-26 15:20:00,228.5587
4556,2013-12-26 15:30:00,205.5712
4556,2013-12-26 15:40:00,253.79453
4556,2013-12-26 15:50:00,223.93399
4556,2013-12-26 16:00:00,243.37512
4556,2013-12-26 16:10:00,240.39069
4556,2013-12-26 16:20:00,288.9241
4556,2013-12-26 16:30:00,261.1682
4556,2013-12-26 16:40:00,283.94086
4556,2013-12-26 16:50:00,296.93216
4556,2013-12-26 17:00:00,282.75146
4556,2013-12-26 17:10:00,304.22293
4556,2013-12-26 17:20:00,321.89722
4556,2013-12-26 17:30:00,281.69202
4556,2013-12-26 17:40:00,328.1306
4556,2013-12-26 17:50:00,265.40265
4556,2013-12-26 18:00:00,276.4935
4556,2013-12-26 18:10:00,240.5599
4556,2013-12-26 18:20:00,297.84076
4556,2013-12-26 18:30:00,317.02676
4556,2013-12-26 18:40:00,264.92322
4556,2013-12-26 18:50:00,309.76816
4556,2013-12-26 19:00:00,282.60504
4556,2013-12-26 19:10:00,273.25845
4556,2013-12-26 19:20:00,278.77524
4556,2013-12-26 19:30:00,279.58078
4556,2013-12-26 19:40:00,278.61603
4556,2013-12-26 19:50:00,298.61722
4556,2013-12-26 20:00:00,278.28238
4556,2013-12-26 20:10:00,308.0331
4556,2013-12-26 20:20:00,312.67688
4556,2013-12-26 20:30:00,324.12192
4556,2013-12-26 20:40:00,306.24408
4556,2013-12-26 20:50:00,290.29053
4556,2013-12-26 21:00:00,331.14005
4556,2013-12-26 21:10:00,318.56512
4556,2013-12-26 21:20:00,346.1862
4556,2013-12-26 21:30:00,355.01224
4556,2013-12-26 21:40:00,331.94678
4556,2013-12-26 21:50:00,321.4516
4556,2013-12-26 22:00:00,320.67426
4556,2013-12-26 22:10:00,302.87527
4556,2013-12-26 22:20:00,312.40094
4556,2013-12-26 22:30:00,290.18787
4556,2013-12-26 22:40:00,271.65634
4556,2013-12-26 22:50:00,250.25435
4556,2013-12-26 23:00:00,280.05988
4556,2013-12-26 23:10:00,248.05475
4556,2013-12-26 23:20:00,267.126
4556,2013-12-26 23:30:00,248.87376
4556,2013-12-26 23:40:00,236.66345
4556,2013-12-26 23:50:00,244.7902
4556,2013-12-27 00:00:00,210.64157
4556,2013-12-27 00:10:00,211.45952
4556,2013-12-27 00:20:00,196.22482
4556,2013-12-27 00:30:00,182.57104
4556,2013-12-27 00:40:00,189.12282
4556,2013-12-27 00:50:00,183.49374
4556,2013-12-27 01:00:00,155.92433
4556,2013-12-27 01:10:00,162.40033
4556,2013-12-27 01:20:00,140.99786
4556,2013-12-27 01:30:00,144.71031
4556,2013-12-27 01:40:00,147.27692
4556,2013-12-27 01:50:00,117.09601
4556,2013-12-27 02:00:00,117.18802
4556,2013-12-27 02:10:00,129.3176
4556,2013-12-27 02:20:00,137.37863
4556,2013-12-27 02:30:00,130.11853
4556,2013-12-27 02:40:00,136.15775
4556,2013-12-27 02:50:00,122.61567
4556,2013-12-27 03:00:00,125.74058
4556,2013-12-27 03:10:00,123.984985
4556,2013-12-27 03:20:00,116.54758
4556,2013-12-27 03:30:00,108.03131
4556,2013-12-27 03:40:00,115.53717
4556,2013-12-27 03:50:00,121.05402
4556,2013-12-27 04:00:00,109.268036
4556,2013-12-27 04:10:00,118.92845
4556,2013-12-27 04:20:00,102.17236
4556,2013-12-27 04:30:00,110.41908
4556,2013-12-27 04:40:00,108.13474
4556,2013-12-27 04:50:00,109.41842
4556,2013-12-27 05:00:00,108.63449
4556,2013-12-27 05:10:00,108.43084
4556,2013-12-27 05:20:00,111.6921
4556,2013-12-27 05:30:00,124.53916
4556,2013-12-27 05:40:00,122.645355
4556,2013-12-27 05:50:00,127.49486
4556,2013-12-27 06:00:00,125.365326
4556,2013-12-27 06:10:00,118.6176
4556,2013-12-27 06:20:00,125.63863
4556,2013-12-27 06:30:00,130.1791
4556,2013-12-27 06:40:00,143.05385
4556,2013-12-27 06:50:00,149.61292
4556,2013-12-27 07:00:00,156.57913
4556,2013-12-27 07:10:00,186.05641
4556,2013-12-27 07:20:00,172.42339
4556,2013-12-27 07:30:00,199.18361
4556,2013-12-27 07:40:00,188.0368
4556,2013-12-27 07:50:00,186.55565
4556,2013-12-27 08:00:00,229.31686
4556,2013-12-27 08:10:00,214.64166
4556,2013-12-27 08:20:00,200.45229
4556,2013-12-27 08:30:00,246.48041
4556,2013-12-27 08:40:00,220.09021
4556,2013-12-27 08:50:00,236.33925
4556,2013-12-27 09:00:00,248.96706
4556,2013-12-27 09:10:00,277.34634
4556,2013-12-27 09:20:00,228.07713
4556,2013-12-27 09:30:00,260.88623
4556,2013-12-27 09:40:00,278.91028
4556,2013-12-27 09:50:00,263.67917
4556,2013-12-27 10:00:00,313.9347
4556,2013-12-27 10:10:00,290.76285
4556,2013-12-27 10:20:00,273.5742
4556,2013-12-27 10:30:00,286.07983
4556,2013-12-27 10:40:00,312.37665
4556,2013-12-27 10:50:00,303.81754
4556,2013-12-27 11:00:00,332.8537
4556,2013-12-27 11:10:00,324.4339
4556,2013-12-27 11:20:00,285.6075
4556,2013-12-27 11:30:00,328.96506
4556,2013-12-27 11:40:00,312.6646
4556,2013-12-27 11:50:00,319.64264
4556,2013-12-27 12:00:00,384.5696
4556,2013-12-27 12:10:00,371.79465
4556,2013-12-27 12:20:00,340.36707
4556,2013-12-27 12:30:00,350.1051
4556,2013-12-27 12:40:00,335.4458
4556,2013-12-27 12:50:00,368.9262
4556,2013-12-27 13:00:00,385.63116
4556,2013-12-27 13:10:00,459.6401
4556,2013-12-27 13:20:00,408.13596
4556,2013-12-27 13:30:00,428.58185
4556,2013-12-27 13:40:00,427.84503
4556,2013-12-27 13:50:00,366.63654
4556,2013-12-27 14:00:00,362.8222
4556,2013-12-27 14:10:00,362.6423
4556,2013-12-27 14:20:00,341.60297
4556,2013-12-27 14:30:00,335.53857
4556,2013-12-27 14:40:00,344.33997
4556,2013-12-27 14:50:00,344.89975
4556,2013-12-27 15:00:00,348.21805
4556,2013-12-27 15:10:00,330.12164
4556,2013-12-27 15:20:00,312.73932
4556,2013-12-27 15:30:00,318.67493
4556,2013-12-27 15:40:00,311.16855
4556,2013-12-27 15:50:00,327.24124
4556,2013-12-27 16:00:00,341.1661
4556,2013-12-27 16:10:00,346.1512
4556,2013-12-27 16:20:00,265.44434
4556,2013-12-27 16:30:00,353.0329
4556,2013-12-27 16:40:00,324.38614
4556,2013-12-27 16:50:00,284.38596
4556,2013-12-27 17:00:00,320.76013
4556,2013-12-27 17:10:00,306.55823
4556,2013-12-27 17:20:00,342.59183
4556,2013-12-27 17:30:00,357.6736
4556,2013-12-27 17:40:00,345.93723
4556,2013-12-27 17:50:00,319.33054
4556,2013-12-27 18:00:00,400.32727
4556,2013-12-27 18:10:00,349.69315
4556,2013-12-27 18:20:00,341.6732
4556,2013-12-27 18:30:00,378.5362
4556,2013-12-27 18:40:00,373.14685
4556,2013-12-27 18:50:00,424.10416
4556,2013-12-27 19:00:00,398.6389
4556,2013-12-27 19:10:00,387.62213
4556,2013-12-27 19:20:00,467.20782
4556,2013-12-27 19:30:00,442.8773
4556,2013-12-27 19:40:00,474.66785
4556,2013-12-27 19:50:00,472.22964
4556,2013-12-27 20:00:00,454.78485
4556,2013-12-27 20:10:00,384.76447
4556,2013-12-27 20:20:00,383.6065
4556,2013-12-27 20:30:00,395.12088
4556,2013-12-27 20:40:00,390.5162
4556,2013-12-27 20:50:00,381.6025
4556,2013-12-27 21:00:00,413.6202
4556,2013-12-27 21:10:00,447.71268
4556,2013-12-27 21:20:00,422.05154
4556,2013-12-27 21:30:00,512.3904
4556,2013-12-27 21:40:00,440.2126
4556,2013-12-27 21:50:00,442.43945
4556,2013-12-27 22:00:00,496.8005
4556,2013-12-27 22:10:00,495.2003
4556,2013-12-27 22:20:00,484.6654
4556,2013-12-27 22:30:00,501.3368
4556,2013-12-27 22:40:00,428.23596
4556,2013-12-27 22:50:00,418.8722
4556,2013-12-27 23:00:00,470.28485
4556,2013-12-27 23:10:00,413.20828
4556,2013-12-27 23:20:00,377.9235
4556,2013-12-27 23:30:00,371.07742
4556,2013-12-27 23:40:00,302.00494
4556,2013-12-27 23:50:00,308.25696
4556,2013-12-28 00:00:00,303.4243
4556,2013-12-28 00:10:00,293.3506
4556,2013-12-28 00:20:00,268.6225
4556,2013-12-28 00:30:00,276.90903
4556,2013-12-28 00:40:00,261.88257
4556,2013-12-28 00:50:00,238.40303
4556,2013-12-28 01:00:00,262.02942
4556,2013-12-28 01:10:00,221.62192
4556,2013-12-28 01:20:00,202.13177
4556,2013-12-28 01:30:00,230.5242
4556,2013-12-28 01:40:00,194.80005
4556,2013-12-28 01:50:00,175.45059
4556,2013-12-28 02:00:00,184.19286
4556,2013-12-28 02:10:00,152.4451
4556,2013-12-28 02:20:00,127.19235
4556,2013-12-28 02:30:00,157.2515
4556,2013-12-28 02:40:00,157.09532
4556,2013-12-28 02:50:00,146.4595
4556,2013-12-28 03:00:00,149.12766
4556,2013-12-28 03:10:00,147.89542
4556,2013-12-28 03:20:00,150.09598
4556,2013-12-28 03:30:00,164.10657
4556,2013-12-28 03:40:00,126.1219
4556,2013-12-28 03:50:00,146.94016
4556,2013-12-28 04:00:00,118.06633
4556,2013-12-28 04:10:00,113.74528
4556,2013-12-28 04:20:00,107.81639
4556,2013-12-28 04:30:00,127.32157
4556,2013-12-28 04:40:00,101.80985
4556,2013-12-28 04:50:00,111.80376
4556,2013-12-28 05:00:00,101.71894
4556,2013-12-28 05:10:00,111.159225
4556,2013-12-28 05:20:00,104.519714
4556,2013-12-28 05:30:00,112.34819
4556,2013-12-28 05:40:00,120.75152
4556,2013-12-28 05:50:00,108.81011
4556,2013-12-28 06:00:00,108.96216
4556,2013-12-28 06:10:00,112.77431
4556,2013-12-28 06:20:00,106.38191
4556,2013-12-28 06:30:00,103.61552
4556,2013-12-28 06:40:00,112.72959
4556,2013-12-28 06:50:00,123.6196
4556,2013-12-28 07:00:00,119.46591
4556,2013-12-28 07:10:00,138.14523
4556,2013-12-28 07:20:00,129.96095
4556,2013-12-28 07:30:00,149.50659
4556,2013-12-28 07:40:00,154.32898
4556,2013-12-28 07:50:00,158.87057
4556,2013-12-28 08:00:00,179.24402
4556,2013-12-28 08:10:00,165.47578
4556,2013-12-28 08:20:00,156.77287
4556,2013-12-28 08:30:00,165.5525
4556,2013-12-28 08:40:00,213.23598
4556,2013-12-28 08:50:00,145.99977
4556,2013-12-28 09:00:00,181.88309
4556,2013-12-28 09:10:00,205.36673
4556,2013-12-28 09:20:00,239.05156
4556,2013-12-28 09:30:00,243.1057
4556,2013-12-28 09:40:00,205.50323
4556,2013-12-28 09:50:00,233.09328
4556,2013-12-28 10:00:00,245.1807
4556,2013-12-28 10:10:00,261.1673
4556,2013-12-28 10:20:00,234.93137
4556,2013-12-28 10:30:00,254.57532
4556,2013-12-28 10:40:00,250.5601
4556,2013-12-28 10:50:00,204.41315
4556,2013-12-28 11:00:00,278.4452
4556,2013-12-28 11:10:00,293.12796
4556,2013-12-28 11:20:00,282.13077
4556,2013-12-28 11:30:00,336.65457
4556,2013-12-28 11:40:00,302.42493
4556,2013-12-28 11:50:00,291.9649
4556,2013-12-28 12:00:00,323.8492
4556,2013-12-28 12:10:00,349.51266
4556,2013-12-28 12:20:00,312.85562
4556,2013-12-28 12:30:00,344.23694
4556,2013-12-28 12:40:00,389.02127
4556,2013-12-28 12:50:00,339.90604
4556,2013-12-28 13:00:00,353.41278
4556,2013-12-28 13:10:00,373.874
4556,2013-12-28 13:20:00,319.1012
4556,2013-12-28 13:30:00,367.24573
4556,2013-12-28 13:40:00,316.4971
4556,2013-12-28 13:50:00,323.07022
4556,2013-12-28 14:00:00,365.12637
4556,2013-12-28 14:10:00,343.26425
4556,2013-12-28 14:20:00,303.19644
4556,2013-12-28 14:30:00,340.80875
4556,2013-12-28 14:40:00,349.35867
4556,2013-12-28 14:50:00,299.55502
4556,2013-12-28 15:00:00,371.5517
4556,2013-12-28 15:10:00,350.693
4556,2013-12-28 15:20:00,326.62488
4556,2013-12-28 15:30:00,350.8516
4556,2013-12-28 15:40:00,353.3872
4556,2013-12-28 15:50:00,327.9635
4556,2013-12-28 16:00:00,359.9285
4556,2013-12-28 16:10:00,354.1796
4556,2013-12-28 16:20:00,322.32108
4556,2013-12-28 16:30:00,365.97482
4556,2013-12-28 16:40:00,375.8855
4556,2013-12-28 16:50:00,335.29434
4556,2013-12-28 17:00:00,321.2211
4556,2013-12-28 17:10:00,343.44772
4556,2013-12-28 17:20:00,279.39587
4556,2013-12-28 17:30:00,309.98672
4556,2013-12-28 17:40:00,353.14548
4556,2013-12-28 17:50:00,290.6602
4556,2013-12-28 18:00:00,293.9467
4556,2013-12-28 18:10:00,349.87378
4556,2013-12-28 18:20:00,362.94925
4556,2013-12-28 18:30:00,323.2246
4556,2013-12-28 18:40:00,306.51697
4556,2013-12-28 18:50:00,324.05948
4556,2013-12-28 19:00:00,358.6825
4556,2013-12-28 19:10:00,358.4198
4556,2013-12-28 19:20:00,384.18765
4556,2013-12-28 19:30:00,369.79047
4556,2013-12-28 19:40:00,319.81738
4556,2013-12-28 19:50:00,385.96823
4556,2013-12-28 20:00:00,420.476
4556,2013-12-28 20:10:00,454.65683
4556,2013-12-28 20:20:00,411.83566
4556,2013-12-28 20:30:00,446.11212
4556,2013-12-28 20:40:00,399.4479
4556,2013-12-28 20:50:00,445.94052
4556,2013-12-28 21:00:00,433.353
4556,2013-12-28 21:10:00,458.34653
4556,2013-12-28 21:20:00,465.0401
4556,2013-12-28 21:30:00,454.50204
4556,2013-12-28 21:40:00,474.11545
4556,2013-12-28 21:50:00,448.3575
4556,2013-12-28 22:00:00,448.4847
4556,2013-12-28 22:10:00,401.19376
4556,2013-12-28 22:20:00,407.9165
4556,2013-12-28 22:30:00,433.3534
4556,2013-12-28 22:40:00,428.98297
4556,2013-12-28 22:50:00,421.62305
4556,2013-12-28 23:00:00,425.1426
4556,2013-12-28 23:10:00,357.87405
4556,2013-12-28 23:20:00,372.65677
4556,2013-12-28 23:30:00,369.69232
4556,2013-12-28 23:40:00,352.88126
4556,2013-12-28 23:50:00,328.63107
4556,2013-12-29 00:00:00,322.1898
4556,2013-12-29 00:10:00,300.85413
4556,2013-12-29 00:20:00,274.5305
4556,2013-12-29 00:30:00,308.97562
4556,2013-12-29 00:40:00,317.04404
4556,2013-12-29 00:50:00,226.08331
4556,2013-12-29 01:00:00,238.5714
4556,2013-12-29 01:10:00,268.41824
4556,2013-12-29 01:20:00,204.03932
4556,2013-12-29 01:30:00,158.32085
4556,2013-12-29 01:40:00,195.43771
4556,2013-12-29 01:50:00,186.18564
4556,2013-12-29 02:00:00,161.65057
4556,2013-12-29 02:10:00,195.28264
4556,2013-12-29 02:20:00,182.14864
4556,2013-12-29 02:30:00,135.45444
4556,2013-12-29 02:40:00,171.64372
4556,2013-12-29 02:50:00,128.32155
4556,2013-12-29 03:00:00,132.59097
4556,2013-12-29 03:10:00,141.31767
4556,2013-12-29 03:20:00,101.68978
4556,2013-12-29 03:30:00,108.80209
4556,2013-12-29 03:40:00,108.83426
4556,2013-12-29 03:50:00,122.711006
4556,2013-12-29 04:00:00,89.928894
4556,2013-12-29 04:10:00,99.77914
4556,2013-12-29 04:20:00,92.64196
4556,2013-12-29 04:30:00,89.940125
4556,2013-12-29 04:40:00,88.52044
4556,2013-12-29 04:50:00,88.32781
4556,2013-12-29 05:00:00,81.17247
4556,2013-12-29 05:10:00,87.64828
4556,2013-12-29 05:20:00,83.7823
4556,2013-12-29 05:30:00,91.750145
4556,2013-12-29 05:40:00,100.88587
4556,2013-12-29 05:50:00,80.24717
4556,2013-12-29 06:00:00,98.19659
4556,2013-12-29 06:10:00,99.666
4556,2013-12-29 06:20:00,104.228676
4556,2013-12-29 06:30:00,89.64964
4556,2013-12-29 06:40:00,102.542496
4556,2013-12-29 06:50:00,95.342476
4556,2013-12-29 07:00:00,99.82802
4556,2013-12-29 07:10:00,117.01685
4556,2013-12-29 07:20:00,100.34141
4556,2013-12-29 07:30:00,88.52758
4556,2013-12-29 07:40:00,140.5944
4556,2013-12-29 07:50:00,129.19339
4556,2013-12-29 08:00:00,111.40632
4556,2013-12-29 08:10:00,146.30878
4556,2013-12-29 08:20:00,117.87241
4556,2013-12-29 08:30:00,125.618225
4556,2013-12-29 08:40:00,155.73761
4556,2013-12-29 08:50:00,131.75758
4556,2013-12-29 09:00:00,151.57292
4556,2013-12-29 09:10:00,180.35364
4556,2013-12-29 09:20:00,209.07964
4556,2013-12-29 09:30:00,169.54576
4556,2013-12-29 09:40:00,185.20647
4556,2013-12-29 09:50:00,223.56516
4556,2013-12-29 10:00:00,198.86172
4556,2013-12-29 10:10:00,199.56316
4556,2013-12-29 10:20:00,223.90778
4556,2013-12-29 10:30:00,197.43518
4556,2013-12-29 10:40:00,218.52017
4556,2013-12-29 10:50:00,211.69557
4556,2013-12-29 11:00:00,218.82474
4556,2013-12-29 11:10:00,240.70015
4556,2013-12-29 11:20:00,244.59276
4556,2013-12-29 11:30:00,275.83884
4556,2013-12-29 11:40:00,279.41434
4556,2013-12-29 11:50:00,266.821
4556,2013-12-29 12:00:00,270.4645
4556,2013-12-29 12:10:00,307.55655
4556,2013-12-29 12:20:00,300.7792
4556,2013-12-29 12:30:00,312.0436
4556,2013-12-29 12:40:00,298.7303
4556,2013-12-29 12:50:00,374.5884
4556,2013-12-29 13:00:00,332.2542
4556,2013-12-29 13:10:00,379.2169
4556,2013-12-29 13:20:00,379.62836
4556,2013-12-29 13:30:00,346.52246
4556,2013-12-29 13:40:00,332.6917
4556,2013-12-29 13:50:00,349.09732
4556,2013-12-29 14:00:00,352.82077
4556,2013-12-29 14:10:00,336.90668
4556,2013-12-29 14:20:00,311.51123
4556,2013-12-29 14:30:00,317.3187
4556,2013-12-29 14:40:00,300.47006
4556,2013-12-29 14:50:00,327.16904
4556,2013-12-29 15:00:00,308.94366
4556,2013-12-29 15:10:00,315.4614
4556,2013-12-29 15:20:00,302.1444
4556,2013-12-29 15:30:00,341.01892
4556,2013-12-29 15:40:00,293.53836
4556,2013-12-29 15:50:00,297.23874
4556,2013-12-29 16:00:00,314.02243
4556,2013-12-29 16:10:00,276.77405
4556,2013-12-29 16:20:00,288.61603
4556,2013-12-29 16:30:00,298.5115
4556,2013-12-29 16:40:00,291.23325
4556,2013-12-29 16:50:00,304.8547
4556,2013-12-29 17:00:00,310.26956
4556,2013-12-29 17:10:00,306.96976
4556,2013-12-29 17:20:00,352.35788
4556,2013-12-29 17:30:00,317.3174
4556,2013-12-29 17:40:00,294.64996
4556,2013-12-29 17:50:00,326.1829
4556,2013-12-29 18:00:00,286.91464
4556,2013-12-29 18:10:00,284.21524
4556,2013-12-29 18:20:00,307.7846
4556,2013-12-29 18:30:00,313.75323
4556,2013-12-29 18:40:00,335.763
4556,2013-12-29 18:50:00,332.4176
4556,2013-12-29 19:00:00,308.39584
4556,2013-12-29 19:10:00,296.1522
4556,2013-12-29 19:20:00,340.681
4556,2013-12-29 19:30:00,403.00864
4556,2013-12-29 19:40:00,413.63272
4556,2013-12-29 19:50:00,405.9275
4556,2013-12-29 20:00:00,380.06592
4556,2013-12-29 20:10:00,448.79276
4556,2013-12-29 20:20:00,429.54105
4556,2013-12-29 20:30:00,415.9831
4556,2013-12-29 20:40:00,458.993
4556,2013-12-29 20:50:00,395.3732
4556,2013-12-29 21:00:00,412.20358
4556,2013-12-29 21:10:00,434.2992
4556,2013-12-29 21:20:00,394.48123
4556,2013-12-29 21:30:00,369.3695
4556,2013-12-29 21:40:00,401.65488
4556,2013-12-29 21:50:00,380.50327
4556,2013-12-29 22:00:00,376.20425
4556,2013-12-29 22:10:00,410.7136
4556,2013-12-29 22:20:00,340.62805
4556,2013-12-29 22:30:00,341.73444
4556,2013-12-29 22:40:00,347.1793
4556,2013-12-29 22:50:00,315.563
4556,2013-12-29 23:00:00,304.05814
4556,2013-12-29 23:10:00,306.75867
4556,2013-12-29 23:20:00,290.26242
4556,2013-12-29 23:30:00,290.40417
4556,2013-12-29 23:40:00,265.24033
4556,2013-12-29 23:50:00,223.6464
4556,2013-12-30 00:00:00,287.99765
4556,2013-12-30 00:10:00,249.17203
4556,2013-12-30 00:20:00,231.78021
4556,2013-12-30 00:30:00,219.79195
4556,2013-12-30 00:40:00,187.89227
4556,2013-12-30 00:50:00,180.21996
4556,2013-12-30 01:00:00,171.8673
4556,2013-12-30 01:10:00,152.7302
4556,2013-12-30 01:20:00,157.77357
4556,2013-12-30 01:30:00,151.72516
4556,2013-12-30 01:40:00,140.93427
4556,2013-12-30 01:50:00,126.45562
4556,2013-12-30 02:00:00,125.231606
4556,2013-12-30 02:10:00,123.01292
4556,2013-12-30 02:20:00,107.40227
4556,2013-12-30 02:30:00,124.38299
4556,2013-12-30 02:40:00,119.946526
4556,2013-12-30 02:50:00,131.04019
4556,2013-12-30 03:00:00,129.26498
4556,2013-12-30 03:10:00,112.02469
4556,2013-12-30 03:20:00,113.03354
4556,2013-12-30 03:30:00,110.434975
4556,2013-12-30 03:40:00,96.91122
4556,2013-12-30 03:50:00,106.024864
4556,2013-12-30 04:00:00,103.36216
4556,2013-12-30 04:10:00,93.88582
4556,2013-12-30 04:20:00,91.58684
4556,2013-12-30 04:30:00,87.00784
4556,2013-12-30 04:40:00,96.400604
4556,2013-12-30 04:50:00,110.284256
4556,2013-12-30 05:00:00,96.65179
4556,2013-12-30 05:10:00,95.87743
4556,2013-12-30 05:20:00,109.484604
4556,2013-12-30 05:30:00,107.23507
4556,2013-12-30 05:40:00,115.18312
4556,2013-12-30 05:50:00,109.10191
4556,2013-12-30 06:00:00,123.02524
4556,2013-12-30 06:10:00,127.67141
4556,2013-12-30 06:20:00,129.1146
4556,2013-12-30 06:30:00,150.00566
4556,2013-12-30 06:40:00,165.4083
4556,2013-12-30 06:50:00,141.80234
4556,2013-12-30 07:00:00,190.01006
4556,2013-12-30 07:10:00,193.46353
4556,2013-12-30 07:20:00,153.82439
4556,2013-12-30 07:30:00,185.286
4556,2013-12-30 07:40:00,211.0368
4556,2013-12-30 07:50:00,204.55127
4556,2013-12-30 08:00:00,208.86128
4556,2013-12-30 08:10:00,212.21309
4556,2013-12-30 08:20:00,200.48566
4556,2013-12-30 08:30:00,233.35571
4556,2013-12-30 08:40:00,247.52815
4556,2013-12-30 08:50:00,232.78471
4556,2013-12-30 09:00:00,263.40912
4556,2013-12-30 09:10:00,246.0369
4556,2013-12-30 09:20:00,246.37566
4556,2013-12-30 09:30:00,272.73376
4556,2013-12-30 09:40:00,261.19916
4556,2013-12-30 09:50:00,258.80768
4556,2013-12-30 10:00:00,299.44467
4556,2013-12-30 10:10:00,269.26282
4556,2013-12-30 10:20:00,240.6463
4556,2013-12-30 10:30:00,274.68307
4556,2013-12-30 10:40:00,278.08878
4556,2013-12-30 10:50:00,298.40668
4556,2013-12-30 11:00:00,281.8739
4556,2013-12-30 11:10:00,308.58472
4556,2013-12-30 11:20:00,298.2951
4556,2013-12-30 11:30:00,306.0562
4556,2013-12-30 11:40:00,330.01648
4556,2013-12-30 11:50:00,299.93094
4556,2013-12-30 12:00:00,323.25488
4556,2013-12-30 12:10:00,323.80774
4556,2013-12-30 12:20:00,372.31494
4556,2013-12-30 12:30:00,354.60205
4556,2013-12-30 12:40:00,339.18564
4556,2013-12-30 12:50:00,326.79837
4556,2013-12-30 13:00:00,366.00134
4556,2013-12-30 13:10:00,330.21228
4556,2013-12-30 13:20:00,315.83206
4556,2013-12-30 13:30:00,372.30997
4556,2013-12-30 13:40:00,336.94266
4556,2013-12-30 13:50:00,333.11594
4556,2013-12-30 14:00:00,333.89648
4556,2013-12-30 14:10:00,302.79874
4556,2013-12-30 14:20:00,369.7087
4556,2013-12-30 14:30:00,354.58533
4556,2013-12-30 14:40:00,362.37424
4556,2013-12-30 14:50:00,392.67075
4556,2013-12-30 15:00:00,351.88858
4556,2013-12-30 15:10:00,402.15726
4556,2013-12-30 15:20:00,335.285
4556,2013-12-30 15:30:00,338.4643
4556,2013-12-30 15:40:00,333.0648
4556,2013-12-30 15:50:00,361.28885
4556,2013-12-30 16:00:00,331.89706
4556,2013-12-30 16:10:00,330.3083
4556,2013-12-30 16:20:00,288.9123
4556,2013-12-30 16:30:00,328.3729
4556,2013-12-30 16:40:00,348.79498
4556,2013-12-30 16:50:00,296.45197
4556,2013-12-30 17:00:00,288.05148
4556,2013-12-30 17:10:00,325.1489
4556,2013-12-30 17:20:00,329.17758
4556,2013-12-30 17:30:00,381.43637
4556,2013-12-30 17:40:00,332.64255
4556,2013-12-30 17:50:00,303.18597
4556,2013-12-30 18:00:00,299.36978
4556,2013-12-30 18:10:00,313.01932
4556,2013-12-30 18:20:00,314.4152
4556,2013-12-30 18:30:00,375.31683
4556,2013-12-30 18:40:00,330.23593
4556,2013-12-30 18:50:00,374.03635
4556,2013-12-30 19:00:00,396.55792
4556,2013-12-30 19:10:00,406.85126
4556,2013-12-30 19:20:00,434.12827
4556,2013-12-30 19:30:00,389.39893
4556,2013-12-30 19:40:00,417.50897
4556,2013-12-30 19:50:00,460.1097
4556,2013-12-30 20:00:00,457.54333
4556,2013-12-30 20:10:00,490.35007
4556,2013-12-30 20:20:00,464.44504
4556,2013-12-30 20:30:00,461.02197
4556,2013-12-30 20:40:00,486.06494
4556,2013-12-30 20:50:00,510.49304
4556,2013-12-30 21:00:00,458.255
4556,2013-12-30 21:10:00,414.98935
4556,2013-12-30 21:20:00,490.37015
4556,2013-12-30 21:30:00,435.27316
4556,2013-12-30 21:40:00,475.0914
4556,2013-12-30 21:50:00,430.2588
4556,2013-12-30 22:00:00,451.51285
4556,2013-12-30 22:10:00,395.60498
4556,2013-12-30 22:20:00,427.2235
4556,2013-12-30 22:30:00,415.10873
4556,2013-12-30 22:40:00,380.71463
4556,2013-12-30 22:50:00,383.28256
4556,2013-12-30 23:00:00,390.4903
4556,2013-12-30 23:10:00,347.84793
4556,2013-12-30 23:20:00,318.49203
4556,2013-12-30 23:30:00,302.61432
4556,2013-12-30 23:40:00,301.9833
4556,2013-12-30 23:50:00,252.08951
4556,2013-12-31 00:00:00,280.6512
4556,2013-12-31 00:10:00,288.6916
4556,2013-12-31 00:20:00,261.0892
4556,2013-12-31 00:30:00,257.03842
4556,2013-12-31 00:40:00,196.12929
4556,2013-12-31 00:50:00,211.28246
4556,2013-12-31 01:00:00,246.22227
4556,2013-12-31 01:10:00,205.58974
4556,2013-12-31 01:20:00,179.1841
4556,2013-12-31 01:30:00,171.91557
4556,2013-12-31 01:40:00,139.07771
4556,2013-12-31 01:50:00,127.94451
4556,2013-12-31 02:00:00,148.7061
4556,2013-12-31 02:10:00,132.7876
4556,2013-12-31 02:20:00,133.42094
4556,2013-12-31 02:30:00,119.85974
4556,2013-12-31 02:40:00,119.41589
4556,2013-12-31 02:50:00,118.80465
4556,2013-12-31 03:00:00,118.05662
4556,2013-12-31 03:10:00,108.26885
4556,2013-12-31 03:20:00,97.31729
4556,2013-12-31 03:30:00,93.57978
4556,2013-12-31 03:40:00,101.09687
4556,2013-12-31 03:50:00,91.72079
4556,2013-12-31 04:00:00,98.479935
4556,2013-12-31 04:10:00,96.5751
4556,2013-12-31 04:20:00,111.46487
4556,2013-12-31 04:30:00,104.12677
4556,2013-12-31 04:40:00,107.67875
4556,2013-12-31 04:50:00,93.586716
4556,2013-12-31 05:00:00,93.72079
4556,2013-12-31 05:10:00,99.20716
4556,2013-12-31 05:20:00,99.98003
4556,2013-12-31 05:30:00,103.93262
4556,2013-12-31 05:40:00,98.30563
4556,2013-12-31 05:50:00,109.4607
4556,2013-12-31 06:00:00,117.054436
4556,2013-12-31 06:10:00,110.28145
4556,2013-12-31 06:20:00,122.72918
4556,2013-12-31 06:30:00,122.72076
4556,2013-12-31 06:40:00,144.04353
4556,2013-12-31 06:50:00,142.63957
4556,2013-12-31 07:00:00,146.84422
4556,2013-12-31 07:10:00,153.83224
4556,2013-12-31 07:20:00,178.47252
4556,2013-12-31 07:30:00,189.10294
4556,2013-12-31 07:40:00,188.05923
4556,2013-12-31 07:50:00,205.99854
4556,2013-12-31 08:00:00,194.17029
4556,2013-12-31 08:10:00,205.70416
4556,2013-12-31 08:20:00,187.45906
4556,2013-12-31 08:30:00,199.44606
4556,2013-12-31 08:40:00,187.03238
4556,2013-12-31 08:50:00,216.02112
4556,2013-12-31 09:00:00,211.28519
4556,2013-12-31 09:10:00,207.00108
4556,2013-12-31 09:20:00,203.40804
4556,2013-12-31 09:30:00,211.08913
4556,2013-12-31 09:40:00,208.51091
4556,2013-12-31 09:50:00,226.16951
4556,2013-12-31 10:00:00,295.44955
4556,2013-12-31 10:10:00,286.37796
4556,2013-12-31 10:20:00,248.8838
4556,2013-12-31 10:30:00,309.3476
4556,2013-12-31 10:40:00,259.23914
4556,2013-12-31 10:50:00,265.94952
4556,2013-12-31 11:00:00,288.44086
4556,2013-12-31 11:10:00,299.66476
4556,2013-12-31 11:20:00,258.6479
4556,2013-12-31 11:30:00,248.3294
4556,2013-12-31 11:40:00,276.58774
4556,2013-12-31 11:50:00,295.578
4556,2013-12-31 12:00:00,278.77084
4556,2013-12-31 12:10:00,306.96594
4556,2013-12-31 12:20:00,314.41367
4556,2013-12-31 12:30:00,265.08774
4556,2013-12-31 12:40:00,301.31577
4556,2013-12-31 12:50:00,314.15668
4556,2013-12-31 13:00:00,313.06097
4556,2013-12-31 13:10:00,332.52377
4556,2013-12-31 13:20:00,301.47015
4556,2013-12-31 13:30:00,347.38025
4556,2013-12-31 13:40:00,324.52246
4556,2013-12-31 13:50:00,375.62695
4556,2013-12-31 14:00:00,346.94165
4556,2013-12-31 14:10:00,341.65454
4556,2013-12-31 14:20:00,320.69482
4556,2013-12-31 14:30:00,287.1744
4556,2013-12-31 14:40:00,305.7352
4556,2013-12-31 14:50:00,299.90048
4556,2013-12-31 15:00:00,274.7742
4556,2013-12-31 15:10:00,325.3311
4556,2013-12-31 15:20:00,293.6642
4556,2013-12-31 15:30:00,261.77994
4556,2013-12-31 15:40:00,261.43616
4556,2013-12-31 15:50:00,235.51366
4556,2013-12-31 16:00:00,226.37234
4556,2013-12-31 16:10:00,263.19925
4556,2013-12-31 16:20:00,260.61127
4556,2013-12-31 16:30:00,239.3718
4556,2013-12-31 16:40:00,286.7016
4556,2013-12-31 16:50:00,284.96512
4556,2013-12-31 17:00:00,275.55624
4556,2013-12-31 17:10:00,276.64017
4556,2013-12-31 17:20:00,287.45917
4556,2013-12-31 17:30:00,327.34637
4556,2013-12-31 17:40:00,318.7311
4556,2013-12-31 17:50:00,317.0469
4556,2013-12-31 18:00:00,289.89108
4556,2013-12-31 18:10:00,321.28836
4556,2013-12-31 18:20:00,353.99362
4556,2013-12-31 18:30:00,348.5424
4556,2013-12-31 18:40:00,332.0504
4556,2013-12-31 18:50:00,297.71057
4556,2013-12-31 19:00:00,290.82047
4556,2013-12-31 19:10:00,341.40128
4556,2013-12-31 19:20:00,413.2874
4556,2013-12-31 19:30:00,396.52182
4556,2013-12-31 19:40:00,414.7282
4556,2013-12-31 19:50:00,402.1916
4556,2013-12-31 20:00:00,395.96994
4556,2013-12-31 20:10:00,432.50162
4556,2013-12-31 20:20:00,438.43365
4556,2013-12-31 20:30:00,494.37198
4556,2013-12-31 20:40:00,442.56866
4556,2013-12-31 20:50:00,447.88962
4556,2013-12-31 21:00:00,463.81393
4556,2013-12-31 21:10:00,443.62582
4556,2013-12-31 21:20:00,480.15036
4556,2013-12-31 21:30:00,450.7879
4556,2013-12-31 21:40:00,433.60873
4556,2013-12-31 21:50:00,414.9083
4556,2013-12-31 22:00:00,426.05142
4556,2013-12-31 22:10:00,365.36465
4556,2013-12-31 22:20:00,367.20746
4556,2013-12-31 22:30:00,393.57632
4556,2013-12-31 22:40:00,402.17416
4556,2013-12-31 22:50:00,390.044
4556,2013-12-31 23:00:00,473.34604
4556,2013-12-31 23:10:00,431.19394
4556,2013-12-31 23:20:00,406.57144
4556,2013-12-31 23:30:00,378.68124
4556,2013-12-31 23:40:00,352.78067
4556,2013-12-31 23:50:00,417.0903
4556,2014-01-01 00:00:00,361.49265
4556,2014-01-01 00:10:00,358.7754
4556,2014-01-01 00:20:00,358.45654
4556,2014-01-01 00:30:00,361.8599
4556,2014-01-01 00:40:00,333.93536
4556,2014-01-01 00:50:00,350.03583
4556,2014-01-01 01:00:00,373.90802
4556,2014-01-01 01:10:00,300.81903
4556,2014-01-01 01:20:00,296.8221
4556,2014-01-01 01:30:00,260.14517
4556,2014-01-01 01:40:00,317.903
4556,2014-01-01 01:50:00,342.54138
4556,2014-01-01 02:00:00,278.68967
4556,2014-01-01 02:10:00,287.91415
4556,2014-01-01 02:20:00,318.1994
4556,2014-01-01 02:30:00,300.3128
4556,2014-01-01 02:40:00,280.23672
4556,2014-01-01 02:50:00,281.86508
4556,2014-01-01 03:00:00,231.40578
4556,2014-01-01 03:10:00,219.41553
4556,2014-01-01 03:20:00,184.31366
4556,2014-01-01 03:30:00,197.02962
4556,2014-01-01 03:40:00,180.9131
4556,2014-01-01 03:50:00,178.26617
4556,2014-01-01 04:00:00,174.29265
4556,2014-01-01 04:10:00,179.96532
4556,2014-01-01 04:20:00,152.39345
4556,2014-01-01 04:30:00,159.2196
4556,2014-01-01 04:40:00,154.61855
4556,2014-01-01 04:50:00,161.26566
4556,2014-01-01 05:00:00,130.2631
4556,2014-01-01 05:10:00,132.45818
4556,2014-01-01 05:20:00,115.93108
4556,2014-01-01 05:30:00,108.76038
4556,2014-01-01 05:40:00,107.709625
4556,2014-01-01 05:50:00,106.345695
4556,2014-01-01 06:00:00,101.054955
4556,2014-01-01 06:10:00,96.95874
4556,2014-01-01 06:20:00,97.466354
4556,2014-01-01 06:30:00,120.75152
4556,2014-01-01 06:40:00,99.15987
4556,2014-01-01 06:50:00,103.96759
4556,2014-01-01 07:00:00,93.50029
4556,2014-01-01 07:10:00,83.61395
4556,2014-01-01 07:20:00,104.35965
4556,2014-01-01 07:30:00,107.462105
4556,2014-01-01 07:40:00,91.36501
4556,2014-01-01 07:50:00,107.35758
4556,2014-01-01 08:00:00,102.648575
4556,2014-01-01 08:10:00,103.918976
4556,2014-01-01 08:20:00,119.74359
4556,2014-01-01 08:30:00,119.72896
4556,2014-01-01 08:40:00,123.92943
4556,2014-01-01 08:50:00,123.54583
4556,2014-01-01 09:00:00,115.72848
4556,2014-01-01 09:10:00,151.63597
4556,2014-01-01 09:20:00,137.30379
4556,2014-01-01 09:30:00,151.74744
4556,2014-01-01 09:40:00,133.1064
4556,2014-01-01 09:50:00,157.08432
4556,2014-01-01 10:00:00,169.77602
4556,2014-01-01 10:10:00,142.92986
4556,2014-01-01 10:20:00,195.16183
4556,2014-01-01 10:30:00,167.34778
4556,2014-01-01 10:40:00,163.51546
4556,2014-01-01 10:50:00,192.71736
4556,2014-01-01 11:00:00,221.24576
4556,2014-01-01 11:10:00,206.40652
4556,2014-01-01 11:20:00,217.16748
4556,2014-01-01 11:30:00,204.99522
4556,2014-01-01 11:40:00,198.51723
4556,2014-01-01 11:50:00,222.91907
4556,2014-01-01 12:00:00,215.38588
4556,2014-01-01 12:10:00,217.68748
4556,2014-01-01 12:20:00,246.08943
4556,2014-01-01 12:30:00,228.98431
4556,2014-01-01 12:40:00,254.70673
4556,2014-01-01 12:50:00,266.0277
4556,2014-01-01 13:00:00,306.6283
4556,2014-01-01 13:10:00,247.06567
4556,2014-01-01 13:20:00,290.7754
4556,2014-01-01 13:30:00,264.2888
4556,2014-01-01 13:40:00,283.59427
4556,2014-01-01 13:50:00,285.313
4556,2014-01-01 14:00:00,304.8582
4556,2014-01-01 14:10:00,267.3916
4556,2014-01-01 14:20:00,292.7946
4556,2014-01-01 14:30:00,248.17029
4556,2014-01-01 14:40:00,233.06323
4556,2014-01-01 14:50:00,203.84108
4556,2014-01-01 15:00:00,280.43918
4556,2014-01-01 15:10:00,262.53278
4556,2014-01-01 15:20:00,345.28735
4556,2014-01-01 15:30:00,235.12158
4556,2014-01-01 15:40:00,233.42389
4556,2014-01-01 15:50:00,283.24164
4556,2014-01-01 16:00:00,263.64398
4556,2014-01-01 16:10:00,243.6293
4556,2014-01-01 16:20:00,267.2545
4556,2014-01-01 16:30:00,302.31308
4556,2014-01-01 16:40:00,311.01816
4556,2014-01-01 16:50:00,287.47876
4556,2014-01-01 17:00:00,291.1607
4556,2014-01-01 17:10:00,342.77216
4556,2014-01-01 17:20:00,295.94196
4556,2014-01-01 17:30:00,319.10007
4556,2014-01-01 17:40:00,274.15677
4556,2014-01-01 17:50:00,280.39444
4556,2014-01-01 18:00:00,324.2138
4556,2014-01-01 18:10:00,341.78226
4556,2014-01-01 18:20:00,352.45032
4556,2014-01-01 18:30:00,390.4368
4556,2014-01-01 18:40:00,379.95178
4556,2014-01-01 18:50:00,342.64194
4556,2014-01-01 19:00:00,341.1788
4556,2014-01-01 19:10:00,353.97165
4556,2014-01-01 19:20:00,394.1725
4556,2014-01-01 19:30:00,401.38974
4556,2014-01-01 19:40:00,400.0348
4556,2014-01-01 19:50:00,434.4416
4556,2014-01-01 20:00:00,437.66788
4556,2014-01-01 20:10:00,448.89462
4556,2014-01-01 20:20:00,434.98105
4556,2014-01-01 20:30:00,397.21927
4556,2014-01-01 20:40:00,417.32794
4556,2014-01-01 20:50:00,384.7938
4556,2014-01-01 21:00:00,484.6897
4556,2014-01-01 21:10:00,405.3282
4556,2014-01-01 21:20:00,331.38733
4556,2014-01-01 21:30:00,357.46048
4556,2014-01-01 21:40:00,400.09317
4556,2014-01-01 21:50:00,353.14926
4556,2014-01-01 22:00:00,396.9892
4556,2014-01-01 22:10:00,385.23657
4556,2014-01-01 22:20:00,333.21518
4556,2014-01-01 22:30:00,288.05914
4556,2014-01-01 22:40:00,274.72437
4556,2014-01-01 22:50:00,300.1345
5161,2013-10-31 23:00:00,379.97293
5161,2013-10-31 23:10:00,371.1227
5161,2013-10-31 23:20:00,429.29794
5161,2013-10-31 23:30:00,350.18423
5161,2013-10-31 23:40:00,268.58682
5161,2013-10-31 23:50:00,326.72635
5161,2013-11-01 00:00:00,212.33278
5161,2013-11-01 00:10:00,231.64255
5161,2013-11-01 00:20:00,187.80208
5161,2013-11-01 00:30:00,234.2374
5161,2013-11-01 00:40:00,174.65265
5161,2013-11-01 00:50:00,163.1665
5161,2013-11-01 01:00:00,146.731
5161,2013-11-01 01:10:00,160.21448
5161,2013-11-01 01:20:00,131.28262
5161,2013-11-01 01:30:00,140.67812
5161,2013-11-01 01:40:00,172.02359
5161,2013-11-01 01:50:00,166.28693
5161,2013-11-01 02:00:00,126.676216
5161,2013-11-01 02:10:00,137.7911
5161,2013-11-01 02:20:00,160.20485
5161,2013-11-01 02:30:00,128.46297
5161,2013-11-01 02:40:00,125.33731
5161,2013-11-01 02:50:00,135.88809
5161,2013-11-01 03:00:00,116.53696
5161,2013-11-01 03:10:00,111.60562
5161,2013-11-01 03:20:00,130.75717
5161,2013-11-01 03:30:00,104.88003
5161,2013-11-01 03:40:00,123.733635
5161,2013-11-01 03:50:00,133.82503
5161,2013-11-01 04:00:00,115.54979
5161,2013-11-01 04:10:00,144.48619
5161,2013-11-01 04:20:00,169.00014
5161,2013-11-01 04:30:00,107.0077
5161,2013-11-01 04:40:00,122.135284
5161,2013-11-01 04:50:00,134.75923
5161,2013-11-01 05:00:00,173.82527
5161,2013-11-01 05:10:00,147.94203
5161,2013-11-01 05:20:00,169.00839
5161,2013-11-01 05:30:00,165.70581
5161,2013-11-01 05:40:00,186.68495
5161,2013-11-01 05:50:00,201.17188
5161,2013-11-01 06:00:00,167.58363
5161,2013-11-01 06:10:00,168.1304
5161,2013-11-01 06:20:00,200.66805
5161,2013-11-01 06:30:00,167.8663
5161,2013-11-01 06:40:00,238.34293
5161,2013-11-01 06:50:00,249.75131
5161,2013-11-01 07:00:00,213.69228
5161,2013-11-01 07:10:00,190.54875
5161,2013-11-01 07:20:00,187.94547
5161,2013-11-01 07:30:00,240.91641
5161,2013-11-01 07:40:00,279.94388
5161,2013-11-01 07:50:00,240.43263
5161,2013-11-01 08:00:00,221.80194
5161,2013-11-01 08:10:00,345.13077
5161,2013-11-01 08:20:00,372.86047
5161,2013-11-01 08:30:00,319.3891
5161,2013-11-01 08:40:00,392.99838
5161,2013-11-01 08:50:00,638.40576
5161,2013-11-01 09:00:00,548.5708
5161,2013-11-01 09:10:00,666.2046
5161,2013-11-01 09:20:00,697.6888
5161,2013-11-01 09:30:00,1243.952
5161,2013-11-01 09:40:00,1068.301
5161,2013-11-01 09:50:00,1035.5774
5161,2013-11-01 10:00:00,1538.4138
5161,2013-11-01 10:10:00,1318.7714
5161,2013-11-01 10:20:00,1688.3177
5161,2013-11-01 10:30:00,2154.8179
5161,2013-11-01 10:40:00,1835.0947
5161,2013-11-01 10:50:00,2024.5667
5161,2013-11-01 11:00:00,2093.1934
5161,2013-11-01 11:10:00,2302.4646
5161,2013-11-01 11:20:00,2747.338
5161,2013-11-01 11:30:00,2892.3586
5161,2013-11-01 11:40:00,2671.407
5161,2013-11-01 11:50:00,3363.7952
5161,2013-11-01 12:00:00,2833.562
5161,2013-11-01 12:10:00,3148.7488
5161,2013-11-01 12:20:00,3313.6472
5161,2013-11-01 12:30:00,3291.4316
5161,2013-11-01 12:40:00,3249.712
5161,2013-11-01 12:50:00,3519.0247
5161,2013-11-01 13:00:00,3561.2698
5161,2013-11-01 13:10:00,3521.8184
5161,2013-11-01 13:20:00,3331.0718
5161,2013-11-01 13:30:00,3673.116
5161,2013-11-01 13:40:00,3526.9604
5161,2013-11-01 13:50:00,3566.7764
5161,2013-11-01 14:00:00,4786.5957
5161,2013-11-01 14:10:00,3852.5596
5161,2013-11-01 14:20:00,3553.7415
5161,2013-11-01 14:30:00,3984.877
5161,2013-11-01 14:40:00,3616.0874
5161,2013-11-01 14:50:00,4438.8696
5161,2013-11-01 15:00:00,4385.462
5161,2013-11-01 15:10:00,5012.5845
5161,2013-11-01 15:20:00,4501.1807
5161,2013-11-01 15:30:00,4467.244
5161,2013-11-01 15:40:00,4636.895
5161,2013-11-01 15:50:00,4601.937
5161,2013-11-01 16:00:00,4492.3906
5161,2013-11-01 16:10:00,4473.03
5161,2013-11-01 16:20:00,4758.4663
5161,2013-11-01 16:30:00,4535.981
5161,2013-11-01 16:40:00,5063.9717
5161,2013-11-01 16:50:00,4833.545
5161,2013-11-01 17:00:00,4887.7046
5161,2013-11-01 17:10:00,4562.538
5161,2013-11-01 17:20:00,3912.3992
5161,2013-11-01 17:30:00,3911.0718
5161,2013-11-01 17:40:00,4390.847
5161,2013-11-01 17:50:00,3647.7764
5161,2013-11-01 18:00:00,3424.9321
5161,2013-11-01 18:10:00,3459.1238
5161,2013-11-01 18:20:00,3064.5295
5161,2013-11-01 18:30:00,3044.1853
5161,2013-11-01 18:40:00,2865.7544
5161,2013-11-01 18:50:00,2748.2988
5161,2013-11-01 19:00:00,2481.1033
5161,2013-11-01 19:10:00,2288.49
5161,2013-11-01 19:20:00,1869.2072
5161,2013-11-01 19:30:00,1705.4849
5161,2013-11-01 19:40:00,1773.2513
5161,2013-11-01 19:50:00,1818.0271
5161,2013-11-01 20:00:00,1456.8466
5161,2013-11-01 20:10:00,1236.3167
5161,2013-11-01 20:20:00,1180.7887
5161,2013-11-01 20:30:00,1202.7675
5161,2013-11-01 20:40:00,931.08813
5161,2013-11-01 20:50:00,1035.5615
5161,2013-11-01 21:00:00,1109.8716
5161,2013-11-01 21:10:00,1171.1151
5161,2013-11-01 21:20:00,1160.5278
5161,2013-11-01 21:30:00,943.09717
5161,2013-11-01 21:40:00,694.45447
5161,2013-11-01 21:50:00,676.8163
5161,2013-11-01 22:00:00,557.1828
5161,2013-11-01 22:10:00,654.1044
5161,2013-11-01 22:20:00,671.6373
5161,2013-11-01 22:30:00,741.8164
5161,2013-11-01 22:40:00,591.198
5161,2013-11-01 22:50:00,480.75482
5161,2013-11-01 23:00:00,300.64392
5161,2013-11-01 23:10:00,542.3052
5161,2013-11-01 23:20:00,457.23843
5161,2013-11-01 23:30:00,270.8519
5161,2013-11-01 23:40:00,314.71155
5161,2013-11-01 23:50:00,232.7288
5161,2013-11-02 00:00:00,179.01506
5161,2013-11-02 00:10:00,187.24101
5161,2013-11-02 00:20:00,216.45963
5161,2013-11-02 00:30:00,193.21896
5161,2013-11-02 00:40:00,198.52818
5161,2013-11-02 00:50:00,165.41632
5161,2013-11-02 01:00:00,141.3078
5161,2013-11-02 01:10:00,183.71149
5161,2013-11-02 01:20:00,161.74928
5161,2013-11-02 01:30:00,133.47728
5161,2013-11-02 01:40:00,157.62798
5161,2013-11-02 01:50:00,145.82347
5161,2013-11-02 02:00:00,136.09993
5161,2013-11-02 02:10:00,148.99535
5161,2013-11-02 02:20:00,139.35437
5161,2013-11-02 02:30:00,128.10011
5161,2013-11-02 02:40:00,147.59357
5161,2013-11-02 02:50:00,143.45059
5161,2013-11-02 03:00:00,121.63875
5161,2013-11-02 03:10:00,199.58801
5161,2013-11-02 03:20:00,186.07153
5161,2013-11-02 03:30:00,172.52637
5161,2013-11-02 03:40:00,288.05734
5161,2013-11-02 03:50:00,215.38379
5161,2013-11-02 04:00:00,252.40695
5161,2013-11-02 04:10:00,183.97688
5161,2013-11-02 04:20:00,183.28822
5161,2013-11-02 04:30:00,150.17801
5161,2013-11-02 04:40:00,146.52614
5161,2013-11-02 04:50:00,143.99266
5161,2013-11-02 05:00:00,117.47195
5161,2013-11-02 05:10:00,148.50221
5161,2013-11-02 05:20:00,154.76053
5161,2013-11-02 05:30:00,167.16602
5161,2013-11-02 05:40:00,171.79858
5161,2013-11-02 05:50:00,189.75456
5161,2013-11-02 06:00:00,191.741
5161,2013-11-02 06:10:00,178.8318
5161,2013-11-02 06:20:00,166.2935
5161,2013-11-02 06:30:00,145.54857
5161,2013-11-02 06:40:00,183.16138
5161,2013-11-02 06:50:00,183.97903
5161,2013-11-02 07:00:00,174.2138
5161,2013-11-02 07:10:00,178.2121
5161,2013-11-02 07:20:00,189.96144
5161,2013-11-02 07:30:00,279.84915
5161,2013-11-02 07:40:00,237.53706
5161,2013-11-02 07:50:00,263.76172
5161,2013-11-02 08:00:00,329.21576
5161,2013-11-02 08:10:00,396.07126
5161,2013-11-02 08:20:00,852.2459
5161,2013-11-02 08:30:00,440.06827
5161,2013-11-02 08:40:00,719.684
5161,2013-11-02 08:50:00,652.8582
5161,2013-11-02 09:00:00,781.98083
5161,2013-11-02 09:10:00,868.2851
5161,2013-11-02 09:20:00,1118.4288
5161,2013-11-02 09:30:00,1233.6586
5161,2013-11-02 09:40:00,2228.1467
5161,2013-11-02 09:50:00,1978.5239
5161,2013-11-02 10:00:00,1972.9512
5161,2013-11-02 10:10:00,2404.3345
5161,2013-11-02 10:20:00,2215.5564
5161,2013-11-02 10:30:00,2565.3037
5161,2013-11-02 10:40:00,3273.9355
5161,2013-11-02 10:50:00,3813.4014
5161,2013-11-02 11:00:00,3483.1326
5161,2013-11-02 11:10:00,3296.1575
5161,2013-11-02 11:20:00,3808.134
5161,2013-11-02 11:30:00,3674.6414
5161,2013-11-02 11:40:00,4698.479
5161,2013-11-02 11:50:00,4791.586
5161,2013-11-02 12:00:00,3831.045
5161,2013-11-02 12:10:00,4165.2334
5161,2013-11-02 12:20:00,4648.005
5161,2013-11-02 12:30:00,5370.471
5161,2013-11-02 12:40:00,4754.9634
5161,2013-11-02 12:50:00,8044.0703
5161,2013-11-02 13:00:00,4584.1074
5161,2013-11-02 13:10:00,4547.739
5161,2013-11-02 13:20:00,5669.5767
5161,2013-11-02 13:30:00,4989.894
5161,2013-11-02 13:40:00,4966.2075
5161,2013-11-02 13:50:00,4615.358
5161,2013-11-02 14:00:00,5385.148
5161,2013-11-02 14:10:00,5358.934
5161,2013-11-02 14:20:00,5402.368
5161,2013-11-02 14:30:00,5517.3076
5161,2013-11-02 14:40:00,4773.766
5161,2013-11-02 14:50:00,5342.809
5161,2013-11-02 15:00:00,5163.3853
5161,2013-11-02 15:10:00,5341.3535
5161,2013-11-02 15:20:00,5764.281
5161,2013-11-02 15:30:00,5493.44
5161,2013-11-02 15:40:00,5338.8877
5161,2013-11-02 15:50:00,5332.322
5161,2013-11-02 16:00:00,5176.3286
5161,2013-11-02 16:10:00,4976.5176
5161,2013-11-02 16:20:00,4890.354
5161,2013-11-02 16:30:00,5400.149
5161,2013-11-02 16:40:00,4645.8945
5161,2013-11-02 16:50:00,5158.739
5161,2013-11-02 17:00:00,5575.5693
5161,2013-11-02 17:10:00,4172.483
5161,2013-11-02 17:20:00,4605.869
5161,2013-11-02 17:30:00,4813.2363
5161,2013-11-02 17:40:00,4005.7976
5161,2013-11-02 17:50:00,3622.9739
5161,2013-11-02 18:00:00,3803.4153
5161,2013-11-02 18:10:00,3460.088
5161,2013-11-02 18:20:00,3704.5698
5161,2013-11-02 18:30:00,3607.143
5161,2013-11-02 18:40:00,3017.7131
5161,2013-11-02 18:50:00,3249.0676
5161,2013-11-02 19:00:00,2733.3586
5161,2013-11-02 19:10:00,2702.2937
5161,2013-11-02 19:20:00,2108.2964
5161,2013-11-02 19:30:00,1902.9462
5161,2013-11-02 19:40:00,1987.6289
5161,2013-11-02 19:50:00,1673.3528
5161,2013-11-02 20:00:00,1946.526
5161,2013-11-02 20:10:00,1189.1097
5161,2013-11-02 20:20:00,1618.3326
5161,2013-11-02 20:30:00,1628.3291
5161,2013-11-02 20:40:00,1094.3888
5161,2013-11-02 20:50:00,1547.7048
5161,2013-11-02 21:00:00,1402.4652
5161,2013-11-02 21:10:00,1378.4828
5161,2013-11-02 21:20:00,1215.7096
5161,2013-11-02 21:30:00,1171.5894
5161,2013-11-02 21:40:00,1593.3763
5161,2013-11-02 21:50:00,870.7783
5161,2013-11-02 22:00:00,848.31
5161,2013-11-02 22:10:00,860.2668
5161,2013-11-02 22:20:00,692.98627
5161,2013-11-02 22:30:00,764.55695
5161,2013-11-02 22:40:00,674.3055
5161,2013-11-02 22:50:00,581.31744
5161,2013-11-02 23:00:00,424.96426
5161,2013-11-02 23:10:00,520.13947
5161,2013-11-02 23:20:00,681.06683
5161,2013-11-02 23:30:00,595.91815
5161,2013-11-02 23:40:00,393.60385
5161,2013-11-02 23:50:00,481.63742
5161,2013-11-03 00:00:00,706.97766
5161,2013-11-03 00:10:00,503.78046
5161,2013-11-03 00:20:00,286.3523
5161,2013-11-03 00:30:00,246.35281
5161,2013-11-03 00:40:00,247.29767
5161,2013-11-03 00:50:00,183.43556
5161,2013-11-03 01:00:00,247.45801
5161,2013-11-03 01:10:00,247.1588
5161,2013-11-03 01:20:00,604.86456
5161,2013-11-03 01:30:00,178.28415
5161,2013-11-03 01:40:00,185.02567
5161,2013-11-03 01:50:00,140.05986
5161,2013-11-03 02:00:00,199.02563
5161,2013-11-03 02:10:00,232.22917
5161,2013-11-03 02:20:00,216.6776
5161,2013-11-03 02:30:00,171.48227
5161,2013-11-03 02:40:00,174.41197
5161,2013-11-03 02:50:00,133.10414
5161,2013-11-03 03:00:00,164.0036
5161,2013-11-03 03:10:00,196.99199
5161,2013-11-03 03:20:00,145.9573
5161,2013-11-03 03:30:00,183.61462
5161,2013-11-03 03:40:00,149.65778
5161,2013-11-03 03:50:00,127.800934
5161,2013-11-03 04:00:00,143.80553
5161,2013-11-03 04:10:00,158.68571
5161,2013-11-03 04:20:00,118.65399
5161,2013-11-03 04:30:00,157.88054
5161,2013-11-03 04:40:00,177.61923
5161,2013-11-03 04:50:00,123.740265
5161,2013-11-03 05:00:00,178.10054
5161,2013-11-03 05:10:00,166.04265
5161,2013-11-03 05:20:00,128.41086
5161,2013-11-03 05:30:00,192.32262
5161,2013-11-03 05:40:00,172.41179
5161,2013-11-03 05:50:00,152.85294
5161,2013-11-03 06:00:00,191.45726
5161,2013-11-03 06:10:00,195.39491
5161,2013-11-03 06:20:00,160.05908
5161,2013-11-03 06:30:00,251.55473
5161,2013-11-03 06:40:00,209.77281
5161,2013-11-03 06:50:00,162.34262
5161,2013-11-03 07:00:00,212.55672
5161,2013-11-03 07:10:00,231.76979
5161,2013-11-03 07:20:00,180.64034
5161,2013-11-03 07:30:00,212.68832
5161,2013-11-03 07:40:00,233.36082
5161,2013-11-03 07:50:00,473.4109
5161,2013-11-03 08:00:00,277.58246
5161,2013-11-03 08:10:00,268.7539
5161,2013-11-03 08:20:00,259.78412
5161,2013-11-03 08:30:00,342.76498
5161,2013-11-03 08:40:00,713.2873
5161,2013-11-03 08:50:00,420.6496
5161,2013-11-03 09:00:00,461.09924
5161,2013-11-03 09:10:00,530.71136
5161,2013-11-03 09:20:00,960.34576
5161,2013-11-03 09:30:00,697.8583
5161,2013-11-03 09:40:00,820.7865
5161,2013-11-03 09:50:00,932.82794
5161,2013-11-03 10:00:00,1033.0295
5161,2013-11-03 10:10:00,1312.8007
5161,2013-11-03 10:20:00,1601.3823
5161,2013-11-03 10:30:00,1852.5513
5161,2013-11-03 10:40:00,2090.3452
5161,2013-11-03 10:50:00,2313.3489
5161,2013-11-03 11:00:00,2085.5989
5161,2013-11-03 11:10:00,1968.0083
5161,2013-11-03 11:20:00,2257.217
5161,2013-11-03 11:30:00,2456.9463
5161,2013-11-03 11:40:00,2479.5923
5161,2013-11-03 11:50:00,2730.4011
5161,2013-11-03 12:00:00,3109.9795
5161,2013-11-03 12:10:00,3129.103
5161,2013-11-03 12:20:00,2793.7825
5161,2013-11-03 12:30:00,2523.5867
5161,2013-11-03 12:40:00,2822.4983
5161,2013-11-03 12:50:00,2557.1367
5161,2013-11-03 13:00:00,3297.9167
5161,2013-11-03 13:10:00,3068.269
5161,2013-11-03 13:20:00,3314.3147
5161,2013-11-03 13:30:00,4450.648
5161,2013-11-03 13:40:00,3503.3323
5161,2013-11-03 13:50:00,3710.7354
5161,2013-11-03 14:00:00,4601.139
5161,2013-11-03 14:10:00,3621.2195
5161,2013-11-03 14:20:00,2964.1252
5161,2013-11-03 14:30:00,3496.481
5161,2013-11-03 14:40:00,3665.1536
5161,2013-11-03 14:50:00,3622.5393
5161,2013-11-03 15:00:00,3996.0818
5161,2013-11-03 15:10:00,3753.0215
5161,2013-11-03 15:20:00,3634.772
5161,2013-11-03 15:30:00,4895.725
5161,2013-11-03 15:40:00,3923.0325
5161,2013-11-03 15:50:00,3919.2363
5161,2013-11-03 16:00:00,4008.0818
5161,2013-11-03 16:10:00,4469.5303
5161,2013-11-03 16:20:00,3857.1765
5161,2013-11-03 16:30:00,3907.6145
5161,2013-11-03 16:40:00,4163.3584
5161,2013-11-03 16:50:00,3427.4507
5161,2013-11-03 17:00:00,3717.4807
5161,2013-11-03 17:10:00,3949.0796
5161,2013-11-03 17:20:00,3861.1272
5161,2013-11-03 17:30:00,3430.681
5161,2013-11-03 17:40:00,3516.2053
5161,2013-11-03 17:50:00,3183.0276
5161,2013-11-03 18:00:00,3209.6565
5161,2013-11-03 18:10:00,2963.9329
5161,2013-11-03 18:20:00,2317.8416
5161,2013-11-03 18:30:00,2458.379
5161,2013-11-03 18:40:00,2189.073
5161,2013-11-03 18:50:00,2035.0841
5161,2013-11-03 19:00:00,1825.858
5161,2013-11-03 19:10:00,1706.4469
5161,2013-11-03 19:20:00,1772.779
5161,2013-11-03 19:30:00,1624.7125
5161,2013-11-03 19:40:00,1218.6228
5161,2013-11-03 19:50:00,1139.3281
5161,2013-11-03 20:00:00,919.62885
5161,2013-11-03 20:10:00,898.0173
5161,2013-11-03 20:20:00,974.4675
5161,2013-11-03 20:30:00,963.1224
5161,2013-11-03 20:40:00,1320.8456
5161,2013-11-03 20:50:00,1798.2065
5161,2013-11-03 21:00:00,1295.1154
5161,2013-11-03 21:10:00,1661.5886
5161,2013-11-03 21:20:00,1145.9377
5161,2013-11-03 21:30:00,1107.6381
5161,2013-11-03 21:40:00,741.06335
5161,2013-11-03 21:50:00,488.6548
5161,2013-11-03 22:00:00,657.4877
5161,2013-11-03 22:10:00,514.42645
5161,2013-11-03 22:20:00,476.5795
5161,2013-11-03 22:30:00,494.46405
5161,2013-11-03 22:40:00,353.9061
5161,2013-11-03 22:50:00,535.89685
5161,2013-11-03 23:00:00,416.80618
5161,2013-11-03 23:10:00,362.2491
5161,2013-11-03 23:20:00,291.75198
5161,2013-11-03 23:30:00,325.92828
5161,2013-11-03 23:40:00,231.0769
5161,2013-11-03 23:50:00,225.40793
5161,2013-11-04 00:00:00,256.82782
5161,2013-11-04 00:10:00,217.55632
5161,2013-11-04 00:20:00,185.2193
5161,2013-11-04 00:30:00,225.54951
5161,2013-11-04 00:40:00,376.76947
5161,2013-11-04 00:50:00,153.9402
5161,2013-11-04 01:00:00,201.85149
5161,2013-11-04 01:10:00,194.18033
5161,2013-11-04 01:20:00,152.1616
5161,2013-11-04 01:30:00,194.01138
5161,2013-11-04 01:40:00,182.44774
5161,2013-11-04 01:50:00,154.64217
5161,2013-11-04 02:00:00,187.04898
5161,2013-11-04 02:10:00,176.35114
5161,2013-11-04 02:20:00,151.27951
5161,2013-11-04 02:30:00,190.88205
5161,2013-11-04 02:40:00,183.27771
5161,2013-11-04 02:50:00,150.39491
5161,2013-11-04 03:00:00,182.60226
5161,2013-11-04 03:10:00,171.80193
5161,2013-11-04 03:20:00,158.29599
5161,2013-11-04 03:30:00,196.24144
5161,2013-11-04 03:40:00,175.6335
5161,2013-11-04 03:50:00,147.73776
5161,2013-11-04 04:00:00,186.87648
5161,2013-11-04 04:10:00,195.12633
5161,2013-11-04 04:20:00,170.66034
5161,2013-11-04 04:30:00,198.454
5161,2013-11-04 04:40:00,179.5214
5161,2013-11-04 04:50:00,143.90945
5161,2013-11-04 05:00:00,211.67468
5161,2013-11-04 05:10:00,183.6306
5161,2013-11-04 05:20:00,156.77698
5161,2013-11-04 05:30:00,198.20056
5161,2013-11-04 05:40:00,236.30571
5161,2013-11-04 05:50:00,171.0338
5161,2013-11-04 06:00:00,280.12167
5161,2013-11-04 06:10:00,268.9635
5161,2013-11-04 06:20:00,231.49718
5161,2013-11-04 06:30:00,365.06952
5161,2013-11-04 06:40:00,351.351
5161,2013-11-04 06:50:00,305.57196
5161,2013-11-04 07:00:00,474.32275
5161,2013-11-04 07:10:00,597.41925
5161,2013-11-04 07:20:00,483.61142
5161,2013-11-04 07:30:00,613.1346
5161,2013-11-04 07:40:00,626.9924
5161,2013-11-04 07:50:00,755.3698
5161,2013-11-04 08:00:00,912.8481
5161,2013-11-04 08:10:00,812.44183
5161,2013-11-04 08:20:00,940.1327
5161,2013-11-04 08:30:00,899.18317
5161,2013-11-04 08:40:00,925.48804
5161,2013-11-04 08:50:00,979.40607
5161,2013-11-04 09:00:00,1046.6846
5161,2013-11-04 09:10:00,1387.0729
5161,2013-11-04 09:20:00,1347.9319
5161,2013-11-04 09:30:00,1290.0043
5161,2013-11-04 09:40:00,1435.97
5161,2013-11-04 09:50:00,1425.0753
5161,2013-11-04 10:00:00,1736.4285
5161,2013-11-04 10:10:00,1545.1697
5161,2013-11-04 10:20:00,1632.38
5161,2013-11-04 10:30:00,1764.2369
5161,2013-11-04 10:40:00,1798.9894
5161,2013-11-04 10:50:00,1685.4163
5161,2013-11-04 11:00:00,1959.2864
5161,2013-11-04 11:10:00,2030.4097
5161,2013-11-04 11:20:00,2039.2532
5161,2013-11-04 11:30:00,2401.9138
5161,2013-11-04 11:40:00,1885.8461
5161,2013-11-04 11:50:00,2115.9504
5161,2013-11-04 12:00:00,2866.4312
5161,2013-11-04 12:10:00,2360.4067
5161,2013-11-04 12:20:00,2459.8826
5161,2013-11-04 12:30:00,2819.6448
5161,2013-11-04 12:40:00,3109.3596
5161,2013-11-04 12:50:00,2755.8276
5161,2013-11-04 13:00:00,3241.9548
5161,2013-11-04 13:10:00,2881.5056
5161,2013-11-04 13:20:00,2353.4897
5161,2013-11-04 13:30:00,2891.475
5161,2013-11-04 13:40:00,2564.8962
5161,2013-11-04 13:50:00,2308.1917
5161,2013-11-04 14:00:00,3062.487
5161,2013-11-04 14:10:00,2655.7903
5161,2013-11-04 14:20:00,3180.037
5161,2013-11-04 14:30:00,2731.4465
5161,2013-11-04 14:40:00,3104.419
5161,2013-11-04 14:50:00,2556.1235
5161,2013-11-04 15:00:00,3011.5142
5161,2013-11-04 15:10:00,2394.6396
5161,2013-11-04 15:20:00,3255.6465
5161,2013-11-04 15:30:00,2377.2827
5161,2013-11-04 15:40:00,2103.044
5161,2013-11-04 15:50:00,2179.4211
5161,2013-11-04 16:00:00,2517.8853
5161,2013-11-04 16:10:00,2475.3794
5161,2013-11-04 16:20:00,2274.0918
5161,2013-11-04 16:30:00,2392.1104
5161,2013-11-04 16:40:00,2351.159
5161,2013-11-04 16:50:00,2147.6724
5161,2013-11-04 17:00:00,2162.0833
5161,2013-11-04 17:10:00,2027.6713
5161,2013-11-04 17:20:00,2480.3154
5161,2013-11-04 17:30:00,3408.634
5161,2013-11-04 17:40:00,1993.5709
5161,2013-11-04 17:50:00,2131.843
5161,2013-11-04 18:00:00,2136.7498
5161,2013-11-04 18:10:00,1592.6692
5161,2013-11-04 18:20:00,1638.1287
5161,2013-11-04 18:30:00,1614.3599
5161,2013-11-04 18:40:00,1980.352
5161,2013-11-04 18:50:00,1388.1442
5161,2013-11-04 19:00:00,1318.9364
5161,2013-11-04 19:10:00,1252.4991
5161,2013-11-04 19:20:00,1504.1177
5161,2013-11-04 19:30:00,1448.1388
5161,2013-11-04 19:40:00,1237.7543
5161,2013-11-04 19:50:00,1345.4757
5161,2013-11-04 20:00:00,1003.5634
5161,2013-11-04 20:10:00,1028.402
5161,2013-11-04 20:20:00,1053.0249
5161,2013-11-04 20:30:00,858.16925
5161,2013-11-04 20:40:00,1068.6102
5161,2013-11-04 20:50:00,863.00507
5161,2013-11-04 21:00:00,759.31995
5161,2013-11-04 21:10:00,701.495
5161,2013-11-04 21:20:00,625.15686
5161,2013-11-04 21:30:00,627.27
5161,2013-11-04 21:40:00,547.384
5161,2013-11-04 21:50:00,502.81143
5161,2013-11-04 22:00:00,477.46765
5161,2013-11-04 22:10:00,507.28894
5161,2013-11-04 22:20:00,444.7975
5161,2013-11-04 22:30:00,456.3189
5161,2013-11-04 22:40:00,353.60806
5161,2013-11-04 22:50:00,386.58646
5161,2013-11-04 23:00:00,331.488
5161,2013-11-04 23:10:00,377.41968
5161,2013-11-04 23:20:00,392.46292
5161,2013-11-04 23:30:00,317.24615
5161,2013-11-04 23:40:00,259.73032
5161,2013-11-04 23:50:00,246.07924
5161,2013-11-05 00:00:00,276.29773
5161,2013-11-05 00:10:00,253.56108
5161,2013-11-05 00:20:00,209.06644
5161,2013-11-05 00:30:00,211.88387
5161,2013-11-05 00:40:00,230.03864
5161,2013-11-05 00:50:00,236.58414
5161,2013-11-05 01:00:00,219.09862
5161,2013-11-05 01:10:00,205.95491
5161,2013-11-05 01:20:00,163.11826
5161,2013-11-05 01:30:00,185.03091
5161,2013-11-05 01:40:00,186.5989
5161,2013-11-05 01:50:00,165.18274
5161,2013-11-05 02:00:00,177.565
5161,2013-11-05 02:10:00,166.0358
5161,2013-11-05 02:20:00,168.65091
5161,2013-11-05 02:30:00,195.00475
5161,2013-11-05 02:40:00,185.8589
5161,2013-11-05 02:50:00,162.20941
5161,2013-11-05 03:00:00,190.50972
5161,2013-11-05 03:10:00,184.3227
5161,2013-11-05 03:20:00,175.76338
5161,2013-11-05 03:30:00,193.2104
5161,2013-11-05 03:40:00,181.83452
5161,2013-11-05 03:50:00,176.36313
5161,2013-11-05 04:00:00,206.07947
5161,2013-11-05 04:10:00,185.78725
5161,2013-11-05 04:20:00,169.29936
5161,2013-11-05 04:30:00,184.83441
5161,2013-11-05 04:40:00,186.95767
5161,2013-11-05 04:50:00,173.23691
5161,2013-11-05 05:00:00,207.56897
5161,2013-11-05 05:10:00,211.81393
5161,2013-11-05 05:20:00,201.59056
5161,2013-11-05 05:30:00,242.48152
5161,2013-11-05 05:40:00,280.113
5161,2013-11-05 05:50:00,250.68408
5161,2013-11-05 06:00:00,267.54523
5161,2013-11-05 06:10:00,250.66579
5161,2013-11-05 06:20:00,334.3855
5161,2013-11-05 06:30:00,490.12097
5161,2013-11-05 06:40:00,402.98523
5161,2013-11-05 06:50:00,430.34604
5161,2013-11-05 07:00:00,552.056
5161,2013-11-05 07:10:00,488.27377
5161,2013-11-05 07:20:00,530.78235
5161,2013-11-05 07:30:00,627.53314
5161,2013-11-05 07:40:00,889.6848
5161,2013-11-05 07:50:00,1207.0679
5161,2013-11-05 08:00:00,870.0594
5161,2013-11-05 08:10:00,993.4786
5161,2013-11-05 08:20:00,1025.6704
5161,2013-11-05 08:30:00,1051.9781
5161,2013-11-05 08:40:00,1277.8075
5161,2013-11-05 08:50:00,1240.6349
5161,2013-11-05 09:00:00,1625.2516
5161,2013-11-05 09:10:00,1856.0638
5161,2013-11-05 09:20:00,1608.9186
5161,2013-11-05 09:30:00,1559.7102
5161,2013-11-05 09:40:00,1572.5527
5161,2013-11-05 09:50:00,1636.037
5161,2013-11-05 10:00:00,1973.3604
5161,2013-11-05 10:10:00,1875.3458
5161,2013-11-05 10:20:00,1978.2108
5161,2013-11-05 10:30:00,2003.6007
5161,2013-11-05 10:40:00,2134.1292
5161,2013-11-05 10:50:00,1924.6627
5161,2013-11-05 11:00:00,2426.9316
5161,2013-11-05 11:10:00,2069.669
5161,2013-11-05 11:20:00,2094.896
5161,2013-11-05 11:30:00,2320.24
5161,2013-11-05 11:40:00,2586.4783
5161,2013-11-05 11:50:00,2562.1138
5161,2013-11-05 12:00:00,2940.5405
5161,2013-11-05 12:10:00,3197.8018
5161,2013-11-05 12:20:00,3481.8945
5161,2013-11-05 12:30:00,3561.808
5161,2013-11-05 12:40:00,3286.973
5161,2013-11-05 12:50:00,2924.7507
5161,2013-11-05 13:00:00,3253.1052
5161,2013-11-05 13:10:00,3505.8918
5161,2013-11-05 13:20:00,3011.4128
5161,2013-11-05 13:30:00,2790.7805
5161,2013-11-05 13:40:00,2832.1855
5161,2013-11-05 13:50:00,2794.9834
5161,2013-11-05 14:00:00,2958.9487
5161,2013-11-05 14:10:00,2836.5942
5161,2013-11-05 14:20:00,2673.061
5161,2013-11-05 14:30:00,2447.4678
5161,2013-11-05 14:40:00,2811.9736
5161,2013-11-05 14:50:00,2628.231
5161,2013-11-05 15:00:00,2494.8616
5161,2013-11-05 15:10:00,2748.0212
5161,2013-11-05 15:20:00,2525.5728
5161,2013-11-05 15:30:00,3001.8127
5161,2013-11-05 15:40:00,2891.5747
5161,2013-11-05 15:50:00,2551.5002
5161,2013-11-05 16:00:00,3129.24
5161,2013-11-05 16:10:00,2912.7942
5161,2013-11-05 16:20:00,2375.2424
5161,2013-11-05 16:30:00,2676.7483
5161,2013-11-05 16:40:00,2570.0803
5161,2013-11-05 16:50:00,2893.764
5161,2013-11-05 17:00:00,2480.352
5161,2013-11-05 17:10:00,2375.6091
5161,2013-11-05 17:20:00,2620.4167
5161,2013-11-05 17:30:00,2251.4294
5161,2013-11-05 17:40:00,2078.485
5161,2013-11-05 17:50:00,2142.1904
5161,2013-11-05 18:00:00,2497.0842
5161,2013-11-05 18:10:00,2543.7637
5161,2013-11-05 18:20:00,2545.1326
5161,2013-11-05 18:30:00,2147.0605
5161,2013-11-05 18:40:00,2029.154
5161,2013-11-05 18:50:00,2163.7979
5161,2013-11-05 19:00:00,1815.9438
5161,2013-11-05 19:10:00,1919.2094
5161,2013-11-05 19:20:00,1750.9589
5161,2013-11-05 19:30:00,1512.1974
5161,2013-11-05 19:40:00,1541.8611
5161,2013-11-05 19:50:00,1417.9285
5161,2013-11-05 20:00:00,1628.7251
5161,2013-11-05 20:10:00,1267.4572
5161,2013-11-05 20:20:00,1179.208
5161,2013-11-05 20:30:00,1336.903
5161,2013-11-05 20:40:00,1446.564
5161,2013-11-05 20:50:00,914.5187
5161,2013-11-05 21:00:00,1101.3596
5161,2013-11-05 21:10:00,879.3463
5161,2013-11-05 21:20:00,976.30853
5161,2013-11-05 21:30:00,984.33545
5161,2013-11-05 21:40:00,676.4701
5161,2013-11-05 21:50:00,853.01843
5161,2013-11-05 22:00:00,709.4139
5161,2013-11-05 22:10:00,584.5261
5161,2013-11-05 22:20:00,655.7189
5161,2013-11-05 22:30:00,541.01733
5161,2013-11-05 22:40:00,615.86
5161,2013-11-05 22:50:00,512.4169
5161,2013-11-05 23:00:00,490.4661
5161,2013-11-05 23:10:00,453.8006
5161,2013-11-05 23:20:00,398.3751
5161,2013-11-05 23:30:00,310.91815
5161,2013-11-05 23:40:00,326.45596
5161,2013-11-05 23:50:00,297.70413
5161,2013-11-06 00:00:00,288.81854
5161,2013-11-06 00:10:00,270.13828
5161,2013-11-06 00:20:00,220.67169
5161,2013-11-06 00:30:00,253.9994
5161,2013-11-06 00:40:00,210.63022
5161,2013-11-06 00:50:00,211.44695
5161,2013-11-06 01:00:00,233.8936
5161,2013-11-06 01:10:00,216.6369
5161,2013-11-06 01:20:00,279.36606
5161,2013-11-06 01:30:00,225.4895
5161,2013-11-06 01:40:00,223.82645
5161,2013-11-06 01:50:00,212.89697
5161,2013-11-06 02:00:00,212.16994
5161,2013-11-06 02:10:00,196.72397
5161,2013-11-06 02:20:00,209.56007
5161,2013-11-06 02:30:00,226.85123
5161,2013-11-06 02:40:00,193.5063
5161,2013-11-06 02:50:00,186.75003
5161,2013-11-06 03:00:00,208.89577
5161,2013-11-06 03:10:00,208.84633
5161,2013-11-06 03:20:00,194.50308
5161,2013-11-06 03:30:00,198.81029
5161,2013-11-06 03:40:00,187.83653
5161,2013-11-06 03:50:00,198.89577
5161,2013-11-06 04:00:00,209.84529
5161,2013-11-06 04:10:00,196.90231
5161,2013-11-06 04:20:00,195.47687
5161,2013-11-06 04:30:00,220.71289
5161,2013-11-06 04:40:00,223.17691
5161,2013-11-06 04:50:00,206.18292
5161,2013-11-06 05:00:00,228.89485
5161,2013-11-06 05:10:00,193.09225
5161,2013-11-06 05:20:00,215.18866
5161,2013-11-06 05:30:00,224.34447
5161,2013-11-06 05:40:00,204.27614
5161,2013-11-06 05:50:00,227.3828
5161,2013-11-06 06:00:00,312.6965
5161,2013-11-06 06:10:00,308.3081
5161,2013-11-06 06:20:00,287.11765
5161,2013-11-06 06:30:00,319.6749
5161,2013-11-06 06:40:00,318.96277
5161,2013-11-06 06:50:00,401.87012
5161,2013-11-06 07:00:00,756.6741
5161,2013-11-06 07:10:00,696.51056
5161,2013-11-06 07:20:00,537.3487
5161,2013-11-06 07:30:00,659.6774
5161,2013-11-06 07:40:00,789.3713
5161,2013-11-06 07:50:00,808.00714
5161,2013-11-06 08:00:00,1069.5898
5161,2013-11-06 08:10:00,1018.87946
5161,2013-11-06 08:20:00,1050.3763
5161,2013-11-06 08:30:00,1182.843
5161,2013-11-06 08:40:00,1243.4496
5161,2013-11-06 08:50:00,1238.1326
5161,2013-11-06 09:00:00,1248.0294
5161,2013-11-06 09:10:00,1471.1395
5161,2013-11-06 09:20:00,1376.352
5161,2013-11-06 09:30:00,1633.9932
5161,2013-11-06 09:40:00,1559.5276
5161,2013-11-06 09:50:00,1924.0431
5161,2013-11-06 10:00:00,1656.1477
5161,2013-11-06 10:10:00,2000.7516
5161,2013-11-06 10:20:00,1793.3552
5161,2013-11-06 10:30:00,1955.366
5161,2013-11-06 10:40:00,2342.2488
5161,2013-11-06 10:50:00,2135.664
5161,2013-11-06 11:00:00,2036.8195
5161,2013-11-06 11:10:00,1938.5579
5161,2013-11-06 11:20:00,2202.0305
5161,2013-11-06 11:30:00,2262.085
5161,2013-11-06 11:40:00,2564.1082
5161,2013-11-06 11:50:00,2672.1826
5161,2013-11-06 12:00:00,2794.9988
5161,2013-11-06 12:10:00,2855.6372
5161,2013-11-06 12:20:00,2808.283
5161,2013-11-06 12:30:00,2886.4814
5161,2013-11-06 12:40:00,2719.6628
5161,2013-11-06 12:50:00,2767.8271
5161,2013-11-06 13:00:00,3306.4817
5161,2013-11-06 13:10:00,3859.0398
5161,2013-11-06 13:20:00,3010.6047
5161,2013-11-06 13:30:00,2661.2986
5161,2013-11-06 13:40:00,2929.1873
5161,2013-11-06 13:50:00,2773.4517
5161,2013-11-06 14:00:00,2643.9963
5161,2013-11-06 14:10:00,2330.9954
5161,2013-11-06 14:20:00,2677.394
5161,2013-11-06 14:30:00,2249.4053
5161,2013-11-06 14:40:00,2643.4744
5161,2013-11-06 14:50:00,2718.069
5161,2013-11-06 15:00:00,2802.6208
5161,2013-11-06 15:10:00,2546.2883
5161,2013-11-06 15:20:00,2833.3484
5161,2013-11-06 15:30:00,2537.2358
5161,2013-11-06 15:40:00,2306.344
5161,2013-11-06 15:50:00,2350.9458
5161,2013-11-06 16:00:00,2730.957
5161,2013-11-06 16:10:00,2337.367
5161,2013-11-06 16:20:00,2796.3723
5161,2013-11-06 16:30:00,2984.4214
5161,2013-11-06 16:40:00,2283.1938
5161,2013-11-06 16:50:00,2553.7986
5161,2013-11-06 17:00:00,2823.6016
5161,2013-11-06 17:10:00,2512.3132
5161,2013-11-06 17:20:00,2461.8281
5161,2013-11-06 17:30:00,2409.8418
5161,2013-11-06 17:40:00,2286.5295
5161,2013-11-06 17:50:00,2224.1567
5161,2013-11-06 18:00:00,2053.0715
5161,2013-11-06 18:10:00,2410.9875
5161,2013-11-06 18:20:00,2057.417
5161,2013-11-06 18:30:00,2189.8193
5161,2013-11-06 18:40:00,2018.094
5161,2013-11-06 18:50:00,2203.029
5161,2013-11-06 19:00:00,1666.4006
5161,2013-11-06 19:10:00,1545.3777
5161,2013-11-06 19:20:00,1810.2657
5161,2013-11-06 19:30:00,1488.7726
5161,2013-11-06 19:40:00,1534.5315
5161,2013-11-06 19:50:00,1271.8878
5161,2013-11-06 20:00:00,1382.3087
5161,2013-11-06 20:10:00,1376.3892
5161,2013-11-06 20:20:00,1193.3882
5161,2013-11-06 20:30:00,976.8125
5161,2013-11-06 20:40:00,1136.4188
5161,2013-11-06 20:50:00,1258.8589
5161,2013-11-06 21:00:00,1049.0326
5161,2013-11-06 21:10:00,1363.7062
5161,2013-11-06 21:20:00,1100.0798
5161,2013-11-06 21:30:00,1077.2461
5161,2013-11-06 21:40:00,950.6707
5161,2013-11-06 21:50:00,853.8024
5161,2013-11-06 22:00:00,963.0388
5161,2013-11-06 22:10:00,499.23038
5161,2013-11-06 22:20:00,702.8795
5161,2013-11-06 22:30:00,993.652
5161,2013-11-06 22:40:00,514.3874
5161,2013-11-06 22:50:00,439.6825
5161,2013-11-06 23:00:00,413.27444
5161,2013-11-06 23:10:00,419.8764
5161,2013-11-06 23:20:00,291.02286
5161,2013-11-06 23:30:00,275.8968
5161,2013-11-06 23:40:00,245.99165
5161,2013-11-06 23:50:00,266.2866
5161,2013-11-07 00:00:00,279.29816
5161,2013-11-07 00:10:00,234.32057
5161,2013-11-07 00:20:00,247.38298
5161,2013-11-07 00:30:00,269.0528
5161,2013-11-07 00:40:00,219.8231
5161,2013-11-07 00:50:00,258.69037
5161,2013-11-07 01:00:00,279.44577
5161,2013-11-07 01:10:00,271.5693
5161,2013-11-07 01:20:00,262.10483
5161,2013-11-07 01:30:00,267.7897
5161,2013-11-07 01:40:00,249.01285
5161,2013-11-07 01:50:00,210.54016
5161,2013-11-07 02:00:00,231.31062
5161,2013-11-07 02:10:00,200.97073
5161,2013-11-07 02:20:00,252.7472
5161,2013-11-07 02:30:00,261.02448
5161,2013-11-07 02:40:00,258.42056
5161,2013-11-07 02:50:00,227.82437
5161,2013-11-07 03:00:00,246.2194
5161,2013-11-07 03:10:00,223.58365
5161,2013-11-07 03:20:00,225.4501
5161,2013-11-07 03:30:00,243.51172
5161,2013-11-07 03:40:00,223.9925
5161,2013-11-07 03:50:00,227.1649
5161,2013-11-07 04:00:00,247.54204
5161,2013-11-07 04:10:00,246.17204
5161,2013-11-07 04:20:00,211.99557
5161,2013-11-07 04:30:00,239.3301
5161,2013-11-07 04:40:00,253.91647
5161,2013-11-07 04:50:00,236.80501
5161,2013-11-07 05:00:00,250.80669
5161,2013-11-07 05:10:00,289.00055
5161,2013-11-07 05:20:00,263.62845
5161,2013-11-07 05:30:00,302.91602
5161,2013-11-07 05:40:00,264.78793
5161,2013-11-07 05:50:00,288.00092
5161,2013-11-07 06:00:00,322.61075
5161,2013-11-07 06:10:00,351.31985
5161,2013-11-07 06:20:00,336.12646
5161,2013-11-07 06:30:00,366.03665
5161,2013-11-07 06:40:00,343.3436
5161,2013-11-07 06:50:00,437.7565
5161,2013-11-07 07:00:00,610.7681
5161,2013-11-07 07:10:00,681.46326
5161,2013-11-07 07:20:00,802.54346
5161,2013-11-07 07:30:00,875.59784
5161,2013-11-07 07:40:00,961.1181
5161,2013-11-07 07:50:00,921.36115
5161,2013-11-07 08:00:00,892.92584
5161,2013-11-07 08:10:00,930.61993
5161,2013-11-07 08:20:00,1075.4607
5161,2013-11-07 08:30:00,1383.5334
5161,2013-11-07 08:40:00,1296.0797
5161,2013-11-07 08:50:00,1345.43
5161,2013-11-07 09:00:00,1199.9829
5161,2013-11-07 09:10:00,1342.0453
5161,2013-11-07 09:20:00,1377.7369
5161,2013-11-07 09:30:00,1466.7386
5161,2013-11-07 09:40:00,1768.5497
5161,2013-11-07 09:50:00,1744.4614
5161,2013-11-07 10:00:00,1743.344
5161,2013-11-07 10:10:00,1802.7461
5161,2013-11-07 10:20:00,1935.6356
5161,2013-11-07 10:30:00,1912.1117
5161,2013-11-07 10:40:00,1961.6083
5161,2013-11-07 10:50:00,2093.073
5161,2013-11-07 11:00:00,2539.1511
5161,2013-11-07 11:10:00,2599.2527
5161,2013-11-07 11:20:00,2423.4197
5161,2013-11-07 11:30:00,2211.0205
5161,2013-11-07 11:40:00,2726.4448
5161,2013-11-07 11:50:00,2651.1401
5161,2013-11-07 12:00:00,2761.0955
5161,2013-11-07 12:10:00,2983.2058
5161,2013-11-07 12:20:00,3304.8806
5161,2013-11-07 12:30:00,2701.3494
5161,2013-11-07 12:40:00,2994.1326
5161,2013-11-07 12:50:00,3035.8542
5161,2013-11-07 13:00:00,3072.774
5161,2013-11-07 13:10:00,2910.7178
5161,2013-11-07 13:20:00,3683.277
5161,2013-11-07 13:30:00,2614.0579
5161,2013-11-07 13:40:00,2668.7095
5161,2013-11-07 13:50:00,2957.396
5161,2013-11-07 14:00:00,2593.3538
5161,2013-11-07 14:10:00,2967.9792
5161,2013-11-07 14:20:00,2832.1692
5161,2013-11-07 14:30:00,2711.9822
5161,2013-11-07 14:40:00,2510.7986
5161,2013-11-07 14:50:00,2452.4836
5161,2013-11-07 15:00:00,2456.8518
5161,2013-11-07 15:10:00,2943.959
5161,2013-11-07 15:20:00,2572.4912
5161,2013-11-07 15:30:00,3096.3076
5161,2013-11-07 15:40:00,2445.7715
5161,2013-11-07 15:50:00,2208.775
5161,2013-11-07 16:00:00,2289.7588
5161,2013-11-07 16:10:00,2475.732
5161,2013-11-07 16:20:00,2256.0479
5161,2013-11-07 16:30:00,2605.915
5161,2013-11-07 16:40:00,2772.3696
5161,2013-11-07 16:50:00,2716.2715
5161,2013-11-07 17:00:00,2456.819
5161,2013-11-07 17:10:00,2416.4963
5161,2013-11-07 17:20:00,2237.321
5161,2013-11-07 17:30:00,2352.8186
5161,2013-11-07 17:40:00,2358.767
5161,2013-11-07 17:50:00,1961.1506
5161,2013-11-07 18:00:00,2781.3809
5161,2013-11-07 18:10:00,2332.5918
5161,2013-11-07 18:20:00,2011.7659
5161,2013-11-07 18:30:00,2066.998
5161,2013-11-07 18:40:00,2322.964
5161,2013-11-07 18:50:00,2710.2378
5161,2013-11-07 19:00:00,1756.031
5161,2013-11-07 19:10:00,1570.8971
5161,2013-11-07 19:20:00,1557.682
5161,2013-11-07 19:30:00,1298.0648
5161,2013-11-07 19:40:00,1204.2072
5161,2013-11-07 19:50:00,1203.2405
5161,2013-11-07 20:00:00,1298.727
5161,2013-11-07 20:10:00,1340.5665
5161,2013-11-07 20:20:00,1018.01404
5161,2013-11-07 20:30:00,1364.9458
5161,2013-11-07 20:40:00,1399.9171
5161,2013-11-07 20:50:00,1078.1235
5161,2013-11-07 21:00:00,1360.8007
5161,2013-11-07 21:10:00,1090.3594
5161,2013-11-07 21:20:00,695.63586
5161,2013-11-07 21:30:00,678.10114
5161,2013-11-07 21:40:00,744.81915
5161,2013-11-07 21:50:00,624.878
5161,2013-11-07 22:00:00,612.65643
5161,2013-11-07 22:10:00,648.51166
5161,2013-11-07 22:20:00,684.5982
5161,2013-11-07 22:30:00,670.2885
5161,2013-11-07 22:40:00,518.5247
5161,2013-11-07 22:50:00,496.32516
5161,2013-11-07 23:00:00,424.53076
5161,2013-11-07 23:10:00,452.26562
5161,2013-11-07 23:20:00,458.5109
5161,2013-11-07 23:30:00,327.8287
5161,2013-11-07 23:40:00,372.00647
5161,2013-11-07 23:50:00,273.55353
5161,2013-11-08 00:00:00,251.41972
5161,2013-11-08 00:10:00,330.53174
5161,2013-11-08 00:20:00,309.15067
5161,2013-11-08 00:30:00,224.50418
5161,2013-11-08 00:40:00,285.90942
5161,2013-11-08 00:50:00,221.6969
5161,2013-11-08 01:00:00,217.91757
5161,2013-11-08 01:10:00,200.55923
5161,2013-11-08 01:20:00,243.42345
5161,2013-11-08 01:30:00,174.46208
5161,2013-11-08 01:40:00,195.50354
5161,2013-11-08 01:50:00,181.85498
5161,2013-11-08 02:00:00,262.4422
5161,2013-11-08 02:10:00,192.686
5161,2013-11-08 02:20:00,180.65352
5161,2013-11-08 02:30:00,176.84673
5161,2013-11-08 02:40:00,213.03557
5161,2013-11-08 02:50:00,300.528
5161,2013-11-08 03:00:00,194.87729
5161,2013-11-08 03:10:00,201.56543
5161,2013-11-08 03:20:00,191.29626
5161,2013-11-08 03:30:00,218.84618
5161,2013-11-08 03:40:00,209.40431
5161,2013-11-08 03:50:00,183.70505
5161,2013-11-08 04:00:00,171.9013
5161,2013-11-08 04:10:00,199.34314
5161,2013-11-08 04:20:00,169.91492
5161,2013-11-08 04:30:00,177.03334
5161,2013-11-08 04:40:00,210.89403
5161,2013-11-08 04:50:00,194.87723
5161,2013-11-08 05:00:00,168.20259
5161,2013-11-08 05:10:00,204.38324
5161,2013-11-08 05:20:00,203.0229
5161,2013-11-08 05:30:00,178.33337
5161,2013-11-08 05:40:00,289.98633
5161,2013-11-08 05:50:00,276.6656
5161,2013-11-08 06:00:00,236.05359
5161,2013-11-08 06:10:00,288.50482
5161,2013-11-08 06:20:00,283.5649
5161,2013-11-08 06:30:00,273.68237
5161,2013-11-08 06:40:00,334.1654
5161,2013-11-08 06:50:00,404.5658
5161,2013-11-08 07:00:00,352.76636
5161,2013-11-08 07:10:00,463.49365
5161,2013-11-08 07:20:00,481.3687
5161,2013-11-08 07:30:00,743.0089
5161,2013-11-08 07:40:00,726.1491
5161,2013-11-08 07:50:00,858.9049
5161,2013-11-08 08:00:00,832.928
5161,2013-11-08 08:10:00,1012.0366
5161,2013-11-08 08:20:00,956.75226
5161,2013-11-08 08:30:00,989.5891
5161,2013-11-08 08:40:00,1113.5726
5161,2013-11-08 08:50:00,1264.5304
5161,2013-11-08 09:00:00,1394.2771
5161,2013-11-08 09:10:00,1323.1444
5161,2013-11-08 09:20:00,1590.0968
5161,2013-11-08 09:30:00,1618.5352
5161,2013-11-08 09:40:00,1811.6053
5161,2013-11-08 09:50:00,1603.5356
5161,2013-11-08 10:00:00,1825.107
5161,2013-11-08 10:10:00,1861.8782
5161,2013-11-08 10:20:00,2009.6906
5161,2013-11-08 10:30:00,2110.8223
5161,2013-11-08 10:40:00,2435.3386
5161,2013-11-08 10:50:00,2134.032
5161,2013-11-08 11:00:00,2639.1167
5161,2013-11-08 11:10:00,2014.007
5161,2013-11-08 11:20:00,2445.6948
5161,2013-11-08 11:30:00,2190.702
5161,2013-11-08 11:40:00,2329.8164
5161,2013-11-08 11:50:00,2413.073
5161,2013-11-08 12:00:00,2560.0686
5161,2013-11-08 12:10:00,3238.8125
5161,2013-11-08 12:20:00,2745.818
5161,2013-11-08 12:30:00,3030.8555
5161,2013-11-08 12:40:00,3470.5051
5161,2013-11-08 12:50:00,3585.9988
5161,2013-11-08 13:00:00,3566.9368
5161,2013-11-08 13:10:00,3771.865
5161,2013-11-08 13:20:00,3202.3118
5161,2013-11-08 13:30:00,3241.2986
5161,2013-11-08 13:40:00,3020.9548
5161,2013-11-08 13:50:00,3104.6804
5161,2013-11-08 14:00:00,3180.8213
5161,2013-11-08 14:10:00,3354.2803
5161,2013-11-08 14:20:00,2780.2876
5161,2013-11-08 14:30:00,3611.6519
5161,2013-11-08 14:40:00,2996.589
5161,2013-11-08 14:50:00,2911.6294
5161,2013-11-08 15:00:00,2949.6377
5161,2013-11-08 15:10:00,3150.284
5161,2013-11-08 15:20:00,3193.3738
5161,2013-11-08 15:30:00,2877.9023
5161,2013-11-08 15:40:00,2869.048
5161,2013-11-08 15:50:00,2929.2888
5161,2013-11-08 16:00:00,2643.3157
5161,2013-11-08 16:10:00,2909.3635
5161,2013-11-08 16:20:00,2632.6865
5161,2013-11-08 16:30:00,2795.6492
5161,2013-11-08 16:40:00,2951.2422
5161,2013-11-08 16:50:00,2980.5933
5161,2013-11-08 17:00:00,2988.5671
5161,2013-11-08 17:10:00,2947.6687
5161,2013-11-08 17:20:00,2742.7693
5161,2013-11-08 17:30:00,2890.583
5161,2013-11-08 17:40:00,2687.816
5161,2013-11-08 17:50:00,2149.0383
5161,2013-11-08 18:00:00,2209.5413
5161,2013-11-08 18:10:00,2203.1006
5161,2013-11-08 18:20:00,1996.051
5161,2013-11-08 18:30:00,1941.8445
5161,2013-11-08 18:40:00,1713.9554
5161,2013-11-08 18:50:00,2030.643
5161,2013-11-08 19:00:00,1492.038
5161,2013-11-08 19:10:00,1497.5914
5161,2013-11-08 19:20:00,1673.6001
5161,2013-11-08 19:30:00,1396.9321
5161,2013-11-08 19:40:00,1417.6143
5161,2013-11-08 19:50:00,1678.0731
5161,2013-11-08 20:00:00,1478.9786
5161,2013-11-08 20:10:00,1201.002
5161,2013-11-08 20:20:00,1264.4102
5161,2013-11-08 20:30:00,890.7989
5161,2013-11-08 20:40:00,1128.733
5161,2013-11-08 20:50:00,1035.5928
5161,2013-11-08 21:00:00,1270.8967
5161,2013-11-08 21:10:00,1217.7224
5161,2013-11-08 21:20:00,839.9656
5161,2013-11-08 21:30:00,855.2154
5161,2013-11-08 21:40:00,1208.8318
5161,2013-11-08 21:50:00,560.89276
5161,2013-11-08 22:00:00,611.62646
5161,2013-11-08 22:10:00,516.3354
5161,2013-11-08 22:20:00,551.4859
5161,2013-11-08 22:30:00,580.4969
5161,2013-11-08 22:40:00,858.1077
5161,2013-11-08 22:50:00,606.67316
5161,2013-11-08 23:00:00,556.99945
5161,2013-11-08 23:10:00,551.3605
5161,2013-11-08 23:20:00,453.7208
5161,2013-11-08 23:30:00,643.4971
5161,2013-11-08 23:40:00,518.8946
5161,2013-11-08 23:50:00,379.83337
5161,2013-11-09 00:00:00,349.17654
5161,2013-11-09 00:10:00,359.50455
5161,2013-11-09 00:20:00,375.3659
5161,2013-11-09 00:30:00,392.19156
5161,2013-11-09 00:40:00,309.18375
5161,2013-11-09 00:50:00,300.44962
5161,2013-11-09 01:00:00,285.4973
5161,2013-11-09 01:10:00,247.28574
5161,2013-11-09 01:20:00,225.16951
5161,2013-11-09 01:30:00,254.61641
5161,2013-11-09 01:40:00,221.15532
5161,2013-11-09 01:50:00,206.84314
5161,2013-11-09 02:00:00,252.61546
5161,2013-11-09 02:10:00,192.49979
5161,2013-11-09 02:20:00,206.63914
5161,2013-11-09 02:30:00,250.62666
5161,2013-11-09 02:40:00,213.33517
5161,2013-11-09 02:50:00,211.81369
5161,2013-11-09 03:00:00,256.14282
5161,2013-11-09 03:10:00,195.01662
5161,2013-11-09 03:20:00,195.74461
5161,2013-11-09 03:30:00,230.73872
5161,2013-11-09 03:40:00,236.92354
5161,2013-11-09 03:50:00,199.04141
5161,2013-11-09 04:00:00,240.80646
5161,2013-11-09 04:10:00,202.85143
5161,2013-11-09 04:20:00,210.6884
5161,2013-11-09 04:30:00,236.74963
5161,2013-11-09 04:40:00,198.88174
5161,2013-11-09 04:50:00,195.20418
5161,2013-11-09 05:00:00,239.99542
5161,2013-11-09 05:10:00,185.9302
5161,2013-11-09 05:20:00,200.37227
5161,2013-11-09 05:30:00,256.29404
5161,2013-11-09 05:40:00,206.3237
5161,2013-11-09 05:50:00,217.09195
5161,2013-11-09 06:00:00,284.66104
5161,2013-11-09 06:10:00,229.91124
5161,2013-11-09 06:20:00,229.02162
5161,2013-11-09 06:30:00,295.4242
5161,2013-11-09 06:40:00,258.56995
5161,2013-11-09 06:50:00,329.282
5161,2013-11-09 07:00:00,526.89545
5161,2013-11-09 07:10:00,286.2327
5161,2013-11-09 07:20:00,220.29706
5161,2013-11-09 07:30:00,424.84903
5161,2013-11-09 07:40:00,433.7835
5161,2013-11-09 07:50:00,410.47318
5161,2013-11-09 08:00:00,907.7997
5161,2013-11-09 08:10:00,627.8218
5161,2013-11-09 08:20:00,688.1654
5161,2013-11-09 08:30:00,583.35315
5161,2013-11-09 08:40:00,752.7363
5161,2013-11-09 08:50:00,728.1013
5161,2013-11-09 09:00:00,885.11346
5161,2013-11-09 09:10:00,883.2707
5161,2013-11-09 09:20:00,1201.0187
5161,2013-11-09 09:30:00,977.552
5161,2013-11-09 09:40:00,1341.1086
5161,2013-11-09 09:50:00,1618.6058
5161,2013-11-09 10:00:00,1323.4604
5161,2013-11-09 10:10:00,1728.4012
5161,2013-11-09 10:20:00,1754.4869
5161,2013-11-09 10:30:00,2037.966
5161,2013-11-09 10:40:00,2136.804
5161,2013-11-09 10:50:00,2591.6675
5161,2013-11-09 11:00:00,2405.6335
5161,2013-11-09 11:10:00,2898.5881
5161,2013-11-09 11:20:00,2677.7683
5161,2013-11-09 11:30:00,2355.5222
5161,2013-11-09 11:40:00,2828.005
5161,2013-11-09 11:50:00,2715.61
5161,2013-11-09 12:00:00,2484.8965
5161,2013-11-09 12:10:00,3216.804
5161,2013-11-09 12:20:00,3408.0137
5161,2013-11-09 12:30:00,2660.941
5161,2013-11-09 12:40:00,2850.5864
5161,2013-11-09 12:50:00,3409.8313
5161,2013-11-09 13:00:00,3100.9294
5161,2013-11-09 13:10:00,2930.2644
5161,2013-11-09 13:20:00,2746.0176
5161,2013-11-09 13:30:00,3136.1086
5161,2013-11-09 13:40:00,3780.1526
5161,2013-11-09 13:50:00,3854.9307
5161,2013-11-09 14:00:00,3617.5356
5161,2013-11-09 14:10:00,3160.0442
5161,2013-11-09 14:20:00,3480.2795
5161,2013-11-09 14:30:00,4607.5015
5161,2013-11-09 14:40:00,4062.3755
5161,2013-11-09 14:50:00,4025.3242
5161,2013-11-09 15:00:00,3945.1743
5161,2013-11-09 15:10:00,4319.503
5161,2013-11-09 15:20:00,4249.707
5161,2013-11-09 15:30:00,4275.86
5161,2013-11-09 15:40:00,4239.275
5161,2013-11-09 15:50:00,4619.958
5161,2013-11-09 16:00:00,5026.948
5161,2013-11-09 16:10:00,4782.121
5161,2013-11-09 16:20:00,4314.4536
5161,2013-11-09 16:30:00,4080.3652
5161,2013-11-09 16:40:00,4086.4434
5161,2013-11-09 16:50:00,4847.1465
5161,2013-11-09 17:00:00,4395.1675
5161,2013-11-09 17:10:00,4473.3936
5161,2013-11-09 17:20:00,4482.252
5161,2013-11-09 17:30:00,4185.611
5161,2013-11-09 17:40:00,3608.2024
5161,2013-11-09 17:50:00,3765.861
5161,2013-11-09 18:00:00,3993.3513
5161,2013-11-09 18:10:00,3768.0398
5161,2013-11-09 18:20:00,3437.2236
5161,2013-11-09 18:30:00,3064.115
5161,2013-11-09 18:40:00,3175.8096
5161,2013-11-09 18:50:00,2818.8113
5161,2013-11-09 19:00:00,2670.9048
5161,2013-11-09 19:10:00,2403.7827
5161,2013-11-09 19:20:00,2594.4714
5161,2013-11-09 19:30:00,1750.9607
5161,2013-11-09 19:40:00,1788.8716
5161,2013-11-09 19:50:00,2023.6158
5161,2013-11-09 20:00:00,1472.4882
5161,2013-11-09 20:10:00,1334.0442
5161,2013-11-09 20:20:00,1528.427
5161,2013-11-09 20:30:00,1510.0427
5161,2013-11-09 20:40:00,1748.4958
5161,2013-11-09 20:50:00,1576.0183
5161,2013-11-09 21:00:00,1784.0254
5161,2013-11-09 21:10:00,1434.2433
5161,2013-11-09 21:20:00,1648.1514
5161,2013-11-09 21:30:00,1947.1658
5161,2013-11-09 21:40:00,1215.3129
5161,2013-11-09 21:50:00,1171.3193
5161,2013-11-09 22:00:00,976.84796
5161,2013-11-09 22:10:00,948.57874
5161,2013-11-09 22:20:00,1178.3373
5161,2013-11-09 22:30:00,800.002
5161,2013-11-09 22:40:00,733.2398
5161,2013-11-09 22:50:00,809.89343
5161,2013-11-09 23:00:00,786.864
5161,2013-11-09 23:10:00,837.5694
5161,2013-11-09 23:20:00,669.6102
5161,2013-11-09 23:30:00,519.4582
5161,2013-11-09 23:40:00,619.6757
5161,2013-11-09 23:50:00,591.1265
5161,2013-11-10 00:00:00,369.151
5161,2013-11-10 00:10:00,342.6936
5161,2013-11-10 00:20:00,354.4383
5161,2013-11-10 00:30:00,325.13147
5161,2013-11-10 00:40:00,311.74777
5161,2013-11-10 00:50:00,282.99838
5161,2013-11-10 01:00:00,286.32922
5161,2013-11-10 01:10:00,266.69226
5161,2013-11-10 01:20:00,239.4142
5161,2013-11-10 01:30:00,234.65804
5161,2013-11-10 01:40:00,238.58167
5161,2013-11-10 01:50:00,238.44943
5161,2013-11-10 02:00:00,264.1488
5161,2013-11-10 02:10:00,235.1137
5161,2013-11-10 02:20:00,252.46567
5161,2013-11-10 02:30:00,413.72183
5161,2013-11-10 02:40:00,270.87915
5161,2013-11-10 02:50:00,295.25116
5161,2013-11-10 03:00:00,229.72151
5161,2013-11-10 03:10:00,236.67053
5161,2013-11-10 03:20:00,235.08136
5161,2013-11-10 03:30:00,225.16945
5161,2013-11-10 03:40:00,254.26917
5161,2013-11-10 03:50:00,264.5495
5161,2013-11-10 04:00:00,231.9616
5161,2013-11-10 04:10:00,244.52505
5161,2013-11-10 04:20:00,250.09053
5161,2013-11-10 04:30:00,227.69327
5161,2013-11-10 04:40:00,254.03108
5161,2013-11-10 04:50:00,264.17233
5161,2013-11-10 05:00:00,206.86124
5161,2013-11-10 05:10:00,237.78276
5161,2013-11-10 05:20:00,263.84186
5161,2013-11-10 05:30:00,212.42317
5161,2013-11-10 05:40:00,451.01746
5161,2013-11-10 05:50:00,267.71793
5161,2013-11-10 06:00:00,229.39041
5161,2013-11-10 06:10:00,266.91302
5161,2013-11-10 06:20:00,231.25507
5161,2013-11-10 06:30:00,368.69534
5161,2013-11-10 06:40:00,397.61734
5161,2013-11-10 06:50:00,308.80322
5161,2013-11-10 07:00:00,244.06389
5161,2013-11-10 07:10:00,294.09763
5161,2013-11-10 07:20:00,262.53598
5161,2013-11-10 07:30:00,280.54254
5161,2013-11-10 07:40:00,492.0747
5161,2013-11-10 07:50:00,368.4624
5161,2013-11-10 08:00:00,339.0729
5161,2013-11-10 08:10:00,316.54428
5161,2013-11-10 08:20:00,499.33884
5161,2013-11-10 08:30:00,360.8593
5161,2013-11-10 08:40:00,345.3927
5161,2013-11-10 08:50:00,440.87405
5161,2013-11-10 09:00:00,620.4167
5161,2013-11-10 09:10:00,855.03485
5161,2013-11-10 09:20:00,830.7611
5161,2013-11-10 09:30:00,823.6671
5161,2013-11-10 09:40:00,1349.7096
5161,2013-11-10 09:50:00,1007.844
5161,2013-11-10 10:00:00,1264.3768
5161,2013-11-10 10:10:00,1850.4946
5161,2013-11-10 10:20:00,1870.8195
5161,2013-11-10 10:30:00,1743.686
5161,2013-11-10 10:40:00,2103.3425
5161,2013-11-10 10:50:00,2063.9595
5161,2013-11-10 11:00:00,2360.1628
5161,2013-11-10 11:10:00,2637.9048
5161,2013-11-10 11:20:00,2356.303
5161,2013-11-10 11:30:00,3281.5586
5161,2013-11-10 11:40:00,2854.5066
5161,2013-11-10 11:50:00,2269.152
5161,2013-11-10 12:00:00,2675.119
5161,2013-11-10 12:10:00,2690.9182
5161,2013-11-10 12:20:00,2568.4595
5161,2013-11-10 12:30:00,2714.7007
5161,2013-11-10 12:40:00,2611.4646
5161,2013-11-10 12:50:00,2723.0728
5161,2013-11-10 13:00:00,3742.3955
5161,2013-11-10 13:10:00,2716.999
5161,2013-11-10 13:20:00,2811.553
5161,2013-11-10 13:30:00,3366.1777
5161,2013-11-10 13:40:00,3366.9543
5161,2013-11-10 13:50:00,3436.4995
5161,2013-11-10 14:00:00,3903.3086
5161,2013-11-10 14:10:00,3619.424
5161,2013-11-10 14:20:00,3761.4805
5161,2013-11-10 14:30:00,3924.7957
5161,2013-11-10 14:40:00,4890.349
5161,2013-11-10 14:50:00,4089.5894
5161,2013-11-10 15:00:00,4004.28
5161,2013-11-10 15:10:00,4480.173
5161,2013-11-10 15:20:00,4369.656
5161,2013-11-10 15:30:00,5199.9976
5161,2013-11-10 15:40:00,5225.8687
5161,2013-11-10 15:50:00,5050.2856
5161,2013-11-10 16:00:00,4943.922
5161,2013-11-10 16:10:00,5042.9805
5161,2013-11-10 16:20:00,4875.335
5161,2013-11-10 16:30:00,4430.38
5161,2013-11-10 16:40:00,4618.46
5161,2013-11-10 16:50:00,5049.6978
5161,2013-11-10 17:00:00,4840.183
5161,2013-11-10 17:10:00,3753.6853
5161,2013-11-10 17:20:00,3666.0808
5161,2013-11-10 17:30:00,3861.0823
5161,2013-11-10 17:40:00,3675.2673
5161,2013-11-10 17:50:00,3704.5625
5161,2013-11-10 18:00:00,3191.3003
5161,2013-11-10 18:10:00,3668.0361
5161,2013-11-10 18:20:00,2912.5088
5161,2013-11-10 18:30:00,3246.5603
5161,2013-11-10 18:40:00,3541.769
5161,2013-11-10 18:50:00,2657.7383
5161,2013-11-10 19:00:00,2384.1306
5161,2013-11-10 19:10:00,1907.7302
5161,2013-11-10 19:20:00,1638.5773
5161,2013-11-10 19:30:00,1802.949
5161,2013-11-10 19:40:00,1327.1675
5161,2013-11-10 19:50:00,1674.3711
5161,2013-11-10 20:00:00,1121.1344
5161,2013-11-10 20:10:00,1147.4291
5161,2013-11-10 20:20:00,1101.0178
5161,2013-11-10 20:30:00,1499.4445
5161,2013-11-10 20:40:00,1071.8241
5161,2013-11-10 20:50:00,1019.4356
5161,2013-11-10 21:00:00,1593.1681
5161,2013-11-10 21:10:00,1212.8735
5161,2013-11-10 21:20:00,1151.6682
5161,2013-11-10 21:30:00,783.0815
5161,2013-11-10 21:40:00,792.0328
5161,2013-11-10 21:50:00,834.2275
5161,2013-11-10 22:00:00,844.9635
5161,2013-11-10 22:10:00,554.19855
5161,2013-11-10 22:20:00,821.8926
5161,2013-11-10 22:30:00,658.8613
5161,2013-11-10 22:40:00,409.0282
5161,2013-11-10 22:50:00,498.5259
5161,2013-11-10 23:00:00,419.43158
5161,2013-11-10 23:10:00,368.35663
5161,2013-11-10 23:20:00,386.43698
5161,2013-11-10 23:30:00,425.96152
5161,2013-11-10 23:40:00,291.75775
5161,2013-11-10 23:50:00,269.1357
5161,2013-11-11 00:00:00,261.1917
5161,2013-11-11 00:10:00,216.59457
5161,2013-11-11 00:20:00,261.56543
5161,2013-11-11 00:30:00,365.6635
5161,2013-11-11 00:40:00,193.41747
5161,2013-11-11 00:50:00,226.58064
5161,2013-11-11 01:00:00,242.1376
5161,2013-11-11 01:10:00,196.89674
5161,2013-11-11 01:20:00,243.08475
5161,2013-11-11 01:30:00,243.43643
5161,2013-11-11 01:40:00,191.83008
5161,2013-11-11 01:50:00,226.55054
5161,2013-11-11 02:00:00,233.91481
5161,2013-11-11 02:10:00,195.72618
5161,2013-11-11 02:20:00,396.9038
5161,2013-11-11 02:30:00,497.51874
5161,2013-11-11 02:40:00,178.98796
5161,2013-11-11 02:50:00,227.27602
5161,2013-11-11 03:00:00,240.0581
5161,2013-11-11 03:10:00,190.91388
5161,2013-11-11 03:20:00,240.89912
5161,2013-11-11 03:30:00,234.07529
5161,2013-11-11 03:40:00,196.94432
5161,2013-11-11 03:50:00,231.79445
5161,2013-11-11 04:00:00,236.39548
5161,2013-11-11 04:10:00,185.36325
5161,2013-11-11 04:20:00,234.37477
5161,2013-11-11 04:30:00,225.7009
5161,2013-11-11 04:40:00,176.80423
5161,2013-11-11 04:50:00,237.95409
5161,2013-11-11 05:00:00,214.05238
5161,2013-11-11 05:10:00,181.99768
5161,2013-11-11 05:20:00,236.06033
5161,2013-11-11 05:30:00,231.8538
5161,2013-11-11 05:40:00,217.01056
5161,2013-11-11 05:50:00,267.45557
5161,2013-11-11 06:00:00,286.82974
5161,2013-11-11 06:10:00,209.46706
5161,2013-11-11 06:20:00,332.1186
5161,2013-11-11 06:30:00,400.56662
5161,2013-11-11 06:40:00,447.91058
5161,2013-11-11 06:50:00,427.24338
5161,2013-11-11 07:00:00,395.81158
5161,2013-11-11 07:10:00,486.468
5161,2013-11-11 07:20:00,614.164
5161,2013-11-11 07:30:00,608.8525
5161,2013-11-11 07:40:00,704.8731
5161,2013-11-11 07:50:00,825.3197
5161,2013-11-11 08:00:00,981.7976
5161,2013-11-11 08:10:00,1152.53
5161,2013-11-11 08:20:00,1040.8104
5161,2013-11-11 08:30:00,1070.3289
5161,2013-11-11 08:40:00,1128.8857
5161,2013-11-11 08:50:00,1111.7938
5161,2013-11-11 09:00:00,1179.2278
5161,2013-11-11 09:10:00,1204.895
5161,2013-11-11 09:20:00,1521.4855
5161,2013-11-11 09:30:00,1459.0693
5161,2013-11-11 09:40:00,1443.7208
5161,2013-11-11 09:50:00,1273.1007
5161,2013-11-11 10:00:00,1869.7903
5161,2013-11-11 10:10:00,2106.107
5161,2013-11-11 10:20:00,1613.1
5161,2013-11-11 10:30:00,1763.4604
5161,2013-11-11 10:40:00,2030.0953
5161,2013-11-11 10:50:00,2334.6
5161,2013-11-11 11:00:00,2551.7378
5161,2013-11-11 11:10:00,2156.592
5161,2013-11-11 11:20:00,1972.8832
5161,2013-11-11 11:30:00,2625.1396
5161,2013-11-11 11:40:00,2389.176
5161,2013-11-11 11:50:00,2096.961
5161,2013-11-11 12:00:00,2783.296
5161,2013-11-11 12:10:00,2971.1577
5161,2013-11-11 12:20:00,2674.4126
5161,2013-11-11 12:30:00,2797.9265
5161,2013-11-11 12:40:00,2792.5007
5161,2013-11-11 12:50:00,2724.3372
5161,2013-11-11 13:00:00,3135.4443
5161,2013-11-11 13:10:00,2807.71
5161,2013-11-11 13:20:00,3087.1199
5161,2013-11-11 13:30:00,2969.8992
5161,2013-11-11 13:40:00,2324.4822
5161,2013-11-11 13:50:00,2597.5981
5161,2013-11-11 14:00:00,2498.3657
5161,2013-11-11 14:10:00,2564.5
5161,2013-11-11 14:20:00,2876.2737
5161,2013-11-11 14:30:00,2982.6792
5161,2013-11-11 14:40:00,2284.5942
5161,2013-11-11 14:50:00,2536.7512
5161,2013-11-11 15:00:00,2454.2031
5161,2013-11-11 15:10:00,2244.035
5161,2013-11-11 15:20:00,2504.453
5161,2013-11-11 15:30:00,2413.0015
5161,2013-11-11 15:40:00,2407.4834
5161,2013-11-11 15:50:00,2520.6436
5161,2013-11-11 16:00:00,2603.5015
5161,2013-11-11 16:10:00,2505.7812
5161,2013-11-11 16:20:00,2389.2275
5161,2013-11-11 16:30:00,2482.0894
5161,2013-11-11 16:40:00,2387.8718
5161,2013-11-11 16:50:00,2606.673
5161,2013-11-11 17:00:00,3212.3447
5161,2013-11-11 17:10:00,2581.0637
5161,2013-11-11 17:20:00,2628.155
5161,2013-11-11 17:30:00,2235.9497
5161,2013-11-11 17:40:00,2123.066
5161,2013-11-11 17:50:00,2551.3792
5161,2013-11-11 18:00:00,2310.4692
5161,2013-11-11 18:10:00,1957.398
5161,2013-11-11 18:20:00,2205.5903
5161,2013-11-11 18:30:00,1789.3518
5161,2013-11-11 18:40:00,1985.9677
5161,2013-11-11 18:50:00,1715.5391
5161,2013-11-11 19:00:00,1765.3126
5161,2013-11-11 19:10:00,1428.3838
5161,2013-11-11 19:20:00,1592.6514
5161,2013-11-11 19:30:00,1320.717
5161,2013-11-11 19:40:00,1204.8463
5161,2013-11-11 19:50:00,1219.3583
5161,2013-11-11 20:00:00,907.19073
5161,2013-11-11 20:10:00,929.61786
5161,2013-11-11 20:20:00,1164.2673
5161,2013-11-11 20:30:00,1201.8799
5161,2013-11-11 20:40:00,688.96185
5161,2013-11-11 20:50:00,754.69836
5161,2013-11-11 21:00:00,810.6209
5161,2013-11-11 21:10:00,635.02704
5161,2013-11-11 21:20:00,541.36816
5161,2013-11-11 21:30:00,559.07196
5161,2013-11-11 21:40:00,543.49286
5161,2013-11-11 21:50:00,534.82
5161,2013-11-11 22:00:00,734.3658
5161,2013-11-11 22:10:00,495.62582
5161,2013-11-11 22:20:00,481.19785
5161,2013-11-11 22:30:00,711.33405
5161,2013-11-11 22:40:00,383.69342
5161,2013-11-11 22:50:00,394.5388
5161,2013-11-11 23:00:00,360.6898
5161,2013-11-11 23:10:00,524.54974
5161,2013-11-11 23:20:00,388.91064
5161,2013-11-11 23:30:00,463.9404
5161,2013-11-11 23:40:00,416.87247
5161,2013-11-11 23:50:00,316.977
5161,2013-11-12 00:00:00,297.11588
5161,2013-11-12 00:10:00,283.5572
5161,2013-11-12 00:20:00,260.39578
5161,2013-11-12 00:30:00,245.6997
5161,2013-11-12 00:40:00,266.1008
5161,2013-11-12 00:50:00,261.5042
5161,2013-11-12 01:00:00,238.64317
5161,2013-11-12 01:10:00,231.68944
5161,2013-11-12 01:20:00,275.6321
5161,2013-11-12 01:30:00,263.35852
5161,2013-11-12 01:40:00,190.72778
5161,2013-11-12 01:50:00,211.79677
5161,2013-11-12 02:00:00,254.35799
5161,2013-11-12 02:10:00,205.03163
5161,2013-11-12 02:20:00,197.33853
5161,2013-11-12 02:30:00,182.44537
5161,2013-11-12 02:40:00,176.74397
5161,2013-11-12 02:50:00,193.78264
5161,2013-11-12 03:00:00,238.1245
5161,2013-11-12 03:10:00,216.48643
5161,2013-11-12 03:20:00,201.84941
5161,2013-11-12 03:30:00,181.75954
5161,2013-11-12 03:40:00,176.72963
5161,2013-11-12 03:50:00,194.87535
5161,2013-11-12 04:00:00,186.23221
5161,2013-11-12 04:10:00,170.60658
5161,2013-11-12 04:20:00,179.4503
5161,2013-11-12 04:30:00,197.18736
5161,2013-11-12 04:40:00,164.31804
5161,2013-11-12 04:50:00,187.71239
5161,2013-11-12 05:00:00,199.30154
5161,2013-11-12 05:10:00,165.65456
5161,2013-11-12 05:20:00,201.5339
5161,2013-11-12 05:30:00,201.05482
5161,2013-11-12 05:40:00,227.28174
5161,2013-11-12 05:50:00,284.50616
5161,2013-11-12 06:00:00,278.4429
5161,2013-11-12 06:10:00,282.8537
5161,2013-11-12 06:20:00,299.80185
5161,2013-11-12 06:30:00,375.26407
5161,2013-11-12 06:40:00,443.78595
5161,2013-11-12 06:50:00,471.88474
5161,2013-11-12 07:00:00,396.44794
5161,2013-11-12 07:10:00,387.65567
5161,2013-11-12 07:20:00,765.2705
5161,2013-11-12 07:30:00,703.4119
5161,2013-11-12 07:40:00,674.5188
5161,2013-11-12 07:50:00,766.71094
5161,2013-11-12 08:00:00,849.3083
5161,2013-11-12 08:10:00,824.0858
5161,2013-11-12 08:20:00,971.06055
5161,2013-11-12 08:30:00,1045.8271
5161,2013-11-12 08:40:00,1133.381
5161,2013-11-12 08:50:00,1219.5039
5161,2013-11-12 09:00:00,1445.6661
5161,2013-11-12 09:10:00,1346.1825
5161,2013-11-12 09:20:00,1516.5726
5161,2013-11-12 09:30:00,1571.0869
5161,2013-11-12 09:40:00,1637.9814
5161,2013-11-12 09:50:00,1651.3608
5161,2013-11-12 10:00:00,1731.8009
5161,2013-11-12 10:10:00,1989.8282
5161,2013-11-12 10:20:00,1870.9917
5161,2013-11-12 10:30:00,2018.799
5161,2013-11-12 10:40:00,2336.6594
5161,2013-11-12 10:50:00,2306.1218
5161,2013-11-12 11:00:00,2201.1357
5161,2013-11-12 11:10:00,2470.2078
5161,2013-11-12 11:20:00,2326.6316
5161,2013-11-12 11:30:00,2491.0828
5161,2013-11-12 11:40:00,2330.5464
5161,2013-11-12 11:50:00,2362.3967
5161,2013-11-12 12:00:00,2821.1663
5161,2013-11-12 12:10:00,2702.7515
5161,2013-11-12 12:20:00,3002.743
5161,2013-11-12 12:30:00,3650.02
5161,2013-11-12 12:40:00,3465.095
5161,2013-11-12 12:50:00,3252.0237
5161,2013-11-12 13:00:00,3261.9146
5161,2013-11-12 13:10:00,2781.5923
5161,2013-11-12 13:20:00,2726.5176
5161,2013-11-12 13:30:00,2605.937
5161,2013-11-12 13:40:00,2872.2747
5161,2013-11-12 13:50:00,3043.2295
5161,2013-11-12 14:00:00,3460.572
5161,2013-11-12 14:10:00,2675.4985
5161,2013-11-12 14:20:00,2448.6365
5161,2013-11-12 14:30:00,2346.053
5161,2013-11-12 14:40:00,2496.2546
5161,2013-11-12 14:50:00,2400.8818
5161,2013-11-12 15:00:00,2617.7173
5161,2013-11-12 15:10:00,2674.9248
5161,2013-11-12 15:20:00,2998.0718
5161,2013-11-12 15:30:00,2639.283
5161,2013-11-12 15:40:00,2505.0806
5161,2013-11-12 15:50:00,2734.8909
5161,2013-11-12 16:00:00,3953.7717
5161,2013-11-12 16:10:00,2852.3818
5161,2013-11-12 16:20:00,2793.9238
5161,2013-11-12 16:30:00,2430.7124
5161,2013-11-12 16:40:00,2344.1245
5161,2013-11-12 16:50:00,2627.7634
5161,2013-11-12 17:00:00,2399.8772
5161,2013-11-12 17:10:00,2448.181
5161,2013-11-12 17:20:00,2509.6067
5161,2013-11-12 17:30:00,2395.3687
5161,2013-11-12 17:40:00,2399.3923
5161,2013-11-12 17:50:00,2270.5027
5161,2013-11-12 18:00:00,2147.065
5161,2013-11-12 18:10:00,2158.9512
5161,2013-11-12 18:20:00,2386.4224
5161,2013-11-12 18:30:00,2044.8875
5161,2013-11-12 18:40:00,2026.0676
5161,2013-11-12 18:50:00,2196.2122
5161,2013-11-12 19:00:00,1541.1056
5161,2013-11-12 19:10:00,1548.8376
5161,2013-11-12 19:20:00,1604.3585
5161,2013-11-12 19:30:00,1294.6295
5161,2013-11-12 19:40:00,1318.8871
5161,2013-11-12 19:50:00,1643.9319
5161,2013-11-12 20:00:00,1155.5042
5161,2013-11-12 20:10:00,936.6223
5161,2013-11-12 20:20:00,1396.3688
5161,2013-11-12 20:30:00,1181.3723
5161,2013-11-12 20:40:00,1217.7787
5161,2013-11-12 20:50:00,1234.041
5161,2013-11-12 21:00:00,1230.6215
5161,2013-11-12 21:10:00,891.5085
5161,2013-11-12 21:20:00,795.4303
5161,2013-11-12 21:30:00,730.758
5161,2013-11-12 21:40:00,702.68304
5161,2013-11-12 21:50:00,716.1526
5161,2013-11-12 22:00:00,600.8521
5161,2013-11-12 22:10:00,514.755
5161,2013-11-12 22:20:00,438.8285
5161,2013-11-12 22:30:00,669.8044
5161,2013-11-12 22:40:00,561.2886
5161,2013-11-12 22:50:00,424.23218
5161,2013-11-12 23:00:00,413.13593
5161,2013-11-12 23:10:00,342.6797
5161,2013-11-12 23:20:00,379.97107
5161,2013-11-12 23:30:00,367.2019
5161,2013-11-12 23:40:00,312.79358
5161,2013-11-12 23:50:00,316.62607
5161,2013-11-13 00:00:00,314.44257
5161,2013-11-13 00:10:00,279.05746
5161,2013-11-13 00:20:00,252.58328
5161,2013-11-13 00:30:00,249.80382
5161,2013-11-13 00:40:00,215.60207
5161,2013-11-13 00:50:00,246.47287
5161,2013-11-13 01:00:00,242.23999
5161,2013-11-13 01:10:00,226.94012
5161,2013-11-13 01:20:00,262.5127
5161,2013-11-13 01:30:00,271.56683
5161,2013-11-13 01:40:00,235.55034
5161,2013-11-13 01:50:00,233.61374
5161,2013-11-13 02:00:00,208.71631
5161,2013-11-13 02:10:00,188.11586
5161,2013-11-13 02:20:00,228.08649
5161,2013-11-13 02:30:00,208.37392
5161,2013-11-13 02:40:00,189.29071
5161,2013-11-13 02:50:00,216.42021
5161,2013-11-13 03:00:00,205.34155
5161,2013-11-13 03:10:00,225.48471
5161,2013-11-13 03:20:00,207.03468
5161,2013-11-13 03:30:00,211.04048
5161,2013-11-13 03:40:00,193.08003
5161,2013-11-13 03:50:00,207.65132
5161,2013-11-13 04:00:00,211.70952
5161,2013-11-13 04:10:00,193.69981
5161,2013-11-13 04:20:00,205.17406
5161,2013-11-13 04:30:00,224.60596
5161,2013-11-13 04:40:00,206.84473
5161,2013-11-13 04:50:00,232.28731
5161,2013-11-13 05:00:00,228.914
5161,2013-11-13 05:10:00,242.6948
5161,2013-11-13 05:20:00,254.88297
5161,2013-11-13 05:30:00,234.82185
5161,2013-11-13 05:40:00,238.30978
5161,2013-11-13 05:50:00,291.49728
5161,2013-11-13 06:00:00,283.9796
5161,2013-11-13 06:10:00,452.38464
5161,2013-11-13 06:20:00,641.03766
5161,2013-11-13 06:30:00,363.7677
5161,2013-11-13 06:40:00,436.51855
5161,2013-11-13 06:50:00,467.75467
5161,2013-11-13 07:00:00,605.7343
5161,2013-11-13 07:10:00,642.50195
5161,2013-11-13 07:20:00,671.3465
5161,2013-11-13 07:30:00,753.3596
5161,2013-11-13 07:40:00,738.86017
5161,2013-11-13 07:50:00,899.1207
5161,2013-11-13 08:00:00,1018.6349
5161,2013-11-13 08:10:00,1329.1862
5161,2013-11-13 08:20:00,1117.1924
5161,2013-11-13 08:30:00,1412.091
5161,2013-11-13 08:40:00,1164.0999
5161,2013-11-13 08:50:00,1251.5148
5161,2013-11-13 09:00:00,1425.176
5161,2013-11-13 09:10:00,1440.1842
5161,2013-11-13 09:20:00,1580.8005
5161,2013-11-13 09:30:00,1690.017
5161,2013-11-13 09:40:00,1700.7601
5161,2013-11-13 09:50:00,2108.1353
5161,2013-11-13 10:00:00,1931.0242
5161,2013-11-13 10:10:00,1886.3187
5161,2013-11-13 10:20:00,2334.7368
5161,2013-11-13 10:30:00,2159.9697
5161,2013-11-13 10:40:00,2266.95
5161,2013-11-13 10:50:00,2458.4814
5161,2013-11-13 11:00:00,2224.5515
5161,2013-11-13 11:10:00,2433.479
5161,2013-11-13 11:20:00,2478.794
5161,2013-11-13 11:30:00,2446.2083
5161,2013-11-13 11:40:00,2531.8542
5161,2013-11-13 11:50:00,3066.4392
5161,2013-11-13 12:00:00,3035.3735
5161,2013-11-13 12:10:00,3137.9255
5161,2013-11-13 12:20:00,3378.0312
5161,2013-11-13 12:30:00,4214.5684
5161,2013-11-13 12:40:00,3145.8447
5161,2013-11-13 12:50:00,2889.564
5161,2013-11-13 13:00:00,2888.7554
5161,2013-11-13 13:10:00,3284.6162
5161,2013-11-13 13:20:00,3825.6763
5161,2013-11-13 13:30:00,3003.2527
5161,2013-11-13 13:40:00,3364.4773
5161,2013-11-13 13:50:00,3906.6145
5161,2013-11-13 14:00:00,2838.4492
5161,2013-11-13 14:10:00,2798.1133
5161,2013-11-13 14:20:00,3046.3584
5161,2013-11-13 14:30:00,2397.571
5161,2013-11-13 14:40:00,2554.2273
5161,2013-11-13 14:50:00,2973.8625
5161,2013-11-13 15:00:00,2937.9106
5161,2013-11-13 15:10:00,2787.086
5161,2013-11-13 15:20:00,2525.4297
5161,2013-11-13 15:30:00,2308.4558
5161,2013-11-13 15:40:00,2418.4773
5161,2013-11-13 15:50:00,2714.7175
5161,2013-11-13 16:00:00,2389.9905
5161,2013-11-13 16:10:00,2495.9875
5161,2013-11-13 16:20:00,2461.494
5161,2013-11-13 16:30:00,2772.975
5161,2013-11-13 16:40:00,2449.315
5161,2013-11-13 16:50:00,2503.6365
5161,2013-11-13 17:00:00,2511.3745
5161,2013-11-13 17:10:00,2489.313
5161,2013-11-13 17:20:00,2661.759
5161,2013-11-13 17:30:00,2365.2197
5161,2013-11-13 17:40:00,2053.7446
5161,2013-11-13 17:50:00,2419.889
5161,2013-11-13 18:00:00,2355.0754
5161,2013-11-13 18:10:00,2120.9993
5161,2013-11-13 18:20:00,2747.5562
5161,2013-11-13 18:30:00,2086.8223
5161,2013-11-13 18:40:00,1864.2859
5161,2013-11-13 18:50:00,1996.5792
5161,2013-11-13 19:00:00,1938.888
5161,2013-11-13 19:10:00,1823.808
5161,2013-11-13 19:20:00,1736.0013
5161,2013-11-13 19:30:00,1420.0681
5161,2013-11-13 19:40:00,1600.2522
5161,2013-11-13 19:50:00,1499.6519
5161,2013-11-13 20:00:00,1212.0203
5161,2013-11-13 20:10:00,1144.035
5161,2013-11-13 20:20:00,1322.779
5161,2013-11-13 20:30:00,1075.9512
5161,2013-11-13 20:40:00,936.47833
5161,2013-11-13 20:50:00,981.575
5161,2013-11-13 21:00:00,925.2953
5161,2013-11-13 21:10:00,1252.9128
5161,2013-11-13 21:20:00,788.5222
5161,2013-11-13 21:30:00,771.0321
5161,2013-11-13 21:40:00,912.3767
5161,2013-11-13 21:50:00,763.3441
5161,2013-11-13 22:00:00,636.0254
5161,2013-11-13 22:10:00,816.7643
5161,2013-11-13 22:20:00,604.1292
5161,2013-11-13 22:30:00,510.8261
5161,2013-11-13 22:40:00,437.28882
5161,2013-11-13 22:50:00,585.3272
5161,2013-11-13 23:00:00,352.99313
5161,2013-11-13 23:10:00,373.19727
5161,2013-11-13 23:20:00,362.27155
5161,2013-11-13 23:30:00,407.55573
5161,2013-11-13 23:40:00,338.26794
5161,2013-11-13 23:50:00,267.80954
5161,2013-11-14 00:00:00,255.56325
5161,2013-11-14 00:10:00,238.94807
5161,2013-11-14 00:20:00,247.12564
5161,2013-11-14 00:30:00,251.79938
5161,2013-11-14 00:40:00,207.4498
5161,2013-11-14 00:50:00,224.96649
5161,2013-11-14 01:00:00,220.00568
5161,2013-11-14 01:10:00,329.81363
5161,2013-11-14 01:20:00,303.40906
5161,2013-11-14 01:30:00,219.94121
5161,2013-11-14 01:40:00,198.9364
5161,2013-11-14 01:50:00,193.9031
5161,2013-11-14 02:00:00,189.4484
5161,2013-11-14 02:10:00,182.72397
5161,2013-11-14 02:20:00,198.1683
5161,2013-11-14 02:30:00,209.89616
5161,2013-11-14 02:40:00,190.90118
5161,2013-11-14 02:50:00,209.8565
5161,2013-11-14 03:00:00,209.90703
5161,2013-11-14 03:10:00,204.95186
5161,2013-11-14 03:20:00,208.81349
5161,2013-11-14 03:30:00,187.06525
5161,2013-11-14 03:40:00,180.1819
5161,2013-11-14 03:50:00,200.90991
5161,2013-11-14 04:00:00,191.08238
5161,2013-11-14 04:10:00,189.9529
5161,2013-11-14 04:20:00,199.83281
5161,2013-11-14 04:30:00,200.96701
5161,2013-11-14 04:40:00,193.46263
5161,2013-11-14 04:50:00,201.7788
5161,2013-11-14 05:00:00,193.69507
5161,2013-11-14 05:10:00,189.62376
5161,2013-11-14 05:20:00,211.81134
5161,2013-11-14 05:30:00,210.71077
5161,2013-11-14 05:40:00,223.3189
5161,2013-11-14 05:50:00,275.9891
5161,2013-11-14 06:00:00,383.47156
5161,2013-11-14 06:10:00,315.8953
5161,2013-11-14 06:20:00,610.2804
5161,2013-11-14 06:30:00,298.14438
5161,2013-11-14 06:40:00,335.8409
5161,2013-11-14 06:50:00,422.65436
5161,2013-11-14 07:00:00,379.64362
5161,2013-11-14 07:10:00,423.15274
5161,2013-11-14 07:20:00,528.12244
5161,2013-11-14 07:30:00,618.1935
5161,2013-11-14 07:40:00,593.6455
5161,2013-11-14 07:50:00,814.24207
5161,2013-11-14 08:00:00,1050.7439
5161,2013-11-14 08:10:00,1002.65735
5161,2013-11-14 08:20:00,1258.7583
5161,2013-11-14 08:30:00,1050.19
5161,2013-11-14 08:40:00,1420.5829
5161,2013-11-14 08:50:00,1269.9293
5161,2013-11-14 09:00:00,1342.068
5161,2013-11-14 09:10:00,1393.4432
5161,2013-11-14 09:20:00,1219.1045
5161,2013-11-14 09:30:00,1458.9025
5161,2013-11-14 09:40:00,1434.0206
5161,2013-11-14 09:50:00,1886.951
5161,2013-11-14 10:00:00,1900.3228
5161,2013-11-14 10:10:00,1760.4462
5161,2013-11-14 10:20:00,1967.691
5161,2013-11-14 10:30:00,1965.4521
5161,2013-11-14 10:40:00,2261.8364
5161,2013-11-14 10:50:00,2232.5693
5161,2013-11-14 11:00:00,2214.8816
5161,2013-11-14 11:10:00,2440.8738
5161,2013-11-14 11:20:00,2156.6042
5161,2013-11-14 11:30:00,2237.4429
5161,2013-11-14 11:40:00,2033.6084
5161,2013-11-14 11:50:00,2319.1243
5161,2013-11-14 12:00:00,2603.9414
5161,2013-11-14 12:10:00,3369.67
5161,2013-11-14 12:20:00,2672.9338
5161,2013-11-14 12:30:00,3016.594
5161,2013-11-14 12:40:00,3397.574
5161,2013-11-14 12:50:00,3103.03
5161,2013-11-14 13:00:00,3376.9846
5161,2013-11-14 13:10:00,2978.2432
5161,2013-11-14 13:20:00,3020.789
5161,2013-11-14 13:30:00,3756.9348
5161,2013-11-14 13:40:00,3067.8032
5161,2013-11-14 13:50:00,3192.8994
5161,2013-11-14 14:00:00,3573.6577
5161,2013-11-14 14:10:00,2878.0464
5161,2013-11-14 14:20:00,3104.8623
5161,2013-11-14 14:30:00,2859.1372
5161,2013-11-14 14:40:00,2856.3555
5161,2013-11-14 14:50:00,2787.4456
5161,2013-11-14 15:00:00,2965.9312
5161,2013-11-14 15:10:00,3043.7534
5161,2013-11-14 15:20:00,2994.078
5161,2013-11-14 15:30:00,3003.554
5161,2013-11-14 15:40:00,3219.094
5161,2013-11-14 15:50:00,2616.1223
5161,2013-11-14 16:00:00,2697.5847
5161,2013-11-14 16:10:00,3127.941
5161,2013-11-14 16:20:00,2256.244
5161,2013-11-14 16:30:00,2445.4346
5161,2013-11-14 16:40:00,2447.527
5161,2013-11-14 16:50:00,2144.7126
5161,2013-11-14 17:00:00,2436.2634
5161,2013-11-14 17:10:00,2692.551
5161,2013-11-14 17:20:00,2820.6704
5161,2013-11-14 17:30:00,2317.0256
5161,2013-11-14 17:40:00,2299.8494
5161,2013-11-14 17:50:00,2103.1797
5161,2013-11-14 18:00:00,2329.8318
5161,2013-11-14 18:10:00,2495.555
5161,2013-11-14 18:20:00,2268.348
5161,2013-11-14 18:30:00,2350.582
5161,2013-11-14 18:40:00,2229.0022
5161,2013-11-14 18:50:00,1829.6417
5161,2013-11-14 19:00:00,2045.6458
5161,2013-11-14 19:10:00,1456.8408
5161,2013-11-14 19:20:00,1722.6057
5161,2013-11-14 19:30:00,1339.4854
5161,2013-11-14 19:40:00,1198.8014
5161,2013-11-14 19:50:00,1185.9391
5161,2013-11-14 20:00:00,1366.0009
5161,2013-11-14 20:10:00,1501.0106
5161,2013-11-14 20:20:00,1607.6218
5161,2013-11-14 20:30:00,1209.3132
5161,2013-11-14 20:40:00,1042.931
5161,2013-11-14 20:50:00,1212.5684
5161,2013-11-14 21:00:00,1585.8688
5161,2013-11-14 21:10:00,999.117
5161,2013-11-14 21:20:00,882.3242
5161,2013-11-14 21:30:00,709.8286
5161,2013-11-14 21:40:00,953.791
5161,2013-11-14 21:50:00,1296.6649
5161,2013-11-14 22:00:00,554.78204
5161,2013-11-14 22:10:00,746.86115
5161,2013-11-14 22:20:00,569.82404
5161,2013-11-14 22:30:00,727.6285
5161,2013-11-14 22:40:00,432.4315
5161,2013-11-14 22:50:00,464.6143
5161,2013-11-14 23:00:00,390.5163
5161,2013-11-14 23:10:00,405.01306
5161,2013-11-14 23:20:00,476.67038
5161,2013-11-14 23:30:00,430.55627
5161,2013-11-14 23:40:00,535.51843
5161,2013-11-14 23:50:00,387.038
5161,2013-11-15 00:00:00,455.75922
5161,2013-11-15 00:10:00,641.1094
5161,2013-11-15 00:20:00,491.0115
5161,2013-11-15 00:30:00,321.02655
5161,2013-11-15 00:40:00,396.30368
5161,2013-11-15 00:50:00,336.212
5161,2013-11-15 01:00:00,232.16858
5161,2013-11-15 01:10:00,219.02359
5161,2013-11-15 01:20:00,198.55551
5161,2013-11-15 01:30:00,564.8512
5161,2013-11-15 01:40:00,341.59692
5161,2013-11-15 01:50:00,192.2091
5161,2013-11-15 02:00:00,206.96663
5161,2013-11-15 02:10:00,194.92644
5161,2013-11-15 02:20:00,177.96806
5161,2013-11-15 02:30:00,206.71805
5161,2013-11-15 02:40:00,200.3775
5161,2013-11-15 02:50:00,462.40167
5161,2013-11-15 03:00:00,834.69965
5161,2013-11-15 03:10:00,193.59387
5161,2013-11-15 03:20:00,188.81346
5161,2013-11-15 03:30:00,193.71802
5161,2013-11-15 03:40:00,183.72289
5161,2013-11-15 03:50:00,195.57184
5161,2013-11-15 04:00:00,212.85403
5161,2013-11-15 04:10:00,193.88896
5161,2013-11-15 04:20:00,175.39725
5161,2013-11-15 04:30:00,591.30066
5161,2013-11-15 04:40:00,212.95186
5161,2013-11-15 04:50:00,203.2305
5161,2013-11-15 05:00:00,215.51857
5161,2013-11-15 05:10:00,196.24434
5161,2013-11-15 05:20:00,183.94106
5161,2013-11-15 05:30:00,244.86852
5161,2013-11-15 05:40:00,216.32047
5161,2013-11-15 05:50:00,282.30048
5161,2013-11-15 06:00:00,314.82574
5161,2013-11-15 06:10:00,296.73923
5161,2013-11-15 06:20:00,326.32492
5161,2013-11-15 06:30:00,410.20856
5161,2013-11-15 06:40:00,391.64935
5161,2013-11-15 06:50:00,477.79437
5161,2013-11-15 07:00:00,727.9111
5161,2013-11-15 07:10:00,427.45648
5161,2013-11-15 07:20:00,505.32303
5161,2013-11-15 07:30:00,646.27625
5161,2013-11-15 07:40:00,726.0507
5161,2013-11-15 07:50:00,738.3194
5161,2013-11-15 08:00:00,1086.8108
5161,2013-11-15 08:10:00,897.5707
5161,2013-11-15 08:20:00,1053.215
5161,2013-11-15 08:30:00,1298.7585
5161,2013-11-15 08:40:00,1142.1598
5161,2013-11-15 08:50:00,1077.0221
5161,2013-11-15 09:00:00,1244.5696
5161,2013-11-15 09:10:00,1335.3759
5161,2013-11-15 09:20:00,1403.6663
5161,2013-11-15 09:30:00,1425.993
5161,2013-11-15 09:40:00,1658.3491
5161,2013-11-15 09:50:00,1693.2174
5161,2013-11-15 10:00:00,1749.5007
5161,2013-11-15 10:10:00,2019.9762
5161,2013-11-15 10:20:00,1765.6741
5161,2013-11-15 10:30:00,1978.057
5161,2013-11-15 10:40:00,1838.0836
5161,2013-11-15 10:50:00,1883.2224
5161,2013-11-15 11:00:00,1961.8535
5161,2013-11-15 11:10:00,2153.2197
5161,2013-11-15 11:20:00,2072.2927
5161,2013-11-15 11:30:00,2143.354
5161,2013-11-15 11:40:00,2697.8162
5161,2013-11-15 11:50:00,2660.6553
5161,2013-11-15 12:00:00,2500.207
5161,2013-11-15 12:10:00,2536.4626
5161,2013-11-15 12:20:00,2868.9912
5161,2013-11-15 12:30:00,2657.0776
5161,2013-11-15 12:40:00,2690.196
5161,2013-11-15 12:50:00,2416.4836
5161,2013-11-15 13:00:00,2883.4312
5161,2013-11-15 13:10:00,2987.5107
5161,2013-11-15 13:20:00,2781.63
5161,2013-11-15 13:30:00,2823.451
5161,2013-11-15 13:40:00,2721.328
5161,2013-11-15 13:50:00,2670.7693
5161,2013-11-15 14:00:00,3003.0225
5161,2013-11-15 14:10:00,2595.0125
5161,2013-11-15 14:20:00,2470.5886
5161,2013-11-15 14:30:00,2464.0898
5161,2013-11-15 14:40:00,2672.6787
5161,2013-11-15 14:50:00,2687.399
5161,2013-11-15 15:00:00,2636.2373
5161,2013-11-15 15:10:00,2815.573
5161,2013-11-15 15:20:00,2325.1792
5161,2013-11-15 15:30:00,2832.7886
5161,2013-11-15 15:40:00,2405.8843
5161,2013-11-15 15:50:00,2582.9038
5161,2013-11-15 16:00:00,2359.1824
5161,2013-11-15 16:10:00,2190.8003
5161,2013-11-15 16:20:00,2349.1448
5161,2013-11-15 16:30:00,2256.4165
5161,2013-11-15 16:40:00,2402.2651
5161,2013-11-15 16:50:00,2199.8018
5161,2013-11-15 17:00:00,2926.0051
5161,2013-11-15 17:10:00,2202.8013
5161,2013-11-15 17:20:00,2136.1042
5161,2013-11-15 17:30:00,2167.2456
5161,2013-11-15 17:40:00,1705.8928
5161,2013-11-15 17:50:00,2176.1038
5161,2013-11-15 18:00:00,2186.48
5161,2013-11-15 18:10:00,1829.1862
5161,2013-11-15 18:20:00,1748.7665
5161,2013-11-15 18:30:00,1676.2715
5161,2013-11-15 18:40:00,1796.5286
5161,2013-11-15 18:50:00,2133.519
5161,2013-11-15 19:00:00,1653.1116
5161,2013-11-15 19:10:00,1579.2034
5161,2013-11-15 19:20:00,1256.4993
5161,2013-11-15 19:30:00,1133.588
5161,2013-11-15 19:40:00,1111.5388
5161,2013-11-15 19:50:00,1022.7792
5161,2013-11-15 20:00:00,956.013
5161,2013-11-15 20:10:00,862.5737
5161,2013-11-15 20:20:00,1012.26044
5161,2013-11-15 20:30:00,748.1621
5161,2013-11-15 20:40:00,927.70325
5161,2013-11-15 20:50:00,1152.1536
5161,2013-11-15 21:00:00,1571.2914
5161,2013-11-15 21:10:00,1080.5481
5161,2013-11-15 21:20:00,732.9894
5161,2013-11-15 21:30:00,767.78815
5161,2013-11-15 21:40:00,792.79706
5161,2013-11-15 21:50:00,1025.9021
5161,2013-11-15 22:00:00,615.44006
5161,2013-11-15 22:10:00,569.7066
5161,2013-11-15 22:20:00,525.8716
5161,2013-11-15 22:30:00,621.5877
5161,2013-11-15 22:40:00,439.8293
5161,2013-11-15 22:50:00,376.48813
5161,2013-11-15 23:00:00,566.2631
5161,2013-11-15 23:10:00,426.4128
5161,2013-11-15 23:20:00,701.2457
5161,2013-11-15 23:30:00,446.05286
5161,2013-11-15 23:40:00,404.97577
5161,2013-11-15 23:50:00,281.17334
5161,2013-11-16 00:00:00,395.57208
5161,2013-11-16 00:10:00,188.92763
5161,2013-11-16 00:20:00,195.0299
5161,2013-11-16 00:30:00,198.5181
5161,2013-11-16 00:40:00,191.10611
5161,2013-11-16 00:50:00,151.77599
5161,2013-11-16 01:00:00,196.70436
5161,2013-11-16 01:10:00,173.78395
5161,2013-11-16 01:20:00,150.94875
5161,2013-11-16 01:30:00,163.16855
5161,2013-11-16 01:40:00,160.43578
5161,2013-11-16 01:50:00,147.09569
5161,2013-11-16 02:00:00,151.18721
5161,2013-11-16 02:10:00,170.86241
5161,2013-11-16 02:20:00,140.95271
5161,2013-11-16 02:30:00,146.50143
5161,2013-11-16 02:40:00,151.43579
5161,2013-11-16 02:50:00,138.97688
5161,2013-11-16 03:00:00,140.35503
5161,2013-11-16 03:10:00,145.49442
5161,2013-11-16 03:20:00,136.92984
5161,2013-11-16 03:30:00,138.83275
5161,2013-11-16 03:40:00,132.9487
5161,2013-11-16 03:50:00,151.78165
5161,2013-11-16 04:00:00,142.13626
5161,2013-11-16 04:10:00,143.1911
5161,2013-11-16 04:20:00,159.34203
5161,2013-11-16 04:30:00,166.57777
5161,2013-11-16 04:40:00,145.64433
5161,2013-11-16 04:50:00,143.02153
5161,2013-11-16 05:00:00,156.14723
5161,2013-11-16 05:10:00,156.00932
5161,2013-11-16 05:20:00,154.05618
5161,2013-11-16 05:30:00,286.0631
5161,2013-11-16 05:40:00,182.21454
5161,2013-11-16 05:50:00,154.15259
5161,2013-11-16 06:00:00,183.70103
5161,2013-11-16 06:10:00,187.5232
5161,2013-11-16 06:20:00,194.83682
5161,2013-11-16 06:30:00,193.32693
5161,2013-11-16 06:40:00,221.98634
5161,2013-11-16 06:50:00,197.78441
5161,2013-11-16 07:00:00,234.8106
5161,2013-11-16 07:10:00,210.77986
5161,2013-11-16 07:20:00,202.13031
5161,2013-11-16 07:30:00,289.36563
5161,2013-11-16 07:40:00,317.5222
5161,2013-11-16 07:50:00,335.97617
5161,2013-11-16 08:00:00,378.1642
5161,2013-11-16 08:10:00,616.33905
5161,2013-11-16 08:20:00,504.78668
5161,2013-11-16 08:30:00,531.68164
5161,2013-11-16 08:40:00,698.13153
5161,2013-11-16 08:50:00,734.25934
5161,2013-11-16 09:00:00,864.9876
5161,2013-11-16 09:10:00,960.26544
5161,2013-11-16 09:20:00,955.7009
5161,2013-11-16 09:30:00,1067.28
5161,2013-11-16 09:40:00,1193.4777
5161,2013-11-16 09:50:00,1352.4021
5161,2013-11-16 10:00:00,1449.9761
5161,2013-11-16 10:10:00,2041.8569
5161,2013-11-16 10:20:00,2120.3232
5161,2013-11-16 10:30:00,2339.923
5161,2013-11-16 10:40:00,2122.141
5161,2013-11-16 10:50:00,2298.4895
5161,2013-11-16 11:00:00,2756.2625
5161,2013-11-16 11:10:00,2548.8574
5161,2013-11-16 11:20:00,2355.77
5161,2013-11-16 11:30:00,2737.6147
5161,2013-11-16 11:40:00,2751.4336
5161,2013-11-16 11:50:00,3198.7651
5161,2013-11-16 12:00:00,2836.8792
5161,2013-11-16 12:10:00,3403.623
5161,2013-11-16 12:20:00,2810.6272
5161,2013-11-16 12:30:00,3231.623
5161,2013-11-16 12:40:00,2770.4414
5161,2013-11-16 12:50:00,3337.3884
5161,2013-11-16 13:00:00,3251.656
5161,2013-11-16 13:10:00,3498.7283
5161,2013-11-16 13:20:00,3926.979
5161,2013-11-16 13:30:00,3662.1018
5161,2013-11-16 13:40:00,3745.2446
5161,2013-11-16 13:50:00,3856.7053
5161,2013-11-16 14:00:00,4111.048
5161,2013-11-16 14:10:00,3140.0261
5161,2013-11-16 14:20:00,3900.811
5161,2013-11-16 14:30:00,4206.0557
5161,2013-11-16 14:40:00,4391.9233
5161,2013-11-16 14:50:00,4846.077
5161,2013-11-16 15:00:00,4697.234
5161,2013-11-16 15:10:00,5140.1084
5161,2013-11-16 15:20:00,4403.723
5161,2013-11-16 15:30:00,4521.118
5161,2013-11-16 15:40:00,4948.252
5161,2013-11-16 15:50:00,4727.4297
5161,2013-11-16 16:00:00,4994.1743
5161,2013-11-16 16:10:00,4617.014
5161,2013-11-16 16:20:00,4742.575
5161,2013-11-16 16:30:00,4417.2227
5161,2013-11-16 16:40:00,4258.6445
5161,2013-11-16 16:50:00,4536.348
5161,2013-11-16 17:00:00,4164.2993
5161,2013-11-16 17:10:00,3989.153
5161,2013-11-16 17:20:00,3848.7
5161,2013-11-16 17:30:00,4096.8745
5161,2013-11-16 17:40:00,3899.9282
5161,2013-11-16 17:50:00,3717.9429
5161,2013-11-16 18:00:00,3892.9084
5161,2013-11-16 18:10:00,3218.8262
5161,2013-11-16 18:20:00,2980.5002
5161,2013-11-16 18:30:00,2779.4214
5161,2013-11-16 18:40:00,3051.863
5161,2013-11-16 18:50:00,2231.2476
5161,2013-11-16 19:00:00,2417.1174
5161,2013-11-16 19:10:00,2947.7534
5161,2013-11-16 19:20:00,2416.6057
5161,2013-11-16 19:30:00,1928.504
5161,2013-11-16 19:40:00,1541.9938
5161,2013-11-16 19:50:00,1836.2299
5161,2013-11-16 20:00:00,1571.3789
5161,2013-11-16 20:10:00,1222.3167
5161,2013-11-16 20:20:00,1567.2477
5161,2013-11-16 20:30:00,1291.7872
5161,2013-11-16 20:40:00,1659.2075
5161,2013-11-16 20:50:00,1608.3145
5161,2013-11-16 21:00:00,1507.7076
5161,2013-11-16 21:10:00,1533.553
5161,2013-11-16 21:20:00,1582.3981
5161,2013-11-16 21:30:00,1168.934
5161,2013-11-16 21:40:00,1001.08136
5161,2013-11-16 21:50:00,1028.2974
5161,2013-11-16 22:00:00,1051.5576
5161,2013-11-16 22:10:00,1049.7563
5161,2013-11-16 22:20:00,1380.4363
5161,2013-11-16 22:30:00,1016.3276
5161,2013-11-16 22:40:00,769.7055
5161,2013-11-16 22:50:00,751.467
5161,2013-11-16 23:00:00,904.4677
5161,2013-11-16 23:10:00,712.51825
5161,2013-11-16 23:20:00,743.6028
5161,2013-11-16 23:30:00,703.625
5161,2013-11-16 23:40:00,679.79584
5161,2013-11-16 23:50:00,391.33112
5161,2013-11-17 00:00:00,380.72015
5161,2013-11-17 00:10:00,278.7842
5161,2013-11-17 00:20:00,262.05872
5161,2013-11-17 00:30:00,258.68878
5161,2013-11-17 00:40:00,195.15508
5161,2013-11-17 00:50:00,226.96756
5161,2013-11-17 01:00:00,231.98737
5161,2013-11-17 01:10:00,174.6486
5161,2013-11-17 01:20:00,200.44225
5161,2013-11-17 01:30:00,215.9366
5161,2013-11-17 01:40:00,188.38489
5161,2013-11-17 01:50:00,192.55872
5161,2013-11-17 02:00:00,195.96283
5161,2013-11-17 02:10:00,157.43057
5161,2013-11-17 02:20:00,180.88298
5161,2013-11-17 02:30:00,171.97531
5161,2013-11-17 02:40:00,154.84595
5161,2013-11-17 02:50:00,176.07605
5161,2013-11-17 03:00:00,164.22649
5161,2013-11-17 03:10:00,139.76451
5161,2013-11-17 03:20:00,170.52182
5161,2013-11-17 03:30:00,166.02994
5161,2013-11-17 03:40:00,135.68927
5161,2013-11-17 03:50:00,161.96495
5161,2013-11-17 04:00:00,157.76685
5161,2013-11-17 04:10:00,144.20483
5161,2013-11-17 04:20:00,159.51512
5161,2013-11-17 04:30:00,173.18571
5161,2013-11-17 04:40:00,134.8431
5161,2013-11-17 04:50:00,173.10626
5161,2013-11-17 05:00:00,197.24875
5161,2013-11-17 05:10:00,137.38588
5161,2013-11-17 05:20:00,172.82565
5161,2013-11-17 05:30:00,162.94223
5161,2013-11-17 05:40:00,163.3754
5161,2013-11-17 05:50:00,199.11855
5161,2013-11-17 06:00:00,185.60663
5161,2013-11-17 06:10:00,150.84242
5161,2013-11-17 06:20:00,176.3749
5161,2013-11-17 06:30:00,164.98427
5161,2013-11-17 06:40:00,156.43614
5161,2013-11-17 06:50:00,181.84306
5161,2013-11-17 07:00:00,197.54562
5161,2013-11-17 07:10:00,176.0956
5161,2013-11-17 07:20:00,206.55919
5161,2013-11-17 07:30:00,174.57971
5161,2013-11-17 07:40:00,174.16116
5161,2013-11-17 07:50:00,264.9339
5161,2013-11-17 08:00:00,439.35098
5161,2013-11-17 08:10:00,356.21536
5161,2013-11-17 08:20:00,367.51245
5161,2013-11-17 08:30:00,273.40695
5161,2013-11-17 08:40:00,383.89807
5161,2013-11-17 08:50:00,461.87393
5161,2013-11-17 09:00:00,538.4744
5161,2013-11-17 09:10:00,493.2573
5161,2013-11-17 09:20:00,605.84216
5161,2013-11-17 09:30:00,764.26654
5161,2013-11-17 09:40:00,875.17084
5161,2013-11-17 09:50:00,968.8704
5161,2013-11-17 10:00:00,1252.2457
5161,2013-11-17 10:10:00,1207.9232
5161,2013-11-17 10:20:00,1457.2573
5161,2013-11-17 10:30:00,1819.3555
5161,2013-11-17 10:40:00,1812.5087
5161,2013-11-17 10:50:00,1761.655
5161,2013-11-17 11:00:00,2114.5315
5161,2013-11-17 11:10:00,2735.1758
5161,2013-11-17 11:20:00,2609.5393
5161,2013-11-17 11:30:00,2196.9197
5161,2013-11-17 11:40:00,2454.743
5161,2013-11-17 11:50:00,2353.6929
5161,2013-11-17 12:00:00,2430.4954
5161,2013-11-17 12:10:00,2706.7666
5161,2013-11-17 12:20:00,3100.806
5161,2013-11-17 12:30:00,3413.2144
5161,2013-11-17 12:40:00,3138.8367
5161,2013-11-17 12:50:00,2713.4082
5161,2013-11-17 13:00:00,2472.503
5161,2013-11-17 13:10:00,3138.005
5161,2013-11-17 13:20:00,2791.7063
5161,2013-11-17 13:30:00,3304.6326
5161,2013-11-17 13:40:00,3219.449
5161,2013-11-17 13:50:00,3223.5815
5161,2013-11-17 14:00:00,3312.4082
5161,2013-11-17 14:10:00,3498.5925
5161,2013-11-17 14:20:00,3551.4758
5161,2013-11-17 14:30:00,3662.2908
5161,2013-11-17 14:40:00,3820.7068
5161,2013-11-17 14:50:00,3915.6667
5161,2013-11-17 15:00:00,4007.5774
5161,2013-11-17 15:10:00,3970.4187
5161,2013-11-17 15:20:00,5108.7554
5161,2013-11-17 15:30:00,4854.29
5161,2013-11-17 15:40:00,5120.602
5161,2013-11-17 15:50:00,4618.4775
5161,2013-11-17 16:00:00,4778.6963
5161,2013-11-17 16:10:00,4756.125
5161,2013-11-17 16:20:00,4145.114
5161,2013-11-17 16:30:00,5440.516
5161,2013-11-17 16:40:00,4482.4395
5161,2013-11-17 16:50:00,4456.7207
5161,2013-11-17 17:00:00,4697.7163
5161,2013-11-17 17:10:00,3851.5833
5161,2013-11-17 17:20:00,3937.2998
5161,2013-11-17 17:30:00,3280.4153
5161,2013-11-17 17:40:00,3507.824
5161,2013-11-17 17:50:00,4917.7153
5161,2013-11-17 18:00:00,3303.3943
5161,2013-11-17 18:10:00,2933.5662
5161,2013-11-17 18:20:00,2747.2908
5161,2013-11-17 18:30:00,2592.1475
5161,2013-11-17 18:40:00,2265.8215
5161,2013-11-17 18:50:00,2190.2366
5161,2013-11-17 19:00:00,1801.727
5161,2013-11-17 19:10:00,1949.6818
5161,2013-11-17 19:20:00,1636.8707
5161,2013-11-17 19:30:00,1214.8591
5161,2013-11-17 19:40:00,1173.1152
5161,2013-11-17 19:50:00,1032.8918
5161,2013-11-17 20:00:00,849.7849
5161,2013-11-17 20:10:00,859.07465
5161,2013-11-17 20:20:00,1000.7641
5161,2013-11-17 20:30:00,698.5685
5161,2013-11-17 20:40:00,585.4667
5161,2013-11-17 20:50:00,538.3381
5161,2013-11-17 21:00:00,702.99207
5161,2013-11-17 21:10:00,700.4982
5161,2013-11-17 21:20:00,691.05817
5161,2013-11-17 21:30:00,523.0657
5161,2013-11-17 21:40:00,483.81094
5161,2013-11-17 21:50:00,673.08136
5161,2013-11-17 22:00:00,372.7831
5161,2013-11-17 22:10:00,383.71933
5161,2013-11-17 22:20:00,375.1758
5161,2013-11-17 22:30:00,664.20166
5161,2013-11-17 22:40:00,417.51614
5161,2013-11-17 22:50:00,323.5076
5161,2013-11-17 23:00:00,297.21674
5161,2013-11-17 23:10:00,354.47324
5161,2013-11-17 23:20:00,483.98547
5161,2013-11-17 23:30:00,1275.5612
5161,2013-11-17 23:40:00,906.1418
5161,2013-11-17 23:50:00,1809.5704
5161,2013-11-18 00:00:00,207.29155
5161,2013-11-18 00:10:00,200.99196
5161,2013-11-18 00:20:00,188.83423
5161,2013-11-18 00:30:00,168.22552
5161,2013-11-18 00:40:00,178.35733
5161,2013-11-18 00:50:00,175.65508
5161,2013-11-18 01:00:00,168.58781
5161,2013-11-18 01:10:00,173.4287
5161,2013-11-18 01:20:00,171.2946
5161,2013-11-18 01:30:00,177.98982
5161,2013-11-18 01:40:00,156.74297
5161,2013-11-18 01:50:00,180.54025
5161,2013-11-18 02:00:00,149.94301
5161,2013-11-18 02:10:00,150.95174
5161,2013-11-18 02:20:00,159.50642
5161,2013-11-18 02:30:00,142.8013
5161,2013-11-18 02:40:00,153.27995
5161,2013-11-18 02:50:00,159.50319
5161,2013-11-18 03:00:00,148.59946
5161,2013-11-18 03:10:00,147.49878
5161,2013-11-18 03:20:00,161.6754
5161,2013-11-18 03:30:00,140.99252
5161,2013-11-18 03:40:00,154.63605
5161,2013-11-18 03:50:00,168.81226
5161,2013-11-18 04:00:00,141.48947
5161,2013-11-18 04:10:00,165.77168
5161,2013-11-18 04:20:00,168.06221
5161,2013-11-18 04:30:00,151.99084
5161,2013-11-18 04:40:00,157.05977
5161,2013-11-18 04:50:00,185.9003
5161,2013-11-18 05:00:00,153.27432
5161,2013-11-18 05:10:00,155.40771
5161,2013-11-18 05:20:00,199.81374
5161,2013-11-18 05:30:00,175.82079
5161,2013-11-18 05:40:00,182.84265
5161,2013-11-18 05:50:00,223.68573
5161,2013-11-18 06:00:00,211.94539
5161,2013-11-18 06:10:00,246.49457
5161,2013-11-18 06:20:00,274.17233
5161,2013-11-18 06:30:00,324.8653
5161,2013-11-18 06:40:00,284.16833
5161,2013-11-18 06:50:00,330.92987
5161,2013-11-18 07:00:00,370.18674
5161,2013-11-18 07:10:00,427.53717
5161,2013-11-18 07:20:00,567.9211
5161,2013-11-18 07:30:00,691.00195
5161,2013-11-18 07:40:00,686.9683
5161,2013-11-18 07:50:00,708.9596
5161,2013-11-18 08:00:00,926.5433
5161,2013-11-18 08:10:00,1006.9499
5161,2013-11-18 08:20:00,1051.8058
5161,2013-11-18 08:30:00,1117.5371
5161,2013-11-18 08:40:00,1155.8433
5161,2013-11-18 08:50:00,1072.8308
5161,2013-11-18 09:00:00,1308.3358
5161,2013-11-18 09:10:00,1352.0284
5161,2013-11-18 09:20:00,1207.1824
5161,2013-11-18 09:30:00,1446.4812
5161,2013-11-18 09:40:00,1520.2124
5161,2013-11-18 09:50:00,1379.6969
5161,2013-11-18 10:00:00,1847.4806
5161,2013-11-18 10:10:00,1685.7064
5161,2013-11-18 10:20:00,1692.5433
5161,2013-11-18 10:30:00,2026.53
5161,2013-11-18 10:40:00,1923.8392
5161,2013-11-18 10:50:00,1971.095
5161,2013-11-18 11:00:00,2233.8362
5161,2013-11-18 11:10:00,2270.3352
5161,2013-11-18 11:20:00,2252.0522
5161,2013-11-18 11:30:00,2212.4983
5161,2013-11-18 11:40:00,2030.7354
5161,2013-11-18 11:50:00,2339.1953
5161,2013-11-18 12:00:00,2701.879
5161,2013-11-18 12:10:00,2416.5645
5161,2013-11-18 12:20:00,2937.4646
5161,2013-11-18 12:30:00,2639.386
5161,2013-11-18 12:40:00,2630.7542
5161,2013-11-18 12:50:00,2887.648
5161,2013-11-18 13:00:00,3017.1282
5161,2013-11-18 13:10:00,2767.0635
5161,2013-11-18 13:20:00,2599.4434
5161,2013-11-18 13:30:00,2682.562
5161,2013-11-18 13:40:00,2432.0
5161,2013-11-18 13:50:00,2312.7651
5161,2013-11-18 14:00:00,2304.3857
5161,2013-11-18 14:10:00,2605.477
5161,2013-11-18 14:20:00,2393.93
5161,2013-11-18 14:30:00,2517.1548
5161,2013-11-18 14:40:00,2197.0278
5161,2013-11-18 14:50:00,2095.3235
5161,2013-11-18 15:00:00,2527.717
5161,2013-11-18 15:10:00,2240.5051
5161,2013-11-18 15:20:00,2561.217
5161,2013-11-18 15:30:00,2120.8076
5161,2013-11-18 15:40:00,2574.675
5161,2013-11-18 15:50:00,2213.1719
5161,2013-11-18 16:00:00,2616.9492
5161,2013-11-18 16:10:00,2010.3241
5161,2013-11-18 16:20:00,2266.859
5161,2013-11-18 16:30:00,1965.464
5161,2013-11-18 16:40:00,2261.2866
5161,2013-11-18 16:50:00,2356.3684
5161,2013-11-18 17:00:00,2469.269
5161,2013-11-18 17:10:00,2537.836
5161,2013-11-18 17:20:00,2312.4197
5161,2013-11-18 17:30:00,1905.4376
5161,2013-11-18 17:40:00,1949.0525
5161,2013-11-18 17:50:00,2294.0547
5161,2013-11-18 18:00:00,1752.7203
5161,2013-11-18 18:10:00,1588.7687
5161,2013-11-18 18:20:00,1979.5509
5161,2013-11-18 18:30:00,1593.5078
5161,2013-11-18 18:40:00,2547.508
5161,2013-11-18 18:50:00,1629.1965
5161,2013-11-18 19:00:00,1449.4747
5161,2013-11-18 19:10:00,1751.0646
5161,2013-11-18 19:20:00,2298.4734
5161,2013-11-18 19:30:00,1334.538
5161,2013-11-18 19:40:00,1069.843
5161,2013-11-18 19:50:00,1115.9033
5161,2013-11-18 20:00:00,890.4808
5161,2013-11-18 20:10:00,801.45856
5161,2013-11-18 20:20:00,852.79846
5161,2013-11-18 20:30:00,1091.1448
5161,2013-11-18 20:40:00,750.90137
5161,2013-11-18 20:50:00,862.8137
5161,2013-11-18 21:00:00,749.6435
5161,2013-11-18 21:10:00,608.1065
5161,2013-11-18 21:20:00,699.75244
5161,2013-11-18 21:30:00,863.1909
5161,2013-11-18 21:40:00,686.14105
5161,2013-11-18 21:50:00,608.183
5161,2013-11-18 22:00:00,555.29333
5161,2013-11-18 22:10:00,440.18524
5161,2013-11-18 22:20:00,479.68588
5161,2013-11-18 22:30:00,412.7267
5161,2013-11-18 22:40:00,350.4905
5161,2013-11-18 22:50:00,368.23706
5161,2013-11-18 23:00:00,395.9279
5161,2013-11-18 23:10:00,314.07083
5161,2013-11-18 23:20:00,303.01346
5161,2013-11-18 23:30:00,284.1715
5161,2013-11-18 23:40:00,229.58723
5161,2013-11-18 23:50:00,288.45303
5161,2013-11-19 00:00:00,255.12119
5161,2013-11-19 00:10:00,250.68567
5161,2013-11-19 00:20:00,262.36472
5161,2013-11-19 00:30:00,159.48904
5161,2013-11-19 00:40:00,168.0817
5161,2013-11-19 00:50:00,192.7946
5161,2013-11-19 01:00:00,164.20917
5161,2013-11-19 01:10:00,154.48892
5161,2013-11-19 01:20:00,280.21085
5161,2013-11-19 01:30:00,191.48088
5161,2013-11-19 01:40:00,266.0405
5161,2013-11-19 01:50:00,199.36354
5161,2013-11-19 02:00:00,132.87225
5161,2013-11-19 02:10:00,147.06572
5161,2013-11-19 02:20:00,155.96248
5161,2013-11-19 02:30:00,181.3133
5161,2013-11-19 02:40:00,188.13467
5161,2013-11-19 02:50:00,184.54056
5161,2013-11-19 03:00:00,140.65936
5161,2013-11-19 03:10:00,147.9319
5161,2013-11-19 03:20:00,171.76445
5161,2013-11-19 03:30:00,145.73875
5161,2013-11-19 03:40:00,139.66412
5161,2013-11-19 03:50:00,171.2427
5161,2013-11-19 04:00:00,139.74818
5161,2013-11-19 04:10:00,152.84525
5161,2013-11-19 04:20:00,169.8077
5161,2013-11-19 04:30:00,158.35222
5161,2013-11-19 04:40:00,145.90808
5161,2013-11-19 04:50:00,198.2695
5161,2013-11-19 05:00:00,164.50473
5161,2013-11-19 05:10:00,159.965
5161,2013-11-19 05:20:00,173.85555
5161,2013-11-19 05:30:00,158.08006
5161,2013-11-19 05:40:00,180.16922
5161,2013-11-19 05:50:00,254.59448
5161,2013-11-19 06:00:00,217.93285
5161,2013-11-19 06:10:00,226.69568
5161,2013-11-19 06:20:00,337.2759
5161,2013-11-19 06:30:00,328.03003
5161,2013-11-19 06:40:00,332.53427
5161,2013-11-19 06:50:00,445.76202
5161,2013-11-19 07:00:00,396.22495
5161,2013-11-19 07:10:00,440.45807
5161,2013-11-19 07:20:00,577.2588
5161,2013-11-19 07:30:00,588.0202
5161,2013-11-19 07:40:00,610.7634
5161,2013-11-19 07:50:00,730.5611
5161,2013-11-19 08:00:00,892.8201
5161,2013-11-19 08:10:00,945.1731
5161,2013-11-19 08:20:00,1117.9789
5161,2013-11-19 08:30:00,1099.7273
5161,2013-11-19 08:40:00,1104.6814
5161,2013-11-19 08:50:00,1264.5144
5161,2013-11-19 09:00:00,1125.5594
5161,2013-11-19 09:10:00,1330.7733
5161,2013-11-19 09:20:00,1513.0796
5161,2013-11-19 09:30:00,1419.5138
5161,2013-11-19 09:40:00,1555.2544
5161,2013-11-19 09:50:00,1737.1085
5161,2013-11-19 10:00:00,1654.194
5161,2013-11-19 10:10:00,1683.295
5161,2013-11-19 10:20:00,1831.0879
5161,2013-11-19 10:30:00,1692.1571
5161,2013-11-19 10:40:00,1783.817
5161,2013-11-19 10:50:00,1637.2131
5161,2013-11-19 11:00:00,2060.6824
5161,2013-11-19 11:10:00,1786.7842
5161,2013-11-19 11:20:00,1864.4939
5161,2013-11-19 11:30:00,2598.5725
5161,2013-11-19 11:40:00,2368.6533
5161,2013-11-19 11:50:00,2471.7627
5161,2013-11-19 12:00:00,2401.5615
5161,2013-11-19 12:10:00,2612.758
5161,2013-11-19 12:20:00,2639.3176
5161,2013-11-19 12:30:00,2812.412
5161,2013-11-19 12:40:00,3030.0864
5161,2013-11-19 12:50:00,3138.5352
5161,2013-11-19 13:00:00,2805.7825
5161,2013-11-19 13:10:00,2874.2402
5161,2013-11-19 13:20:00,2776.9194
5161,2013-11-19 13:30:00,2621.1348
5161,2013-11-19 13:40:00,2947.9146
5161,2013-11-19 13:50:00,2502.6697
5161,2013-11-19 14:00:00,2533.0369
5161,2013-11-19 14:10:00,2382.412
5161,2013-11-19 14:20:00,3190.3208
5161,2013-11-19 14:30:00,2416.254
5161,2013-11-19 14:40:00,2465.524
5161,2013-11-19 14:50:00,2444.4329
5161,2013-11-19 15:00:00,2231.996
5161,2013-11-19 15:10:00,2636.682
5161,2013-11-19 15:20:00,2531.5654
5161,2013-11-19 15:30:00,2950.104
5161,2013-11-19 15:40:00,2044.7405
5161,2013-11-19 15:50:00,2622.5332
5161,2013-11-19 16:00:00,3129.9753
5161,2013-11-19 16:10:00,2166.0051
5161,2013-11-19 16:20:00,2046.731
5161,2013-11-19 16:30:00,2283.3962
5161,2013-11-19 16:40:00,1962.903
5161,2013-11-19 16:50:00,2280.4517
5161,2013-11-19 17:00:00,2133.196
5161,2013-11-19 17:10:00,2021.317
5161,2013-11-19 17:20:00,1923.1046
5161,2013-11-19 17:30:00,1859.0336
5161,2013-11-19 17:40:00,2686.5383
5161,2013-11-19 17:50:00,2155.6997
5161,2013-11-19 18:00:00,2497.6687
5161,2013-11-19 18:10:00,1993.1687
5161,2013-11-19 18:20:00,2470.2156
5161,2013-11-19 18:30:00,1800.578
5161,2013-11-19 18:40:00,1562.813
5161,2013-11-19 18:50:00,1794.5647
5161,2013-11-19 19:00:00,1900.3579
5161,2013-11-19 19:10:00,1419.4025
5161,2013-11-19 19:20:00,1295.999
5161,2013-11-19 19:30:00,1090.7601
5161,2013-11-19 19:40:00,1052.8973
5161,2013-11-19 19:50:00,1245.3666
5161,2013-11-19 20:00:00,1433.5792
5161,2013-11-19 20:10:00,1119.2745
5161,2013-11-19 20:20:00,1278.2311
5161,2013-11-19 20:30:00,1252.3953
5161,2013-11-19 20:40:00,946.2125
5161,2013-11-19 20:50:00,754.5709
5161,2013-11-19 21:00:00,888.2505
5161,2013-11-19 21:10:00,925.8019
5161,2013-11-19 21:20:00,827.94745
5161,2013-11-19 21:30:00,818.0709
5161,2013-11-19 21:40:00,765.7512
5161,2013-11-19 21:50:00,609.0586
5161,2013-11-19 22:00:00,852.3314
5161,2013-11-19 22:10:00,706.7834
5161,2013-11-19 22:20:00,556.329
5161,2013-11-19 22:30:00,619.9893
5161,2013-11-19 22:40:00,424.25262
5161,2013-11-19 22:50:00,427.37778
5161,2013-11-19 23:00:00,425.19125
5161,2013-11-19 23:10:00,407.69125
5161,2013-11-19 23:20:00,392.70578
5161,2013-11-19 23:30:00,381.65125
5161,2013-11-19 23:40:00,322.83383
5161,2013-11-19 23:50:00,285.76352
5161,2013-11-20 00:00:00,285.10574
5161,2013-11-20 00:10:00,239.62274
5161,2013-11-20 00:20:00,259.91257
5161,2013-11-20 00:30:00,243.79578
5161,2013-11-20 00:40:00,275.2372
5161,2013-11-20 00:50:00,231.25903
5161,2013-11-20 01:00:00,269.79517
5161,2013-11-20 01:10:00,202.3461
5161,2013-11-20 01:20:00,231.1478
5161,2013-11-20 01:30:00,243.22833
5161,2013-11-20 01:40:00,194.06657
5161,2013-11-20 01:50:00,243.58223
5161,2013-11-20 02:00:00,230.79561
5161,2013-11-20 02:10:00,198.51617
5161,2013-11-20 02:20:00,219.94923
5161,2013-11-20 02:30:00,234.90387
5161,2013-11-20 02:40:00,202.29034
5161,2013-11-20 02:50:00,223.11934
5161,2013-11-20 03:00:00,235.5475
5161,2013-11-20 03:10:00,232.21515
5161,2013-11-20 03:20:00,261.1805
5161,2013-11-20 03:30:00,255.43835
5161,2013-11-20 03:40:00,248.22774
5161,2013-11-20 03:50:00,225.32909
5161,2013-11-20 04:00:00,248.4159
5161,2013-11-20 04:10:00,366.92773
5161,2013-11-20 04:20:00,237.81186
5161,2013-11-20 04:30:00,233.78838
5161,2013-11-20 04:40:00,216.3522
5161,2013-11-20 04:50:00,260.05725
5161,2013-11-20 05:00:00,284.25458
5161,2013-11-20 05:10:00,232.08942
5161,2013-11-20 05:20:00,250.81834
5161,2013-11-20 05:30:00,231.50406
5161,2013-11-20 05:40:00,251.64134
5161,2013-11-20 05:50:00,257.97775
5161,2013-11-20 06:00:00,310.09726
5161,2013-11-20 06:10:00,268.8245
5161,2013-11-20 06:20:00,317.1905
5161,2013-11-20 06:30:00,322.17636
5161,2013-11-20 06:40:00,360.05255
5161,2013-11-20 06:50:00,600.98364
5161,2013-11-20 07:00:00,528.30237
5161,2013-11-20 07:10:00,596.40784
5161,2013-11-20 07:20:00,543.4159
5161,2013-11-20 07:30:00,705.7731
5161,2013-11-20 07:40:00,759.9196
5161,2013-11-20 07:50:00,810.9307
5161,2013-11-20 08:00:00,942.45703
5161,2013-11-20 08:10:00,1157.3651
5161,2013-11-20 08:20:00,1129.4133
5161,2013-11-20 08:30:00,1130.3188
5161,2013-11-20 08:40:00,1340.5758
5161,2013-11-20 08:50:00,1126.3596
5161,2013-11-20 09:00:00,1241.2197
5161,2013-11-20 09:10:00,1312.6135
5161,2013-11-20 09:20:00,1531.9618
5161,2013-11-20 09:30:00,1642.8486
5161,2013-11-20 09:40:00,1785.8679
5161,2013-11-20 09:50:00,1908.3302
5161,2013-11-20 10:00:00,1659.4648
5161,2013-11-20 10:10:00,2053.602
5161,2013-11-20 10:20:00,1916.406
5161,2013-11-20 10:30:00,2018.712
5161,2013-11-20 10:40:00,2066.1333
5161,2013-11-20 10:50:00,2216.3071
5161,2013-11-20 11:00:00,2051.514
5161,2013-11-20 11:10:00,2212.8406
5161,2013-11-20 11:20:00,2160.2961
5161,2013-11-20 11:30:00,2357.1882
5161,2013-11-20 11:40:00,2420.8591
5161,2013-11-20 11:50:00,2495.1577
5161,2013-11-20 12:00:00,2562.799
5161,2013-11-20 12:10:00,2665.4656
5161,2013-11-20 12:20:00,3390.454
5161,2013-11-20 12:30:00,3398.3386
5161,2013-11-20 12:40:00,3533.811
5161,2013-11-20 12:50:00,3611.2678
5161,2013-11-20 13:00:00,3079.8838
5161,2013-11-20 13:10:00,2740.2847
5161,2013-11-20 13:20:00,3382.3826
5161,2013-11-20 13:30:00,3035.993
5161,2013-11-20 13:40:00,2662.5327
5161,2013-11-20 13:50:00,2560.8064
5161,2013-11-20 14:00:00,2409.5476
5161,2013-11-20 14:10:00,2226.5234
5161,2013-11-20 14:20:00,2284.081
5161,2013-11-20 14:30:00,2460.0664
5161,2013-11-20 14:40:00,2520.0012
5161,2013-11-20 14:50:00,2517.108
5161,2013-11-20 15:00:00,2432.471
5161,2013-11-20 15:10:00,2607.3943
5161,2013-11-20 15:20:00,2555.0293
5161,2013-11-20 15:30:00,2418.814
5161,2013-11-20 15:40:00,2203.4905
5161,2013-11-20 15:50:00,2306.6472
5161,2013-11-20 16:00:00,2634.5513
5161,2013-11-20 16:10:00,2371.4358
5161,2013-11-20 16:20:00,2400.1826
5161,2013-11-20 16:30:00,2112.9668
5161,2013-11-20 16:40:00,2202.9333
5161,2013-11-20 16:50:00,2325.5627
5161,2013-11-20 17:00:00,2559.2834
5161,2013-11-20 17:10:00,2223.878
5161,2013-11-20 17:20:00,2058.0798
5161,2013-11-20 17:30:00,2102.6
5161,2013-11-20 17:40:00,1909.7411
5161,2013-11-20 17:50:00,1924.891
5161,2013-11-20 18:00:00,2258.2202
5161,2013-11-20 18:10:00,1814.8499
5161,2013-11-20 18:20:00,1750.8054
5161,2013-11-20 18:30:00,1898.6986
5161,2013-11-20 18:40:00,1681.0878
5161,2013-11-20 18:50:00,1674.4019
5161,2013-11-20 19:00:00,1567.331
5161,2013-11-20 19:10:00,1513.6935
5161,2013-11-20 19:20:00,1379.3394
5161,2013-11-20 19:30:00,1449.4786
5161,2013-11-20 19:40:00,1133.0402
5161,2013-11-20 19:50:00,1313.2399
5161,2013-11-20 20:00:00,1035.8507
5161,2013-11-20 20:10:00,1111.8939
5161,2013-11-20 20:20:00,852.8191
5161,2013-11-20 20:30:00,1193.0883
5161,2013-11-20 20:40:00,978.0732
5161,2013-11-20 20:50:00,878.39966
5161,2013-11-20 21:00:00,804.24677
5161,2013-11-20 21:10:00,938.8903
5161,2013-11-20 21:20:00,554.8187
5161,2013-11-20 21:30:00,729.3828
5161,2013-11-20 21:40:00,743.4361
5161,2013-11-20 21:50:00,528.85443
5161,2013-11-20 22:00:00,543.8213
5161,2013-11-20 22:10:00,423.45422
5161,2013-11-20 22:20:00,470.07074
5161,2013-11-20 22:30:00,478.21512
5161,2013-11-20 22:40:00,490.43826
5161,2013-11-20 22:50:00,433.12375
5161,2013-11-20 23:00:00,362.54587
5161,2013-11-20 23:10:00,301.11255
5161,2013-11-20 23:20:00,383.99228
5161,2013-11-20 23:30:00,391.43872
5161,2013-11-20 23:40:00,283.5433
5161,2013-11-20 23:50:00,271.57968
5161,2013-11-21 00:00:00,280.0194
5161,2013-11-21 00:10:00,231.39381
5161,2013-11-21 00:20:00,255.19557
5161,2013-11-21 00:30:00,216.3249
5161,2013-11-21 00:40:00,197.2123
5161,2013-11-21 00:50:00,243.94685
5161,2013-11-21 01:00:00,183.9102
5161,2013-11-21 01:10:00,181.38173
5161,2013-11-21 01:20:00,203.21248
5161,2013-11-21 01:30:00,180.26349
5161,2013-11-21 01:40:00,172.9039
5161,2013-11-21 01:50:00,204.76526
5161,2013-11-21 02:00:00,193.9279
5161,2013-11-21 02:10:00,195.3563
5161,2013-11-21 02:20:00,187.02136
5161,2013-11-21 02:30:00,178.40707
5161,2013-11-21 02:40:00,162.57251
5161,2013-11-21 02:50:00,176.29602
5161,2013-11-21 03:00:00,166.91725
5161,2013-11-21 03:10:00,162.23795
5161,2013-11-21 03:20:00,179.18864
5161,2013-11-21 03:30:00,158.40349
5161,2013-11-21 03:40:00,154.74326
5161,2013-11-21 03:50:00,173.53006
5161,2013-11-21 04:00:00,167.55508
5161,2013-11-21 04:10:00,164.95064
5161,2013-11-21 04:20:00,181.69084
5161,2013-11-21 04:30:00,163.79755
5161,2013-11-21 04:40:00,189.17142
5161,2013-11-21 04:50:00,189.03867
5161,2013-11-21 05:00:00,202.8921
5161,2013-11-21 05:10:00,185.07808
5161,2013-11-21 05:20:00,180.14722
5161,2013-11-21 05:30:00,171.08662
5161,2013-11-21 05:40:00,185.9448
5161,2013-11-21 05:50:00,234.7852
5161,2013-11-21 06:00:00,258.48605
5161,2013-11-21 06:10:00,282.01126
5161,2013-11-21 06:20:00,276.4337
5161,2013-11-21 06:30:00,350.04636
5161,2013-11-21 06:40:00,365.94046
5161,2013-11-21 06:50:00,429.0319
5161,2013-11-21 07:00:00,380.16592
5161,2013-11-21 07:10:00,527.9512
5161,2013-11-21 07:20:00,524.7252
5161,2013-11-21 07:30:00,667.722
5161,2013-11-21 07:40:00,681.9263
5161,2013-11-21 07:50:00,777.90576
5161,2013-11-21 08:00:00,898.2849
5161,2013-11-21 08:10:00,960.9904
5161,2013-11-21 08:20:00,1007.52246
5161,2013-11-21 08:30:00,1041.654
5161,2013-11-21 08:40:00,1209.1028
5161,2013-11-21 08:50:00,1196.0468
5161,2013-11-21 09:00:00,1291.7162
5161,2013-11-21 09:10:00,1382.9862
5161,2013-11-21 09:20:00,1685.9958
5161,2013-11-21 09:30:00,1539.2736
5161,2013-11-21 09:40:00,1742.1135
5161,2013-11-21 09:50:00,1780.7964
5161,2013-11-21 10:00:00,1643.4019
5161,2013-11-21 10:10:00,1865.8641
5161,2013-11-21 10:20:00,2022.7715
5161,2013-11-21 10:30:00,1999.5786
5161,2013-11-21 10:40:00,1825.282
5161,2013-11-21 10:50:00,1936.909
5161,2013-11-21 11:00:00,2181.2437
5161,2013-11-21 11:10:00,2155.5496
5161,2013-11-21 11:20:00,2558.3352
5161,2013-11-21 11:30:00,2669.6675
5161,2013-11-21 11:40:00,2636.4072
5161,2013-11-21 11:50:00,2789.981
5161,2013-11-21 12:00:00,3599.8687
5161,2013-11-21 12:10:00,2915.9827
5161,2013-11-21 12:20:00,2897.0571
5161,2013-11-21 12:30:00,3272.1282
5161,2013-11-21 12:40:00,3298.9597
5161,2013-11-21 12:50:00,3184.218
5161,2013-11-21 13:00:00,3382.791
5161,2013-11-21 13:10:00,3407.9536
5161,2013-11-21 13:20:00,3361.1365
5161,2013-11-21 13:30:00,2969.7122
5161,2013-11-21 13:40:00,3038.3562
5161,2013-11-21 13:50:00,3027.962
5161,2013-11-21 14:00:00,2751.8276
5161,2013-11-21 14:10:00,2947.498
5161,2013-11-21 14:20:00,2588.8518
5161,2013-11-21 14:30:00,2405.1392
5161,2013-11-21 14:40:00,2707.8013
5161,2013-11-21 14:50:00,2746.1196
5161,2013-11-21 15:00:00,2301.786
5161,2013-11-21 15:10:00,2547.2769
5161,2013-11-21 15:20:00,2886.4285
5161,2013-11-21 15:30:00,2656.842
5161,2013-11-21 15:40:00,2866.1746
5161,2013-11-21 15:50:00,2276.241
5161,2013-11-21 16:00:00,2459.1274
5161,2013-11-21 16:10:00,2861.6475
5161,2013-11-21 16:20:00,2480.5173
5161,2013-11-21 16:30:00,2070.1248
5161,2013-11-21 16:40:00,2360.5205
5161,2013-11-21 16:50:00,2227.1138
5161,2013-11-21 17:00:00,2059.5183
5161,2013-11-21 17:10:00,2164.248
5161,2013-11-21 17:20:00,2168.537
5161,2013-11-21 17:30:00,2102.4841
5161,2013-11-21 17:40:00,2769.494
5161,2013-11-21 17:50:00,2131.4402
5161,2013-11-21 18:00:00,2354.4634
5161,2013-11-21 18:10:00,1925.4972
5161,2013-11-21 18:20:00,2045.3862
5161,2013-11-21 18:30:00,2213.0222
5161,2013-11-21 18:40:00,2191.2566
5161,2013-11-21 18:50:00,1936.6537
5161,2013-11-21 19:00:00,2200.6667
5161,2013-11-21 19:10:00,1871.7087
5161,2013-11-21 19:20:00,1367.862
5161,2013-11-21 19:30:00,1247.6227
5161,2013-11-21 19:40:00,906.98584
5161,2013-11-21 19:50:00,1418.6904
5161,2013-11-21 20:00:00,996.7534
5161,2013-11-21 20:10:00,830.621
5161,2013-11-21 20:20:00,876.2269
5161,2013-11-21 20:30:00,775.3787
5161,2013-11-21 20:40:00,1090.3386
5161,2013-11-21 20:50:00,901.9388
5161,2013-11-21 21:00:00,661.0279
5161,2013-11-21 21:10:00,743.5418
5161,2013-11-21 21:20:00,1057.4287
5161,2013-11-21 21:30:00,508.01523
5161,2013-11-21 21:40:00,803.5436
5161,2013-11-21 21:50:00,540.6056
5161,2013-11-21 22:00:00,846.9361
5161,2013-11-21 22:10:00,641.2933
5161,2013-11-21 22:20:00,387.22122
5161,2013-11-21 22:30:00,386.5868
5161,2013-11-21 22:40:00,410.89343
5161,2013-11-21 22:50:00,369.79355
5161,2013-11-21 23:00:00,317.6958
5161,2013-11-21 23:10:00,543.7644
5161,2013-11-21 23:20:00,303.93488
5161,2013-11-21 23:30:00,447.05008
5161,2013-11-21 23:40:00,454.75018
5161,2013-11-21 23:50:00,373.32422
5161,2013-11-22 00:00:00,598.911
5161,2013-11-22 00:10:00,265.22388
5161,2013-11-22 00:20:00,247.78421
5161,2013-11-22 00:30:00,231.31064
5161,2013-11-22 00:40:00,486.6404
5161,2013-11-22 00:50:00,410.78888
5161,2013-11-22 01:00:00,219.54286
5161,2013-11-22 01:10:00,207.16385
5161,2013-11-22 01:20:00,213.17784
5161,2013-11-22 01:30:00,169.6937
5161,2013-11-22 01:40:00,195.7009
5161,2013-11-22 01:50:00,192.64624
5161,2013-11-22 02:00:00,215.91103
5161,2013-11-22 02:10:00,215.65729
5161,2013-11-22 02:20:00,197.05608
5161,2013-11-22 02:30:00,162.64323
5161,2013-11-22 02:40:00,163.73491
5161,2013-11-22 02:50:00,182.81087
5161,2013-11-22 03:00:00,158.25943
5161,2013-11-22 03:10:00,191.29044
5161,2013-11-22 03:20:00,193.28085
5161,2013-11-22 03:30:00,158.25972
5161,2013-11-22 03:40:00,184.12042
5161,2013-11-22 03:50:00,191.84569
5161,2013-11-22 04:00:00,162.88612
5161,2013-11-22 04:10:00,194.99934
5161,2013-11-22 04:20:00,192.32793
5161,2013-11-22 04:30:00,173.80577
5161,2013-11-22 04:40:00,192.4239
5161,2013-11-22 04:50:00,196.31013
5161,2013-11-22 05:00:00,186.42673
5161,2013-11-22 05:10:00,179.0412
5161,2013-11-22 05:20:00,216.99171
5161,2013-11-22 05:30:00,191.43399
5161,2013-11-22 05:40:00,245.81587
5161,2013-11-22 05:50:00,313.5298
5161,2013-11-22 06:00:00,264.91367
5161,2013-11-22 06:10:00,271.72012
5161,2013-11-22 06:20:00,374.74405
5161,2013-11-22 06:30:00,365.00272
5161,2013-11-22 06:40:00,323.70258
5161,2013-11-22 06:50:00,399.29163
5161,2013-11-22 07:00:00,330.85217
5161,2013-11-22 07:10:00,565.511
5161,2013-11-22 07:20:00,747.94867
5161,2013-11-22 07:30:00,575.4048
5161,2013-11-22 07:40:00,598.6078
5161,2013-11-22 07:50:00,680.90063
5161,2013-11-22 08:00:00,848.967
5161,2013-11-22 08:10:00,763.9845
5161,2013-11-22 08:20:00,1101.002
5161,2013-11-22 08:30:00,1092.8217
5161,2013-11-22 08:40:00,1022.03046
5161,2013-11-22 08:50:00,1197.5033
5161,2013-11-22 09:00:00,1217.7631
5161,2013-11-22 09:10:00,1306.1302
5161,2013-11-22 09:20:00,1365.7644
5161,2013-11-22 09:30:00,1550.65
5161,2013-11-22 09:40:00,1435.4219
5161,2013-11-22 09:50:00,1462.5146
5161,2013-11-22 10:00:00,1974.7692
5161,2013-11-22 10:10:00,1825.9181
5161,2013-11-22 10:20:00,1790.8601
5161,2013-11-22 10:30:00,2185.8616
5161,2013-11-22 10:40:00,2555.1624
5161,2013-11-22 10:50:00,2014.6805
5161,2013-11-22 11:00:00,2361.624
5161,2013-11-22 11:10:00,2138.2139
5161,2013-11-22 11:20:00,2243.1377
5161,2013-11-22 11:30:00,2719.5671
5161,2013-11-22 11:40:00,2630.2568
5161,2013-11-22 11:50:00,2862.9114
5161,2013-11-22 12:00:00,2843.1167
5161,2013-11-22 12:10:00,2930.0923
5161,2013-11-22 12:20:00,2938.67
5161,2013-11-22 12:30:00,3094.781
5161,2013-11-22 12:40:00,3122.4243
5161,2013-11-22 12:50:00,3629.4182
5161,2013-11-22 13:00:00,2933.7107
5161,2013-11-22 13:10:00,3403.6423
5161,2013-11-22 13:20:00,3015.4304
5161,2013-11-22 13:30:00,2847.456
5161,2013-11-22 13:40:00,2780.1436
5161,2013-11-22 13:50:00,3556.0168
5161,2013-11-22 14:00:00,2880.3462
5161,2013-11-22 14:10:00,2889.7573
5161,2013-11-22 14:20:00,3665.0662
5161,2013-11-22 14:30:00,3600.4595
5161,2013-11-22 14:40:00,3929.218
5161,2013-11-22 14:50:00,3676.3145
5161,2013-11-22 15:00:00,3153.4185
5161,2013-11-22 15:10:00,3047.1155
5161,2013-11-22 15:20:00,2861.9524
5161,2013-11-22 15:30:00,2959.5898
5161,2013-11-22 15:40:00,3014.699
5161,2013-11-22 15:50:00,2921.9492
5161,2013-11-22 16:00:00,3288.917
5161,2013-11-22 16:10:00,3334.4207
5161,2013-11-22 16:20:00,3130.6775
5161,2013-11-22 16:30:00,2526.2026
5161,2013-11-22 16:40:00,3272.0405
5161,2013-11-22 16:50:00,2955.6086
5161,2013-11-22 17:00:00,2828.6553
5161,2013-11-22 17:10:00,2572.8105
5161,2013-11-22 17:20:00,2842.8826
5161,2013-11-22 17:30:00,2249.2173
5161,2013-11-22 17:40:00,2851.317
5161,2013-11-22 17:50:00,2510.0964
5161,2013-11-22 18:00:00,2354.1484
5161,2013-11-22 18:10:00,2749.2612
5161,2013-11-22 18:20:00,2864.0698
5161,2013-11-22 18:30:00,2354.1963
5161,2013-11-22 18:40:00,2280.295
5161,2013-11-22 18:50:00,1805.8883
5161,2013-11-22 19:00:00,1822.3085
5161,2013-11-22 19:10:00,1494.5183
5161,2013-11-22 19:20:00,1532.6934
5161,2013-11-22 19:30:00,1319.5885
5161,2013-11-22 19:40:00,1650.232
5161,2013-11-22 19:50:00,1152.2609
5161,2013-11-22 20:00:00,1011.27576
5161,2013-11-22 20:10:00,943.35376
5161,2013-11-22 20:20:00,1080.9393
5161,2013-11-22 20:30:00,920.9937
5161,2013-11-22 20:40:00,805.2059
5161,2013-11-22 20:50:00,758.9691
5161,2013-11-22 21:00:00,770.44025
5161,2013-11-22 21:10:00,972.8967
5161,2013-11-22 21:20:00,1121.7556
5161,2013-11-22 21:30:00,620.0072
5161,2013-11-22 21:40:00,579.70447
5161,2013-11-22 21:50:00,602.8951
5161,2013-11-22 22:00:00,460.36838
5161,2013-11-22 22:10:00,464.23987
5161,2013-11-22 22:20:00,547.0495
5161,2013-11-22 22:30:00,626.9234
5161,2013-11-22 22:40:00,494.60513
5161,2013-11-22 22:50:00,623.1561
5161,2013-11-22 23:00:00,645.9171
5161,2013-11-22 23:10:00,461.65338
5161,2013-11-22 23:20:00,483.597
5161,2013-11-22 23:30:00,531.6668
5161,2013-11-22 23:40:00,349.03928
5161,2013-11-22 23:50:00,325.57147
5161,2013-11-23 00:00:00,267.63205
5161,2013-11-23 00:10:00,226.28886
5161,2013-11-23 00:20:00,242.78276
5161,2013-11-23 00:30:00,243.26544
5161,2013-11-23 00:40:00,182.37685
5161,2013-11-23 00:50:00,223.15057
5161,2013-11-23 01:00:00,243.28937
5161,2013-11-23 01:10:00,210.49643
5161,2013-11-23 01:20:00,222.50977
5161,2013-11-23 01:30:00,305.30518
5161,2013-11-23 01:40:00,177.28326
5161,2013-11-23 01:50:00,163.02386
5161,2013-11-23 02:00:00,178.63963
5161,2013-11-23 02:10:00,160.1217
5161,2013-11-23 02:20:00,149.34615
5161,2013-11-23 02:30:00,176.50922
5161,2013-11-23 02:40:00,149.34282
5161,2013-11-23 02:50:00,156.11978
5161,2013-11-23 03:00:00,183.41411
5161,2013-11-23 03:10:00,135.6828
5161,2013-11-23 03:20:00,144.72842
5161,2013-11-23 03:30:00,164.63695
5161,2013-11-23 03:40:00,129.69154
5161,2013-11-23 03:50:00,153.85231
5161,2013-11-23 04:00:00,162.29182
5161,2013-11-23 04:10:00,149.8483
5161,2013-11-23 04:20:00,142.9062
5161,2013-11-23 04:30:00,150.26193
5161,2013-11-23 04:40:00,133.80632
5161,2013-11-23 04:50:00,139.64844
5161,2013-11-23 05:00:00,181.53195
5161,2013-11-23 05:10:00,132.01552
5161,2013-11-23 05:20:00,154.80383
5161,2013-11-23 05:30:00,210.96352
5161,2013-11-23 05:40:00,163.56157
5161,2013-11-23 05:50:00,166.14195
5161,2013-11-23 06:00:00,211.36845
5161,2013-11-23 06:10:00,351.12088
5161,2013-11-23 06:20:00,295.38956
5161,2013-11-23 06:30:00,223.89626
5161,2013-11-23 06:40:00,207.34662
5161,2013-11-23 06:50:00,290.36478
5161,2013-11-23 07:00:00,266.03247
5161,2013-11-23 07:10:00,245.90947
5161,2013-11-23 07:20:00,259.80362
5161,2013-11-23 07:30:00,549.82544
5161,2013-11-23 07:40:00,381.74936
5161,2013-11-23 07:50:00,336.08313
5161,2013-11-23 08:00:00,433.3531
5161,2013-11-23 08:10:00,478.30515
5161,2013-11-23 08:20:00,479.4251
5161,2013-11-23 08:30:00,506.16937
5161,2013-11-23 08:40:00,622.0353
5161,2013-11-23 08:50:00,1055.8073
5161,2013-11-23 09:00:00,746.15356
5161,2013-11-23 09:10:00,1017.6603
5161,2013-11-23 09:20:00,933.48083
5161,2013-11-23 09:30:00,1240.2893
5161,2013-11-23 09:40:00,1184.176
5161,2013-11-23 09:50:00,1364.5239
5161,2013-11-23 10:00:00,1766.8035
5161,2013-11-23 10:10:00,1733.3048
5161,2013-11-23 10:20:00,1834.002
5161,2013-11-23 10:30:00,1935.809
5161,2013-11-23 10:40:00,2165.799
5161,2013-11-23 10:50:00,2291.616
5161,2013-11-23 11:00:00,2087.6858
5161,2013-11-23 11:10:00,2620.5454
5161,2013-11-23 11:20:00,2359.2742
5161,2013-11-23 11:30:00,2544.0222
5161,2013-11-23 11:40:00,2750.0083
5161,2013-11-23 11:50:00,2874.7778
5161,2013-11-23 12:00:00,3588.7617
5161,2013-11-23 12:10:00,3780.6968
5161,2013-11-23 12:20:00,3446.3374
5161,2013-11-23 12:30:00,3534.5645
5161,2013-11-23 12:40:00,3335.2861
5161,2013-11-23 12:50:00,3598.2673
5161,2013-11-23 13:00:00,3061.7524
5161,2013-11-23 13:10:00,3852.5288
5161,2013-11-23 13:20:00,3704.1968
5161,2013-11-23 13:30:00,3567.81
5161,2013-11-23 13:40:00,3455.756
5161,2013-11-23 13:50:00,3341.1565
5161,2013-11-23 14:00:00,3987.0369
5161,2013-11-23 14:10:00,4366.3564
5161,2013-11-23 14:20:00,3921.7285
5161,2013-11-23 14:30:00,3828.59
5161,2013-11-23 14:40:00,4166.347
5161,2013-11-23 14:50:00,4513.6284
5161,2013-11-23 15:00:00,4117.0737
5161,2013-11-23 15:10:00,4583.8237
5161,2013-11-23 15:20:00,4525.775
5161,2013-11-23 15:30:00,4224.4985
5161,2013-11-23 15:40:00,4588.5747
5161,2013-11-23 15:50:00,4845.13
5161,2013-11-23 16:00:00,4976.0806
5161,2013-11-23 16:10:00,5153.1274
5161,2013-11-23 16:20:00,4522.657
5161,2013-11-23 16:30:00,4697.6855
5161,2013-11-23 16:40:00,5024.9087
5161,2013-11-23 16:50:00,4658.8525
5161,2013-11-23 17:00:00,4101.3906
5161,2013-11-23 17:10:00,4675.246
5161,2013-11-23 17:20:00,4162.1064
5161,2013-11-23 17:30:00,4214.822
5161,2013-11-23 17:40:00,3955.8228
5161,2013-11-23 17:50:00,3825.093
5161,2013-11-23 18:00:00,3582.519
5161,2013-11-23 18:10:00,4234.2544
5161,2013-11-23 18:20:00,3536.3542
5161,2013-11-23 18:30:00,3193.8923
5161,2013-11-23 18:40:00,3131.9082
5161,2013-11-23 18:50:00,3040.935
5161,2013-11-23 19:00:00,2830.026
5161,2013-11-23 19:10:00,2527.248
5161,2013-11-23 19:20:00,2143.1482
5161,2013-11-23 19:30:00,2096.7847
5161,2013-11-23 19:40:00,1802.7378
5161,2013-11-23 19:50:00,1598.4622
5161,2013-11-23 20:00:00,1309.8551
5161,2013-11-23 20:10:00,1166.3754
5161,2013-11-23 20:20:00,1151.2986
5161,2013-11-23 20:30:00,1550.2795
5161,2013-11-23 20:40:00,1212.4326
5161,2013-11-23 20:50:00,1417.8248
5161,2013-11-23 21:00:00,1222.3024
5161,2013-11-23 21:10:00,1516.8856
5161,2013-11-23 21:20:00,1051.1726
5161,2013-11-23 21:30:00,949.2746
5161,2013-11-23 21:40:00,805.15894
5161,2013-11-23 21:50:00,819.527
5161,2013-11-23 22:00:00,672.2109
5161,2013-11-23 22:10:00,685.7274
5161,2013-11-23 22:20:00,589.60693
5161,2013-11-23 22:30:00,628.26904
5161,2013-11-23 22:40:00,499.77612
5161,2013-11-23 22:50:00,597.68146
5161,2013-11-23 23:00:00,719.6261
5161,2013-11-23 23:10:00,471.15573
5161,2013-11-23 23:20:00,529.3493
5161,2013-11-23 23:30:00,624.8857
5161,2013-11-23 23:40:00,588.04175
5161,2013-11-23 23:50:00,350.2855
5161,2013-11-24 00:00:00,425.46146
5161,2013-11-24 00:10:00,283.29956
5161,2013-11-24 00:20:00,252.39804
5161,2013-11-24 00:30:00,266.50192
5161,2013-11-24 00:40:00,326.11807
5161,2013-11-24 00:50:00,232.21815
5161,2013-11-24 01:00:00,269.92053
5161,2013-11-24 01:10:00,217.41336
5161,2013-11-24 01:20:00,229.58823
5161,2013-11-24 01:30:00,259.7225
5161,2013-11-24 01:40:00,254.68121
5161,2013-11-24 01:50:00,213.77742
5161,2013-11-24 02:00:00,215.22577
5161,2013-11-24 02:10:00,213.1293
5161,2013-11-24 02:20:00,205.18332
5161,2013-11-24 02:30:00,209.09378
5161,2013-11-24 02:40:00,211.14658
5161,2013-11-24 02:50:00,205.94453
5161,2013-11-24 03:00:00,213.42116
5161,2013-11-24 03:10:00,205.4472
5161,2013-11-24 03:20:00,204.33234
5161,2013-11-24 03:30:00,201.1484
5161,2013-11-24 03:40:00,226.28076
5161,2013-11-24 03:50:00,206.48274
5161,2013-11-24 04:00:00,223.13522
5161,2013-11-24 04:10:00,223.23016
5161,2013-11-24 04:20:00,213.53044
5161,2013-11-24 04:30:00,233.31285
5161,2013-11-24 04:40:00,254.37386
5161,2013-11-24 04:50:00,262.76544
5161,2013-11-24 05:00:00,238.82103
5161,2013-11-24 05:10:00,204.40735
5161,2013-11-24 05:20:00,198.69815
5161,2013-11-24 05:30:00,234.14375
5161,2013-11-24 05:40:00,232.71951
5161,2013-11-24 05:50:00,221.7072
5161,2013-11-24 06:00:00,232.6431
5161,2013-11-24 06:10:00,210.02771
5161,2013-11-24 06:20:00,217.9488
5161,2013-11-24 06:30:00,223.93419
5161,2013-11-24 06:40:00,238.61008
5161,2013-11-24 06:50:00,243.34593
5161,2013-11-24 07:00:00,293.12927
5161,2013-11-24 07:10:00,288.96475
5161,2013-11-24 07:20:00,274.03018
5161,2013-11-24 07:30:00,318.50668
5161,2013-11-24 07:40:00,311.37512
5161,2013-11-24 07:50:00,307.2429
5161,2013-11-24 08:00:00,270.0618
5161,2013-11-24 08:10:00,330.36725
5161,2013-11-24 08:20:00,305.00085
5161,2013-11-24 08:30:00,368.78088
5161,2013-11-24 08:40:00,594.1865
5161,2013-11-24 08:50:00,569.6008
5161,2013-11-24 09:00:00,539.28357
5161,2013-11-24 09:10:00,666.858
5161,2013-11-24 09:20:00,756.0698
5161,2013-11-24 09:30:00,889.9718
5161,2013-11-24 09:40:00,930.0932
5161,2013-11-24 09:50:00,1212.8047
5161,2013-11-24 10:00:00,1355.399
5161,2013-11-24 10:10:00,1564.647
5161,2013-11-24 10:20:00,1605.025
5161,2013-11-24 10:30:00,1789.6512
5161,2013-11-24 10:40:00,2075.1929
5161,2013-11-24 10:50:00,2205.2434
5161,2013-11-24 11:00:00,2498.822
5161,2013-11-24 11:10:00,2550.9353
5161,2013-11-24 11:20:00,2776.2961
5161,2013-11-24 11:30:00,2372.851
5161,2013-11-24 11:40:00,2946.8765
5161,2013-11-24 11:50:00,2619.4834
5161,2013-11-24 12:00:00,2434.0085
5161,2013-11-24 12:10:00,2543.782
5161,2013-11-24 12:20:00,2681.7932
5161,2013-11-24 12:30:00,2766.7205
5161,2013-11-24 12:40:00,3405.829
5161,2013-11-24 12:50:00,2891.2842
5161,2013-11-24 13:00:00,2944.2986
5161,2013-11-24 13:10:00,3097.2188
5161,2013-11-24 13:20:00,3023.407
5161,2013-11-24 13:30:00,3633.8303
5161,2013-11-24 13:40:00,3471.145
5161,2013-11-24 13:50:00,3879.684
5161,2013-11-24 14:00:00,3537.642
5161,2013-11-24 14:10:00,4537.4453
5161,2013-11-24 14:20:00,3780.2256
5161,2013-11-24 14:30:00,4245.2466
5161,2013-11-24 14:40:00,4280.1846
5161,2013-11-24 14:50:00,4215.8154
5161,2013-11-24 15:00:00,4295.82
5161,2013-11-24 15:10:00,4725.7246
5161,2013-11-24 15:20:00,4298.0713
5161,2013-11-24 15:30:00,4963.3228
5161,2013-11-24 15:40:00,4705.4126
5161,2013-11-24 15:50:00,5147.586
5161,2013-11-24 16:00:00,4772.823
5161,2013-11-24 16:10:00,4445.386
5161,2013-11-24 16:20:00,4566.0557
5161,2013-11-24 16:30:00,4709.7544
5161,2013-11-24 16:40:00,4842.323
5161,2013-11-24 16:50:00,4922.504
5161,2013-11-24 17:00:00,4524.5244
5161,2013-11-24 17:10:00,4781.274
5161,2013-11-24 17:20:00,5065.004
5161,2013-11-24 17:30:00,4151.807
5161,2013-11-24 17:40:00,3855.191
5161,2013-11-24 17:50:00,4190.2407
5161,2013-11-24 18:00:00,3771.9585
5161,2013-11-24 18:10:00,2938.7712
5161,2013-11-24 18:20:00,3422.9988
5161,2013-11-24 18:30:00,3182.8206
5161,2013-11-24 18:40:00,2670.0798
5161,2013-11-24 18:50:00,2600.1313
5161,2013-11-24 19:00:00,2369.3062
5161,2013-11-24 19:10:00,1780.6407
5161,2013-11-24 19:20:00,1553.0956
5161,2013-11-24 19:30:00,1413.016
5161,2013-11-24 19:40:00,1143.7932
5161,2013-11-24 19:50:00,1262.9464
5161,2013-11-24 20:00:00,1180.1544
5161,2013-11-24 20:10:00,942.33685
5161,2013-11-24 20:20:00,2149.7295
5161,2013-11-24 20:30:00,1755.3579
5161,2013-11-24 20:40:00,1837.2386
5161,2013-11-24 20:50:00,843.3705
5161,2013-11-24 21:00:00,830.59827
5161,2013-11-24 21:10:00,1109.0095
5161,2013-11-24 21:20:00,1133.5076
5161,2013-11-24 21:30:00,1267.1122
5161,2013-11-24 21:40:00,638.4013
5161,2013-11-24 21:50:00,577.3198
5161,2013-11-24 22:00:00,552.69666
5161,2013-11-24 22:10:00,556.3392
5161,2013-11-24 22:20:00,699.17267
5161,2013-11-24 22:30:00,667.61633
5161,2013-11-24 22:40:00,551.52167
5161,2013-11-24 22:50:00,837.7375
5161,2013-11-24 23:00:00,416.4783
5161,2013-11-24 23:10:00,543.11707
5161,2013-11-24 23:20:00,333.90155
5161,2013-11-24 23:30:00,332.21475
5161,2013-11-24 23:40:00,439.66888
5161,2013-11-24 23:50:00,293.44965
5161,2013-11-25 00:00:00,327.6317
5161,2013-11-25 00:10:00,331.19507
5161,2013-11-25 00:20:00,507.66803
5161,2013-11-25 00:30:00,257.05698
5161,2013-11-25 00:40:00,252.84412
5161,2013-11-25 00:50:00,914.6452
5161,2013-11-25 01:00:00,620.06866
5161,2013-11-25 01:10:00,234.7584
5161,2013-11-25 01:20:00,241.60417
5161,2013-11-25 01:30:00,228.68239
5161,2013-11-25 01:40:00,212.18034
5161,2013-11-25 01:50:00,226.10814
5161,2013-11-25 02:00:00,229.93332
5161,2013-11-25 02:10:00,226.27394
5161,2013-11-25 02:20:00,232.2799
5161,2013-11-25 02:30:00,258.8955
5161,2013-11-25 02:40:00,293.31473
5161,2013-11-25 02:50:00,234.58191
5161,2013-11-25 03:00:00,226.20293
5161,2013-11-25 03:10:00,214.79918
5161,2013-11-25 03:20:00,267.90405
5161,2013-11-25 03:30:00,258.08182
5161,2013-11-25 03:40:00,228.95082
5161,2013-11-25 03:50:00,220.34282
5161,2013-11-25 04:00:00,235.34985
5161,2013-11-25 04:10:00,207.11504
5161,2013-11-25 04:20:00,241.00386
5161,2013-11-25 04:30:00,231.18565
5161,2013-11-25 04:40:00,224.03499
5161,2013-11-25 04:50:00,224.9697
5161,2013-11-25 05:00:00,213.95988
5161,2013-11-25 05:10:00,204.41472
5161,2013-11-25 05:20:00,230.6092
5161,2013-11-25 05:30:00,233.42094
5161,2013-11-25 05:40:00,229.03204
5161,2013-11-25 05:50:00,297.06744
5161,2013-11-25 06:00:00,336.57312
5161,2013-11-25 06:10:00,322.1542
5161,2013-11-25 06:20:00,277.3893
5161,2013-11-25 06:30:00,340.89514
5161,2013-11-25 06:40:00,368.18622
5161,2013-11-25 06:50:00,381.50153
5161,2013-11-25 07:00:00,459.11615
5161,2013-11-25 07:10:00,582.8406
5161,2013-11-25 07:20:00,627.648
5161,2013-11-25 07:30:00,1188.251
5161,2013-11-25 07:40:00,779.02325
5161,2013-11-25 07:50:00,1142.0403
5161,2013-11-25 08:00:00,795.412
5161,2013-11-25 08:10:00,859.22925
5161,2013-11-25 08:20:00,979.4578
5161,2013-11-25 08:30:00,1000.17175
5161,2013-11-25 08:40:00,1483.483
5161,2013-11-25 08:50:00,1397.8834
5161,2013-11-25 09:00:00,1082.5479
5161,2013-11-25 09:10:00,1119.8132
5161,2013-11-25 09:20:00,2291.6892
5161,2013-11-25 09:30:00,1549.9327
5161,2013-11-25 09:40:00,1911.6174
5161,2013-11-25 09:50:00,1634.8961
5161,2013-11-25 10:00:00,1798.2877
5161,2013-11-25 10:10:00,1958.9723
5161,2013-11-25 10:20:00,1980.472
5161,2013-11-25 10:30:00,1994.822
5161,2013-11-25 10:40:00,1775.1674
5161,2013-11-25 10:50:00,1713.9542
5161,2013-11-25 11:00:00,1811.7261
5161,2013-11-25 11:10:00,1880.2571
5161,2013-11-25 11:20:00,2056.9934
5161,2013-11-25 11:30:00,2127.3628
5161,2013-11-25 11:40:00,2257.4724
5161,2013-11-25 11:50:00,2356.9832
5161,2013-11-25 12:00:00,2324.6326
5161,2013-11-25 12:10:00,2781.4658
5161,2013-11-25 12:20:00,2946.891
5161,2013-11-25 12:30:00,2962.693
5161,2013-11-25 12:40:00,3487.7844
5161,2013-11-25 12:50:00,2882.4883
5161,2013-11-25 13:00:00,3070.1177
5161,2013-11-25 13:10:00,2866.5547
5161,2013-11-25 13:20:00,3242.1653
5161,2013-11-25 13:30:00,3058.6467
5161,2013-11-25 13:40:00,3178.293
5161,2013-11-25 13:50:00,2951.464
5161,2013-11-25 14:00:00,2700.8608
5161,2013-11-25 14:10:00,2626.9238
5161,2013-11-25 14:20:00,2970.2063
5161,2013-11-25 14:30:00,3543.0974
5161,2013-11-25 14:40:00,3371.4658
5161,2013-11-25 14:50:00,3098.8555
5161,2013-11-25 15:00:00,2672.4824
5161,2013-11-25 15:10:00,2949.859
5161,2013-11-25 15:20:00,2704.4504
5161,2013-11-25 15:30:00,2583.3406
5161,2013-11-25 15:40:00,2495.9421
5161,2013-11-25 15:50:00,2962.2214
5161,2013-11-25 16:00:00,2464.0637
5161,2013-11-25 16:10:00,3460.2412
5161,2013-11-25 16:20:00,2506.4102
5161,2013-11-25 16:30:00,2430.9966
5161,2013-11-25 16:40:00,2314.9817
5161,2013-11-25 16:50:00,2608.141
5161,2013-11-25 17:00:00,2671.5723
5161,2013-11-25 17:10:00,2326.1655
5161,2013-11-25 17:20:00,2390.131
5161,2013-11-25 17:30:00,3722.749
5161,2013-11-25 17:40:00,3014.7983
5161,2013-11-25 17:50:00,2613.2537
5161,2013-11-25 18:00:00,2204.2136
5161,2013-11-25 18:10:00,2877.205
5161,2013-11-25 18:20:00,2659.6785
5161,2013-11-25 18:30:00,1682.597
5161,2013-11-25 18:40:00,1630.6079
5161,2013-11-25 18:50:00,1527.492
5161,2013-11-25 19:00:00,1569.806
5161,2013-11-25 19:10:00,1341.9689
5161,2013-11-25 19:20:00,1309.4406
5161,2013-11-25 19:30:00,1016.2309
5161,2013-11-25 19:40:00,1011.5959
5161,2013-11-25 19:50:00,1056.6339
5161,2013-11-25 20:00:00,1053.8778
5161,2013-11-25 20:10:00,946.90485
5161,2013-11-25 20:20:00,810.9023
5161,2013-11-25 20:30:00,757.3995
5161,2013-11-25 20:40:00,792.70044
5161,2013-11-25 20:50:00,749.14734
5161,2013-11-25 21:00:00,736.21857
5161,2013-11-25 21:10:00,616.11847
5161,2013-11-25 21:20:00,667.9539
5161,2013-11-25 21:30:00,792.689
5161,2013-11-25 21:40:00,465.30548
5161,2013-11-25 21:50:00,486.40558
5161,2013-11-25 22:00:00,472.19153
5161,2013-11-25 22:10:00,656.16797
5161,2013-11-25 22:20:00,388.59924
5161,2013-11-25 22:30:00,418.39294
5161,2013-11-25 22:40:00,433.7484
5161,2013-11-25 22:50:00,430.40115
5161,2013-11-25 23:00:00,568.94336
5161,2013-11-25 23:10:00,501.74368
5161,2013-11-25 23:20:00,431.30145
5161,2013-11-25 23:30:00,498.38254
5161,2013-11-25 23:40:00,413.5364
5161,2013-11-25 23:50:00,309.00604
5161,2013-11-26 00:00:00,268.61264
5161,2013-11-26 00:10:00,232.93173
5161,2013-11-26 00:20:00,267.37173
5161,2013-11-26 00:30:00,236.58987
5161,2013-11-26 00:40:00,213.83572
5161,2013-11-26 00:50:00,223.00952
5161,2013-11-26 01:00:00,201.65257
5161,2013-11-26 01:10:00,183.79666
5161,2013-11-26 01:20:00,224.86172
5161,2013-11-26 01:30:00,183.87059
5161,2013-11-26 01:40:00,192.66394
5161,2013-11-26 01:50:00,215.26105
5161,2013-11-26 02:00:00,182.50533
5161,2013-11-26 02:10:00,177.35182
5161,2013-11-26 02:20:00,212.4788
5161,2013-11-26 02:30:00,179.30031
5161,2013-11-26 02:40:00,185.03375
5161,2013-11-26 02:50:00,213.97276
5161,2013-11-26 03:00:00,191.87181
5161,2013-11-26 03:10:00,179.45804
5161,2013-11-26 03:20:00,207.94392
5161,2013-11-26 03:30:00,197.50085
5161,2013-11-26 03:40:00,179.95981
5161,2013-11-26 03:50:00,234.041
5161,2013-11-26 04:00:00,174.91779
5161,2013-11-26 04:10:00,184.86409
5161,2013-11-26 04:20:00,194.39684
5161,2013-11-26 04:30:00,187.94434
5161,2013-11-26 04:40:00,191.6166
5161,2013-11-26 04:50:00,214.48306
5161,2013-11-26 05:00:00,198.68738
5161,2013-11-26 05:10:00,174.74226
5161,2013-11-26 05:20:00,190.072
5161,2013-11-26 05:30:00,184.95296
5161,2013-11-26 05:40:00,182.1491
5161,2013-11-26 05:50:00,223.95598
5161,2013-11-26 06:00:00,229.62064
5161,2013-11-26 06:10:00,264.1509
5161,2013-11-26 06:20:00,262.7449
5161,2013-11-26 06:30:00,306.5161
5161,2013-11-26 06:40:00,351.57767
5161,2013-11-26 06:50:00,408.25095
5161,2013-11-26 07:00:00,456.5493
5161,2013-11-26 07:10:00,485.4186
5161,2013-11-26 07:20:00,550.26526
5161,2013-11-26 07:30:00,829.92004
5161,2013-11-26 07:40:00,722.0838
5161,2013-11-26 07:50:00,721.04694
5161,2013-11-26 08:00:00,1057.9817
5161,2013-11-26 08:10:00,1239.0361
5161,2013-11-26 08:20:00,1171.6554
5161,2013-11-26 08:30:00,1109.7101
5161,2013-11-26 08:40:00,1256.808
5161,2013-11-26 08:50:00,1238.977
5161,2013-11-26 09:00:00,1032.3757
5161,2013-11-26 09:10:00,1288.6603
5161,2013-11-26 09:20:00,1370.1327
5161,2013-11-26 09:30:00,1525.518
5161,2013-11-26 09:40:00,1407.5284
5161,2013-11-26 09:50:00,1670.1036
5161,2013-11-26 10:00:00,1608.5675
5161,2013-11-26 10:10:00,1654.6439
5161,2013-11-26 10:20:00,1824.3352
5161,2013-11-26 10:30:00,1879.2397
5161,2013-11-26 10:40:00,2558.054
5161,2013-11-26 10:50:00,2933.8635
5161,2013-11-26 11:00:00,2528.169
5161,2013-11-26 11:10:00,2488.113
5161,2013-11-26 11:20:00,2079.5466
5161,2013-11-26 11:30:00,2599.46
5161,2013-11-26 11:40:00,2261.564
5161,2013-11-26 11:50:00,2380.33
5161,2013-11-26 12:00:00,2733.0266
5161,2013-11-26 12:10:00,3153.5273
5161,2013-11-26 12:20:00,3351.1414
5161,2013-11-26 12:30:00,3092.1377
5161,2013-11-26 12:40:00,3058.5586
5161,2013-11-26 12:50:00,3390.9434
5161,2013-11-26 13:00:00,3309.305
5161,2013-11-26 13:10:00,3146.1692
5161,2013-11-26 13:20:00,3173.7808
5161,2013-11-26 13:30:00,3205.6052
5161,2013-11-26 13:40:00,2758.6392
5161,2013-11-26 13:50:00,2663.635
5161,2013-11-26 14:00:00,2728.628
5161,2013-11-26 14:10:00,2664.6133
5161,2013-11-26 14:20:00,2721.894
5161,2013-11-26 14:30:00,3036.0374
5161,2013-11-26 14:40:00,2948.4568
5161,2013-11-26 14:50:00,2645.7144
5161,2013-11-26 15:00:00,2929.5994
5161,2013-11-26 15:10:00,2448.3235
5161,2013-11-26 15:20:00,2462.973
5161,2013-11-26 15:30:00,2493.082
5161,2013-11-26 15:40:00,2683.938
5161,2013-11-26 15:50:00,3000.0796
5161,2013-11-26 16:00:00,2462.677
5161,2013-11-26 16:10:00,2840.4634
5161,2013-11-26 16:20:00,2376.6245
5161,2013-11-26 16:30:00,2499.3472
5161,2013-11-26 16:40:00,2775.5918
5161,2013-11-26 16:50:00,2199.8347
5161,2013-11-26 17:00:00,2302.93
5161,2013-11-26 17:10:00,2206.2288
5161,2013-11-26 17:20:00,2171.7693
5161,2013-11-26 17:30:00,2200.917
5161,2013-11-26 17:40:00,2178.6746
5161,2013-11-26 17:50:00,2148.526
5161,2013-11-26 18:00:00,2062.5645
5161,2013-11-26 18:10:00,2113.7236
5161,2013-11-26 18:20:00,2037.9437
5161,2013-11-26 18:30:00,2158.4858
5161,2013-11-26 18:40:00,1804.7949
5161,2013-11-26 18:50:00,1659.5188
5161,2013-11-26 19:00:00,1645.9495
5161,2013-11-26 19:10:00,1345.3318
5161,2013-11-26 19:20:00,1315.438
5161,2013-11-26 19:30:00,1566.8601
5161,2013-11-26 19:40:00,2038.0314
5161,2013-11-26 19:50:00,1066.4513
5161,2013-11-26 20:00:00,1026.5612
5161,2013-11-26 20:10:00,900.9711
5161,2013-11-26 20:20:00,1012.8914
5161,2013-11-26 20:30:00,1194.4338
5161,2013-11-26 20:40:00,983.62494
5161,2013-11-26 20:50:00,848.31946
5161,2013-11-26 21:00:00,1091.0228
5161,2013-11-26 21:10:00,969.4983
5161,2013-11-26 21:20:00,694.2185
5161,2013-11-26 21:30:00,668.2952
5161,2013-11-26 21:40:00,581.7428
5161,2013-11-26 21:50:00,502.93347
5161,2013-11-26 22:00:00,478.99295
5161,2013-11-26 22:10:00,425.2024
5161,2013-11-26 22:20:00,474.00507
5161,2013-11-26 22:30:00,402.12003
5161,2013-11-26 22:40:00,462.28638
5161,2013-11-26 22:50:00,453.47644
5161,2013-11-26 23:00:00,455.29218
5161,2013-11-26 23:10:00,382.28912
5161,2013-11-26 23:20:00,423.69736
5161,2013-11-26 23:30:00,275.62808
5161,2013-11-26 23:40:00,278.7113
5161,2013-11-26 23:50:00,242.46797
5161,2013-11-27 00:00:00,284.78525
5161,2013-11-27 00:10:00,251.5382
5161,2013-11-27 00:20:00,255.08386
5161,2013-11-27 00:30:00,234.87872
5161,2013-11-27 00:40:00,236.3091
5161,2013-11-27 00:50:00,242.08844
5161,2013-11-27 01:00:00,242.215
5161,2013-11-27 01:10:00,234.53004
5161,2013-11-27 01:20:00,252.96259
5161,2013-11-27 01:30:00,271.2222
5161,2013-11-27 01:40:00,241.85864
5161,2013-11-27 01:50:00,220.80927
5161,2013-11-27 02:00:00,214.1204
5161,2013-11-27 02:10:00,212.98839
5161,2013-11-27 02:20:00,207.51866
5161,2013-11-27 02:30:00,212.41043
5161,2013-11-27 02:40:00,213.10254
5161,2013-11-27 02:50:00,210.85835
5161,2013-11-27 03:00:00,219.77753
5161,2013-11-27 03:10:00,200.92377
5161,2013-11-27 03:20:00,233.99846
5161,2013-11-27 03:30:00,191.17076
5161,2013-11-27 03:40:00,206.41516
5161,2013-11-27 03:50:00,232.88705
5161,2013-11-27 04:00:00,200.8094
5161,2013-11-27 04:10:00,230.67993
5161,2013-11-27 04:20:00,236.65617
5161,2013-11-27 04:30:00,204.26064
5161,2013-11-27 04:40:00,251.58456
5161,2013-11-27 04:50:00,261.35812
5161,2013-11-27 05:00:00,246.62825
5161,2013-11-27 05:10:00,253.65254
5161,2013-11-27 05:20:00,280.11798
5161,2013-11-27 05:30:00,228.73213
5161,2013-11-27 05:40:00,262.5071
5161,2013-11-27 05:50:00,265.93622
5161,2013-11-27 06:00:00,443.9268
5161,2013-11-27 06:10:00,305.54788
5161,2013-11-27 06:20:00,272.74417
5161,2013-11-27 06:30:00,372.16653
5161,2013-11-27 06:40:00,366.921
5161,2013-11-27 06:50:00,355.99356
5161,2013-11-27 07:00:00,360.5849
5161,2013-11-27 07:10:00,449.3696
5161,2013-11-27 07:20:00,653.59235
5161,2013-11-27 07:30:00,845.30914
5161,2013-11-27 07:40:00,861.608
5161,2013-11-27 07:50:00,720.0957
5161,2013-11-27 08:00:00,1102.6836
5161,2013-11-27 08:10:00,940.6307
5161,2013-11-27 08:20:00,1016.48364
5161,2013-11-27 08:30:00,1039.942
5161,2013-11-27 08:40:00,1107.9242
5161,2013-11-27 08:50:00,1179.2335
5161,2013-11-27 09:00:00,1288.8202
5161,2013-11-27 09:10:00,1197.725
5161,2013-11-27 09:20:00,1638.1672
5161,2013-11-27 09:30:00,1479.3054
5161,2013-11-27 09:40:00,1383.382
5161,2013-11-27 09:50:00,1560.0784
5161,2013-11-27 10:00:00,1552.8888
5161,2013-11-27 10:10:00,1684.0842
5161,2013-11-27 10:20:00,1741.3568
5161,2013-11-27 10:30:00,1985.2617
5161,2013-11-27 10:40:00,1880.3252
5161,2013-11-27 10:50:00,2212.2988
5161,2013-11-27 11:00:00,2279.2593
5161,2013-11-27 11:10:00,2057.1846
5161,2013-11-27 11:20:00,2163.9536
5161,2013-11-27 11:30:00,2640.0186
5161,2013-11-27 11:40:00,2663.2031
5161,2013-11-27 11:50:00,2816.362
5161,2013-11-27 12:00:00,2585.8538
5161,2013-11-27 12:10:00,2481.6672
5161,2013-11-27 12:20:00,3088.1125
5161,2013-11-27 12:30:00,3071.6238
5161,2013-11-27 12:40:00,3131.2317
5161,2013-11-27 12:50:00,3379.3257
5161,2013-11-27 13:00:00,3974.6816
5161,2013-11-27 13:10:00,3499.7415
5161,2013-11-27 13:20:00,3387.844
5161,2013-11-27 13:30:00,3140.2937
5161,2013-11-27 13:40:00,3252.874
5161,2013-11-27 13:50:00,2865.8135
5161,2013-11-27 14:00:00,2763.1309
5161,2013-11-27 14:10:00,2685.4312
5161,2013-11-27 14:20:00,3802.4268
5161,2013-11-27 14:30:00,3292.8604
5161,2013-11-27 14:40:00,2798.618
5161,2013-11-27 14:50:00,2514.1255
5161,2013-11-27 15:00:00,2571.7993
5161,2013-11-27 15:10:00,2658.5469
5161,2013-11-27 15:20:00,2905.4675
5161,2013-11-27 15:30:00,2596.6917
5161,2013-11-27 15:40:00,2753.5735
5161,2013-11-27 15:50:00,2857.7957
5161,2013-11-27 16:00:00,2874.3481
5161,2013-11-27 16:10:00,2955.696
5161,2013-11-27 16:20:00,3323.993
5161,2013-11-27 16:30:00,2723.5693
5161,2013-11-27 16:40:00,2706.947
5161,2013-11-27 16:50:00,2491.6643
5161,2013-11-27 17:00:00,2509.1636
5161,2013-11-27 17:10:00,2171.3076
5161,2013-11-27 17:20:00,2640.092
5161,2013-11-27 17:30:00,2315.088
5161,2013-11-27 17:40:00,2187.9653
5161,2013-11-27 17:50:00,2213.2817
5161,2013-11-27 18:00:00,2192.4204
5161,2013-11-27 18:10:00,2521.2693
5161,2013-11-27 18:20:00,2045.3478
5161,2013-11-27 18:30:00,1714.6038
5161,2013-11-27 18:40:00,1832.566
5161,2013-11-27 18:50:00,1759.7897
5161,2013-11-27 19:00:00,1656.7885
5161,2013-11-27 19:10:00,1264.176
5161,2013-11-27 19:20:00,1658.4236
5161,2013-11-27 19:30:00,1659.9187
5161,2013-11-27 19:40:00,1098.4243
5161,2013-11-27 19:50:00,1263.5522
5161,2013-11-27 20:00:00,950.204
5161,2013-11-27 20:10:00,1041.8152
5161,2013-11-27 20:20:00,993.2499
5161,2013-11-27 20:30:00,793.87036
5161,2013-11-27 20:40:00,1004.8457
5161,2013-11-27 20:50:00,714.67737
5161,2013-11-27 21:00:00,859.67175
5161,2013-11-27 21:10:00,517.45746
5161,2013-11-27 21:20:00,498.4035
5161,2013-11-27 21:30:00,515.3661
5161,2013-11-27 21:40:00,401.10114
5161,2013-11-27 21:50:00,466.37396
5161,2013-11-27 22:00:00,377.0375
5161,2013-11-27 22:10:00,558.0228
5161,2013-11-27 22:20:00,482.5078
5161,2013-11-27 22:30:00,440.3928
5161,2013-11-27 22:40:00,321.686
5161,2013-11-27 22:50:00,347.4177
5161,2013-11-27 23:00:00,307.4655
5161,2013-11-27 23:10:00,266.78427
5161,2013-11-27 23:20:00,380.05017
5161,2013-11-27 23:30:00,290.9719
5161,2013-11-27 23:40:00,280.8152
5161,2013-11-27 23:50:00,241.7878
5161,2013-11-28 00:00:00,235.21147
5161,2013-11-28 00:10:00,197.42253
5161,2013-11-28 00:20:00,270.89468
5161,2013-11-28 00:30:00,245.97804
5161,2013-11-28 00:40:00,220.84859
5161,2013-11-28 00:50:00,227.663
5161,2013-11-28 01:00:00,218.87218
5161,2013-11-28 01:10:00,177.45218
5161,2013-11-28 01:20:00,224.18546
5161,2013-11-28 01:30:00,214.59383
5161,2013-11-28 01:40:00,176.09889
5161,2013-11-28 01:50:00,240.88835
5161,2013-11-28 02:00:00,298.8882
5161,2013-11-28 02:10:00,268.03848
5161,2013-11-28 02:20:00,237.96425
5161,2013-11-28 02:30:00,185.81348
5161,2013-11-28 02:40:00,168.28346
5161,2013-11-28 02:50:00,229.937
5161,2013-11-28 03:00:00,173.84143
5161,2013-11-28 03:10:00,176.61983
5161,2013-11-28 03:20:00,210.4809
5161,2013-11-28 03:30:00,170.65253
5161,2013-11-28 03:40:00,175.82266
5161,2013-11-28 03:50:00,204.43709
5161,2013-11-28 04:00:00,178.40987
5161,2013-11-28 04:10:00,160.03426
5161,2013-11-28 04:20:00,205.98488
5161,2013-11-28 04:30:00,193.96332
5161,2013-11-28 04:40:00,171.01654
5161,2013-11-28 04:50:00,203.73906
5161,2013-11-28 05:00:00,177.63872
5161,2013-11-28 05:10:00,177.9231
5161,2013-11-28 05:20:00,210.91199
5161,2013-11-28 05:30:00,190.53531
5161,2013-11-28 05:40:00,253.7232
5161,2013-11-28 05:50:00,234.45973
5161,2013-11-28 06:00:00,273.61908
5161,2013-11-28 06:10:00,317.2772
5161,2013-11-28 06:20:00,303.0125
5161,2013-11-28 06:30:00,357.07242
5161,2013-11-28 06:40:00,343.93613
5161,2013-11-28 06:50:00,423.23474
5161,2013-11-28 07:00:00,315.40665
5161,2013-11-28 07:10:00,411.48822
5161,2013-11-28 07:20:00,529.9841
5161,2013-11-28 07:30:00,511.1198
5161,2013-11-28 07:40:00,604.1809
5161,2013-11-28 07:50:00,751.14374
5161,2013-11-28 08:00:00,910.06213
5161,2013-11-28 08:10:00,935.33527
5161,2013-11-28 08:20:00,926.6167
5161,2013-11-28 08:30:00,910.1054
5161,2013-11-28 08:40:00,988.05994
5161,2013-11-28 08:50:00,1239.31
5161,2013-11-28 09:00:00,1144.9371
5161,2013-11-28 09:10:00,1272.0706
5161,2013-11-28 09:20:00,1732.4968
5161,2013-11-28 09:30:00,1839.3491
5161,2013-11-28 09:40:00,1600.3048
5161,2013-11-28 09:50:00,1743.3871
5161,2013-11-28 10:00:00,1704.0131
5161,2013-11-28 10:10:00,1914.068
5161,2013-11-28 10:20:00,2426.4526
5161,2013-11-28 10:30:00,2201.2056
5161,2013-11-28 10:40:00,2142.668
5161,2013-11-28 10:50:00,2069.5662
5161,2013-11-28 11:00:00,2198.9143
5161,2013-11-28 11:10:00,2309.5356
5161,2013-11-28 11:20:00,2563.4492
5161,2013-11-28 11:30:00,2189.5178
5161,2013-11-28 11:40:00,2381.438
5161,2013-11-28 11:50:00,2558.576
5161,2013-11-28 12:00:00,2394.3684
5161,2013-11-28 12:10:00,3119.178
5161,2013-11-28 12:20:00,2826.2554
5161,2013-11-28 12:30:00,3386.1875
5161,2013-11-28 12:40:00,3211.8682
5161,2013-11-28 12:50:00,3370.7563
5161,2013-11-28 13:00:00,3343.386
5161,2013-11-28 13:10:00,3225.3252
5161,2013-11-28 13:20:00,3209.0613
5161,2013-11-28 13:30:00,3049.1885
5161,2013-11-28 13:40:00,2828.2065
5161,2013-11-28 13:50:00,3178.9307
5161,2013-11-28 14:00:00,2748.5298
5161,2013-11-28 14:10:00,2673.0457
5161,2013-11-28 14:20:00,2664.6934
5161,2013-11-28 14:30:00,3101.378
5161,2013-11-28 14:40:00,3231.2344
5161,2013-11-28 14:50:00,2829.7173
5161,2013-11-28 15:00:00,2786.8271
5161,2013-11-28 15:10:00,2779.239
5161,2013-11-28 15:20:00,2704.5798
5161,2013-11-28 15:30:00,2737.3513
5161,2013-11-28 15:40:00,2798.3877
5161,2013-11-28 15:50:00,2715.4812
5161,2013-11-28 16:00:00,2632.812
5161,2013-11-28 16:10:00,2855.554
5161,2013-11-28 16:20:00,2521.323
5161,2013-11-28 16:30:00,2862.0127
5161,2013-11-28 16:40:00,2710.9866
5161,2013-11-28 16:50:00,2380.494
5161,2013-11-28 17:00:00,2802.8135
5161,2013-11-28 17:10:00,2620.393
5161,2013-11-28 17:20:00,2428.007
5161,2013-11-28 17:30:00,2379.7383
5161,2013-11-28 17:40:00,2403.1038
5161,2013-11-28 17:50:00,2345.6924
5161,2013-11-28 18:00:00,2189.79
5161,2013-11-28 18:10:00,2370.6292
5161,2013-11-28 18:20:00,2365.915
5161,2013-11-28 18:30:00,1878.7883
5161,2013-11-28 18:40:00,1974.1729
5161,2013-11-28 18:50:00,1690.9843
5161,2013-11-28 19:00:00,1687.2708
5161,2013-11-28 19:10:00,1997.8497
5161,2013-11-28 19:20:00,1292.3481
5161,2013-11-28 19:30:00,1127.715
5161,2013-11-28 19:40:00,1234.6488
5161,2013-11-28 19:50:00,1315.9073
5161,2013-11-28 20:00:00,1224.0664
5161,2013-11-28 20:10:00,1007.9046
5161,2013-11-28 20:20:00,1109.9026
5161,2013-11-28 20:30:00,1068.354
5161,2013-11-28 20:40:00,822.7157
5161,2013-11-28 20:50:00,774.35504
5161,2013-11-28 21:00:00,579.51086
5161,2013-11-28 21:10:00,633.93085
5161,2013-11-28 21:20:00,553.9767
5161,2013-11-28 21:30:00,489.16107
5161,2013-11-28 21:40:00,551.164
5161,2013-11-28 21:50:00,421.0886
5161,2013-11-28 22:00:00,558.91437
5161,2013-11-28 22:10:00,511.1019
5161,2013-11-28 22:20:00,545.6413
5161,2013-11-28 22:30:00,517.06305
5161,2013-11-28 22:40:00,650.466
5161,2013-11-28 22:50:00,594.42664
5161,2013-11-28 23:00:00,380.93228
5161,2013-11-28 23:10:00,534.5875
5161,2013-11-28 23:20:00,279.96375
5161,2013-11-28 23:30:00,294.61218
5161,2013-11-28 23:40:00,219.15292
5161,2013-11-28 23:50:00,218.14629
5161,2013-11-29 00:00:00,238.165
5161,2013-11-29 00:10:00,200.46228
5161,2013-11-29 00:20:00,210.49037
5161,2013-11-29 00:30:00,228.31299
5161,2013-11-29 00:40:00,206.15814
5161,2013-11-29 00:50:00,179.10953
5161,2013-11-29 01:00:00,213.03087
5161,2013-11-29 01:10:00,188.143
5161,2013-11-29 01:20:00,190.525
5161,2013-11-29 01:30:00,203.08907
5161,2013-11-29 01:40:00,219.28952
5161,2013-11-29 01:50:00,204.87024
5161,2013-11-29 02:00:00,192.12367
5161,2013-11-29 02:10:00,183.59859
5161,2013-11-29 02:20:00,164.89467
5161,2013-11-29 02:30:00,196.36151
5161,2013-11-29 02:40:00,203.26115
5161,2013-11-29 02:50:00,159.46985
5161,2013-11-29 03:00:00,213.3355
5161,2013-11-29 03:10:00,184.402
5161,2013-11-29 03:20:00,166.79692
5161,2013-11-29 03:30:00,269.8346
5161,2013-11-29 03:40:00,200.59308
5161,2013-11-29 03:50:00,170.21693
5161,2013-11-29 04:00:00,178.54872
5161,2013-11-29 04:10:00,200.3673
5161,2013-11-29 04:20:00,168.47296
5161,2013-11-29 04:30:00,187.16382
5161,2013-11-29 04:40:00,221.93257
5161,2013-11-29 04:50:00,194.8622
5161,2013-11-29 05:00:00,193.85382
5161,2013-11-29 05:10:00,220.6553
5161,2013-11-29 05:20:00,206.24736
5161,2013-11-29 05:30:00,201.65405
5161,2013-11-29 05:40:00,231.07195
5161,2013-11-29 05:50:00,217.12045
5161,2013-11-29 06:00:00,248.59732
5161,2013-11-29 06:10:00,298.1866
5161,2013-11-29 06:20:00,295.4235
5161,2013-11-29 06:30:00,260.88855
5161,2013-11-29 06:40:00,329.40094
5161,2013-11-29 06:50:00,351.58148
5161,2013-11-29 07:00:00,407.5472
5161,2013-11-29 07:10:00,404.73712
5161,2013-11-29 07:20:00,415.62497
5161,2013-11-29 07:30:00,525.6533
5161,2013-11-29 07:40:00,636.7931
5161,2013-11-29 07:50:00,679.062
5161,2013-11-29 08:00:00,715.4922
5161,2013-11-29 08:10:00,958.34106
5161,2013-11-29 08:20:00,1020.1971
5161,2013-11-29 08:30:00,1057.075
5161,2013-11-29 08:40:00,924.0075
5161,2013-11-29 08:50:00,1048.7125
5161,2013-11-29 09:00:00,1024.6384
5161,2013-11-29 09:10:00,1168.9696
5161,2013-11-29 09:20:00,1107.0289
5161,2013-11-29 09:30:00,1434.2694
5161,2013-11-29 09:40:00,1569.4191
5161,2013-11-29 09:50:00,1838.6605
5161,2013-11-29 10:00:00,1953.0675
5161,2013-11-29 10:10:00,1717.8925
5161,2013-11-29 10:20:00,2054.89
5161,2013-11-29 10:30:00,2040.644
5161,2013-11-29 10:40:00,2070.089
5161,2013-11-29 10:50:00,2310.5518
5161,2013-11-29 11:00:00,2424.5286
5161,2013-11-29 11:10:00,2299.8867
5161,2013-11-29 11:20:00,2651.7434
5161,2013-11-29 11:30:00,3011.8796
5161,2013-11-29 11:40:00,3004.318
5161,2013-11-29 11:50:00,3283.324
5161,2013-11-29 12:00:00,3277.5493
5161,2013-11-29 12:10:00,2930.2085
5161,2013-11-29 12:20:00,3303.239
5161,2013-11-29 12:30:00,3548.4473
5161,2013-11-29 12:40:00,3428.3418
5161,2013-11-29 12:50:00,3393.6472
5161,2013-11-29 13:00:00,3734.5688
5161,2013-11-29 13:10:00,3548.6406
5161,2013-11-29 13:20:00,3341.306
5161,2013-11-29 13:30:00,3106.7544
5161,2013-11-29 13:40:00,3455.894
5161,2013-11-29 13:50:00,3379.3655
5161,2013-11-29 14:00:00,3224.6543
5161,2013-11-29 14:10:00,3040.847
5161,2013-11-29 14:20:00,3390.8977
5161,2013-11-29 14:30:00,3124.051
5161,2013-11-29 14:40:00,2986.474
5161,2013-11-29 14:50:00,3236.9639
5161,2013-11-29 15:00:00,3505.715
5161,2013-11-29 15:10:00,3283.6477
5161,2013-11-29 15:20:00,3269.991
5161,2013-11-29 15:30:00,3089.163
5161,2013-11-29 15:40:00,3356.028
5161,2013-11-29 15:50:00,3550.6147
5161,2013-11-29 16:00:00,3249.0393
5161,2013-11-29 16:10:00,3466.0078
5161,2013-11-29 16:20:00,3309.0127
5161,2013-11-29 16:30:00,2982.4167
5161,2013-11-29 16:40:00,3139.065
5161,2013-11-29 16:50:00,3104.3967
5161,2013-11-29 17:00:00,2844.86
5161,2013-11-29 17:10:00,2903.9224
5161,2013-11-29 17:20:00,2643.2034
5161,2013-11-29 17:30:00,2899.724
5161,2013-11-29 17:40:00,3107.266
5161,2013-11-29 17:50:00,2479.3496
5161,2013-11-29 18:00:00,2227.3303
5161,2013-11-29 18:10:00,2665.4346
5161,2013-11-29 18:20:00,2314.979
5161,2013-11-29 18:30:00,2084.1675
5161,2013-11-29 18:40:00,1885.6111
5161,2013-11-29 18:50:00,1761.2714
5161,2013-11-29 19:00:00,1596.6997
5161,2013-11-29 19:10:00,2105.9592
5161,2013-11-29 19:20:00,1638.1837
5161,2013-11-29 19:30:00,1397.4714
5161,2013-11-29 19:40:00,1228.3859
5161,2013-11-29 19:50:00,1168.3795
5161,2013-11-29 20:00:00,953.44025
5161,2013-11-29 20:10:00,878.8275
5161,2013-11-29 20:20:00,776.7018
5161,2013-11-29 20:30:00,823.82947
5161,2013-11-29 20:40:00,1092.3721
5161,2013-11-29 20:50:00,747.1561
5161,2013-11-29 21:00:00,851.2286
5161,2013-11-29 21:10:00,686.07306
5161,2013-11-29 21:20:00,559.16583
5161,2013-11-29 21:30:00,671.6892
5161,2013-11-29 21:40:00,616.29193
5161,2013-11-29 21:50:00,470.63702
5161,2013-11-29 22:00:00,410.51215
5161,2013-11-29 22:10:00,391.72665
5161,2013-11-29 22:20:00,376.12668
5161,2013-11-29 22:30:00,394.3793
5161,2013-11-29 22:40:00,359.89752
5161,2013-11-29 22:50:00,337.50247
5161,2013-11-29 23:00:00,539.86945
5161,2013-11-29 23:10:00,349.68567
5161,2013-11-29 23:20:00,459.954
5161,2013-11-29 23:30:00,682.3879
5161,2013-11-29 23:40:00,267.8753
5161,2013-11-29 23:50:00,201.91618
5161,2013-11-30 00:00:00,267.04605
5161,2013-11-30 00:10:00,318.4064
5161,2013-11-30 00:20:00,196.78381
5161,2013-11-30 00:30:00,190.27902
5161,2013-11-30 00:40:00,175.01791
5161,2013-11-30 00:50:00,168.10822
5161,2013-11-30 01:00:00,179.58679
5161,2013-11-30 01:10:00,129.51125
5161,2013-11-30 01:20:00,138.29861
5161,2013-11-30 01:30:00,155.86465
5161,2013-11-30 01:40:00,127.02599
5161,2013-11-30 01:50:00,142.99414
5161,2013-11-30 02:00:00,137.01741
5161,2013-11-30 02:10:00,126.63591
5161,2013-11-30 02:20:00,128.01909
5161,2013-11-30 02:30:00,141.26599
5161,2013-11-30 02:40:00,153.37761
5161,2013-11-30 02:50:00,142.51834
5161,2013-11-30 03:00:00,133.75243
5161,2013-11-30 03:10:00,115.936554
5161,2013-11-30 03:20:00,134.44029
5161,2013-11-30 03:30:00,134.18144
5161,2013-11-30 03:40:00,124.64403
5161,2013-11-30 03:50:00,135.6664
5161,2013-11-30 04:00:00,126.214836
5161,2013-11-30 04:10:00,126.24018
5161,2013-11-30 04:20:00,134.47185
5161,2013-11-30 04:30:00,143.4275
5161,2013-11-30 04:40:00,117.70484
5161,2013-11-30 04:50:00,140.10118
5161,2013-11-30 05:00:00,134.66881
5161,2013-11-30 05:10:00,109.599236
5161,2013-11-30 05:20:00,128.9361
5161,2013-11-30 05:30:00,137.7095
5161,2013-11-30 05:40:00,115.557655
5161,2013-11-30 05:50:00,148.3955
5161,2013-11-30 06:00:00,146.28494
5161,2013-11-30 06:10:00,145.58145
5161,2013-11-30 06:20:00,163.93185
5161,2013-11-30 06:30:00,300.92065
5161,2013-11-30 06:40:00,163.83043
5161,2013-11-30 06:50:00,165.48862
5161,2013-11-30 07:00:00,184.59479
5161,2013-11-30 07:10:00,208.60933
5161,2013-11-30 07:20:00,200.77559
5161,2013-11-30 07:30:00,326.99887
5161,2013-11-30 07:40:00,282.85928
5161,2013-11-30 07:50:00,300.3472
5161,2013-11-30 08:00:00,346.75806
5161,2013-11-30 08:10:00,465.10367
5161,2013-11-30 08:20:00,652.00824
5161,2013-11-30 08:30:00,761.83093
5161,2013-11-30 08:40:00,714.359
5161,2013-11-30 08:50:00,742.7349
5161,2013-11-30 09:00:00,1124.5806
5161,2013-11-30 09:10:00,1086.7152
5161,2013-11-30 09:20:00,1185.975
5161,2013-11-30 09:30:00,1467.7
5161,2013-11-30 09:40:00,1563.9231
5161,2013-11-30 09:50:00,1977.3821
5161,2013-11-30 10:00:00,1885.8851
5161,2013-11-30 10:10:00,2295.856
5161,2013-11-30 10:20:00,2919.0044
5161,2013-11-30 10:30:00,2454.6401
5161,2013-11-30 10:40:00,2724.0479
5161,2013-11-30 10:50:00,3497.0386
5161,2013-11-30 11:00:00,3013.7656
5161,2013-11-30 11:10:00,3266.8396
5161,2013-11-30 11:20:00,2998.7864
5161,2013-11-30 11:30:00,3544.8174
5161,2013-11-30 11:40:00,3516.2458
5161,2013-11-30 11:50:00,3550.871
5161,2013-11-30 12:00:00,3475.4429
5161,2013-11-30 12:10:00,3283.1208
5161,2013-11-30 12:20:00,3165.4949
5161,2013-11-30 12:30:00,3564.0408
5161,2013-11-30 12:40:00,3579.719
5161,2013-11-30 12:50:00,3899.5054
5161,2013-11-30 13:00:00,4254.399
5161,2013-11-30 13:10:00,4269.1235
5161,2013-11-30 13:20:00,3972.9165
5161,2013-11-30 13:30:00,4778.6255
5161,2013-11-30 13:40:00,4769.6685
5161,2013-11-30 13:50:00,4574.456
5161,2013-11-30 14:00:00,4413.5107
5161,2013-11-30 14:10:00,4687.768
5161,2013-11-30 14:20:00,5109.066
5161,2013-11-30 14:30:00,4938.554
5161,2013-11-30 14:40:00,4884.7505
5161,2013-11-30 14:50:00,5507.5244
5161,2013-11-30 15:00:00,5529.504
5161,2013-11-30 15:10:00,6347.6934
5161,2013-11-30 15:20:00,5412.253
5161,2013-11-30 15:30:00,6227.594
5161,2013-11-30 15:40:00,5751.0166
5161,2013-11-30 15:50:00,5523.6006
5161,2013-11-30 16:00:00,6270.2583
5161,2013-11-30 16:10:00,6237.5874
5161,2013-11-30 16:20:00,5710.441
5161,2013-11-30 16:30:00,6032.755
5161,2013-11-30 16:40:00,5512.9785
5161,2013-11-30 16:50:00,5586.8906
5161,2013-11-30 17:00:00,5178.9526
5161,2013-11-30 17:10:00,4772.8647
5161,2013-11-30 17:20:00,5203.4546
5161,2013-11-30 17:30:00,4523.037
5161,2013-11-30 17:40:00,4894.513
5161,2013-11-30 17:50:00,4506.433
5161,2013-11-30 18:00:00,4712.4907
5161,2013-11-30 18:10:00,4385.08
5161,2013-11-30 18:20:00,3770.6072
5161,2013-11-30 18:30:00,3914.7551
5161,2013-11-30 18:40:00,4428.7036
5161,2013-11-30 18:50:00,3020.9756
5161,2013-11-30 19:00:00,3709.0537
5161,2013-11-30 19:10:00,2976.7585
5161,2013-11-30 19:20:00,2652.4592
5161,2013-11-30 19:30:00,2381.201
5161,2013-11-30 19:40:00,2388.1528
5161,2013-11-30 19:50:00,2116.446
5161,2013-11-30 20:00:00,2152.7466
5161,2013-11-30 20:10:00,2149.7551
5161,2013-11-30 20:20:00,1625.195
5161,2013-11-30 20:30:00,1342.4725
5161,2013-11-30 20:40:00,1621.4692
5161,2013-11-30 20:50:00,1884.8947
5161,2013-11-30 21:00:00,1705.3333
5161,2013-11-30 21:10:00,1471.5884
5161,2013-11-30 21:20:00,971.3059
5161,2013-11-30 21:30:00,685.438
5161,2013-11-30 21:40:00,766.8864
5161,2013-11-30 21:50:00,576.3227
5161,2013-11-30 22:00:00,887.4432
5161,2013-11-30 22:10:00,746.6263
5161,2013-11-30 22:20:00,1010.8709
5161,2013-11-30 22:30:00,725.1523
5161,2013-11-30 22:40:00,751.828
5161,2013-11-30 22:50:00,621.1476
5161,2013-11-30 23:00:00,892.0454
5161,2013-11-30 23:10:00,710.07446
5161,2013-11-30 23:20:00,490.39053
5161,2013-11-30 23:30:00,527.38995
5161,2013-11-30 23:40:00,418.18594
5161,2013-11-30 23:50:00,314.6496
5161,2013-12-01 00:00:00,326.41037
5161,2013-12-01 00:10:00,262.63248
5161,2013-12-01 00:20:00,361.33688
5161,2013-12-01 00:30:00,177.56645
5161,2013-12-01 00:40:00,226.627
5161,2013-12-01 00:50:00,181.21518
5161,2013-12-01 01:00:00,164.04507
5161,2013-12-01 01:10:00,169.03856
5161,2013-12-01 01:20:00,168.95839
5161,2013-12-01 01:30:00,131.59303
5161,2013-12-01 01:40:00,223.7966
5161,2013-12-01 01:50:00,107.22722
5161,2013-12-01 02:00:00,130.70119
5161,2013-12-01 02:10:00,121.07705
5161,2013-12-01 02:20:00,93.16325
5161,2013-12-01 02:30:00,135.17989
5161,2013-12-01 02:40:00,110.218666
5161,2013-12-01 02:50:00,94.82682
5161,2013-12-01 03:00:00,123.11567
5161,2013-12-01 03:10:00,95.75286
5161,2013-12-01 03:20:00,117.12871
5161,2013-12-01 03:30:00,109.89935
5161,2013-12-01 03:40:00,106.78209
5161,2013-12-01 03:50:00,97.717445
5161,2013-12-01 04:00:00,140.13652
5161,2013-12-01 04:10:00,171.71704
5161,2013-12-01 04:20:00,98.75594
5161,2013-12-01 04:30:00,108.54849
5161,2013-12-01 04:40:00,149.25604
5161,2013-12-01 04:50:00,120.862915
5161,2013-12-01 05:00:00,197.26797
5161,2013-12-01 05:10:00,192.75908
5161,2013-12-01 05:20:00,114.033806
5161,2013-12-01 05:30:00,121.871826
5161,2013-12-01 05:40:00,120.80784
5161,2013-12-01 05:50:00,164.8765
5161,2013-12-01 06:00:00,129.05411
5161,2013-12-01 06:10:00,136.72763
5161,2013-12-01 06:20:00,155.60323
5161,2013-12-01 06:30:00,181.47983
5161,2013-12-01 06:40:00,145.97034
5161,2013-12-01 06:50:00,123.429756
5161,2013-12-01 07:00:00,290.3981
5161,2013-12-01 07:10:00,375.6075
5161,2013-12-01 07:20:00,210.77559
5161,2013-12-01 07:30:00,243.1831
5161,2013-12-01 07:40:00,202.938
5161,2013-12-01 07:50:00,263.7921
5161,2013-12-01 08:00:00,307.42496
5161,2013-12-01 08:10:00,338.52908
5161,2013-12-01 08:20:00,357.41956
5161,2013-12-01 08:30:00,553.00073
5161,2013-12-01 08:40:00,648.28436
5161,2013-12-01 08:50:00,773.24457
5161,2013-12-01 09:00:00,918.56604
5161,2013-12-01 09:10:00,1047.1914
5161,2013-12-01 09:20:00,1368.2219
5161,2013-12-01 09:30:00,1438.6761
5161,2013-12-01 09:40:00,1988.8474
5161,2013-12-01 09:50:00,1940.9943
5161,2013-12-01 10:00:00,2231.2092
5161,2013-12-01 10:10:00,2409.1174
5161,2013-12-01 10:20:00,2743.5188
5161,2013-12-01 10:30:00,3202.4136
5161,2013-12-01 10:40:00,3816.2861
5161,2013-12-01 10:50:00,4059.6235
5161,2013-12-01 11:00:00,3725.4841
5161,2013-12-01 11:10:00,4171.8433
5161,2013-12-01 11:20:00,4635.036
5161,2013-12-01 11:30:00,4547.563
5161,2013-12-01 11:40:00,4387.168
5161,2013-12-01 11:50:00,4633.255
5161,2013-12-01 12:00:00,4809.84
5161,2013-12-01 12:10:00,5541.4775
5161,2013-12-01 12:20:00,4463.693
5161,2013-12-01 12:30:00,4399.5356
5161,2013-12-01 12:40:00,4444.77
5161,2013-12-01 12:50:00,4572.7236
5161,2013-12-01 13:00:00,4676.4985
5161,2013-12-01 13:10:00,4734.9336
5161,2013-12-01 13:20:00,5942.5522
5161,2013-12-01 13:30:00,5521.3066
5161,2013-12-01 13:40:00,5111.0537
5161,2013-12-01 13:50:00,4795.2104
5161,2013-12-01 14:00:00,4894.802
5161,2013-12-01 14:10:00,5344.098
5161,2013-12-01 14:20:00,5675.8438
5161,2013-12-01 14:30:00,6346.7124
5161,2013-12-01 14:40:00,6099.83
5161,2013-12-01 14:50:00,6231.864
5161,2013-12-01 15:00:00,6550.888
5161,2013-12-01 15:10:00,6548.4033
5161,2013-12-01 15:20:00,6736.9136
5161,2013-12-01 15:30:00,6667.6235
5161,2013-12-01 15:40:00,6753.2896
5161,2013-12-01 15:50:00,6995.3867
5161,2013-12-01 16:00:00,6663.225
5161,2013-12-01 16:10:00,6059.1704
5161,2013-12-01 16:20:00,6412.8433
5161,2013-12-01 16:30:00,6206.1587
5161,2013-12-01 16:40:00,5630.703
5161,2013-12-01 16:50:00,6074.71
5161,2013-12-01 17:00:00,6442.4873
5161,2013-12-01 17:10:00,5525.454
5161,2013-12-01 17:20:00,5831.346
5161,2013-12-01 17:30:00,6166.8174
5161,2013-12-01 17:40:00,5187.7783
5161,2013-12-01 17:50:00,4443.671
5161,2013-12-01 18:00:00,4129.6685
5161,2013-12-01 18:10:00,4069.6873
5161,2013-12-01 18:20:00,3819.3623
5161,2013-12-01 18:30:00,3613.595
5161,2013-12-01 18:40:00,3062.4841
5161,2013-12-01 18:50:00,2793.842
5161,2013-12-01 19:00:00,2688.789
5161,2013-12-01 19:10:00,2419.485
5161,2013-12-01 19:20:00,2307.3665
5161,2013-12-01 19:30:00,2447.105
5161,2013-12-01 19:40:00,1645.2169
5161,2013-12-01 19:50:00,1260.5087
5161,2013-12-01 20:00:00,1215.4874
5161,2013-12-01 20:10:00,1061.1359
5161,2013-12-01 20:20:00,949.00745
5161,2013-12-01 20:30:00,911.3239
5161,2013-12-01 20:40:00,898.184
5161,2013-12-01 20:50:00,981.87225
5161,2013-12-01 21:00:00,945.19904
5161,2013-12-01 21:10:00,792.8953
5161,2013-12-01 21:20:00,570.9442
5161,2013-12-01 21:30:00,561.54297
5161,2013-12-01 21:40:00,519.2288
5161,2013-12-01 21:50:00,474.32498
5161,2013-12-01 22:00:00,384.3161
5161,2013-12-01 22:10:00,370.1408
5161,2013-12-01 22:20:00,336.4926
5161,2013-12-01 22:30:00,269.07556
5161,2013-12-01 22:40:00,296.0057
5161,2013-12-01 22:50:00,399.0372
5161,2013-12-01 23:00:00,340.3522
5161,2013-12-01 23:10:00,308.776
5161,2013-12-01 23:20:00,221.50871
5161,2013-12-01 23:30:00,251.60548
5161,2013-12-01 23:40:00,205.08844
5161,2013-12-01 23:50:00,202.4937
5161,2013-12-02 00:00:00,231.48093
5161,2013-12-02 00:10:00,221.38287
5161,2013-12-02 00:20:00,204.89633
5161,2013-12-02 00:30:00,535.27496
5161,2013-12-02 00:40:00,200.91241
5161,2013-12-02 00:50:00,180.57335
5161,2013-12-02 01:00:00,211.13847
5161,2013-12-02 01:10:00,201.15082
5161,2013-12-02 01:20:00,202.7222
5161,2013-12-02 01:30:00,226.46265
5161,2013-12-02 01:40:00,199.27042
5161,2013-12-02 01:50:00,195.9797
5161,2013-12-02 02:00:00,202.04626
5161,2013-12-02 02:10:00,154.9459
5161,2013-12-02 02:20:00,163.49115
5161,2013-12-02 02:30:00,177.31084
5161,2013-12-02 02:40:00,154.7284
5161,2013-12-02 02:50:00,169.52745
5161,2013-12-02 03:00:00,187.54831
5161,2013-12-02 03:10:00,156.68323
5161,2013-12-02 03:20:00,181.74802
5161,2013-12-02 03:30:00,185.82224
5161,2013-12-02 03:40:00,160.51767
5161,2013-12-02 03:50:00,178.78168
5161,2013-12-02 04:00:00,210.21097
5161,2013-12-02 04:10:00,194.33067
5161,2013-12-02 04:20:00,169.63162
5161,2013-12-02 04:30:00,187.87566
5161,2013-12-02 04:40:00,159.58318
5161,2013-12-02 04:50:00,168.12526
5161,2013-12-02 05:00:00,191.06891
5161,2013-12-02 05:10:00,219.70439
5161,2013-12-02 05:20:00,201.65439
5161,2013-12-02 05:30:00,217.61696
5161,2013-12-02 05:40:00,204.95775
5161,2013-12-02 05:50:00,266.2513
5161,2013-12-02 06:00:00,297.52444
5161,2013-12-02 06:10:00,267.8875
5161,2013-12-02 06:20:00,246.33968
5161,2013-12-02 06:30:00,316.21207
5161,2013-12-02 06:40:00,315.59412
5161,2013-12-02 06:50:00,366.28165
5161,2013-12-02 07:00:00,368.91586
5161,2013-12-02 07:10:00,394.88348
5161,2013-12-02 07:20:00,708.51355
5161,2013-12-02 07:30:00,519.401
5161,2013-12-02 07:40:00,522.55225
5161,2013-12-02 07:50:00,684.39343
5161,2013-12-02 08:00:00,823.4382
5161,2013-12-02 08:10:00,761.489
5161,2013-12-02 08:20:00,988.5684
5161,2013-12-02 08:30:00,888.39355
5161,2013-12-02 08:40:00,1006.0943
5161,2013-12-02 08:50:00,999.18353
5161,2013-12-02 09:00:00,1022.846
5161,2013-12-02 09:10:00,1306.6622
5161,2013-12-02 09:20:00,1421.2861
5161,2013-12-02 09:30:00,1444.8519
5161,2013-12-02 09:40:00,1471.4491
5161,2013-12-02 09:50:00,1785.324
5161,2013-12-02 10:00:00,1933.3661
5161,2013-12-02 10:10:00,1885.5309
5161,2013-12-02 10:20:00,2191.3335
5161,2013-12-02 10:30:00,2116.6792
5161,2013-12-02 10:40:00,2134.0088
5161,2013-12-02 10:50:00,2389.6558
5161,2013-12-02 11:00:00,2525.4783
5161,2013-12-02 11:10:00,2647.0688
5161,2013-12-02 11:20:00,2351.24
5161,2013-12-02 11:30:00,2261.5645
5161,2013-12-02 11:40:00,2423.7737
5161,2013-12-02 11:50:00,2855.6194
5161,2013-12-02 12:00:00,2989.2417
5161,2013-12-02 12:10:00,2730.2314
5161,2013-12-02 12:20:00,3374.08
5161,2013-12-02 12:30:00,3126.0232
5161,2013-12-02 12:40:00,3150.4292
5161,2013-12-02 12:50:00,3147.5642
5161,2013-12-02 13:00:00,3160.8752
5161,2013-12-02 13:10:00,3055.984
5161,2013-12-02 13:20:00,3177.0696
5161,2013-12-02 13:30:00,2834.28
5161,2013-12-02 13:40:00,2883.321
5161,2013-12-02 13:50:00,3082.4065
5161,2013-12-02 14:00:00,2739.3916
5161,2013-12-02 14:10:00,2713.3215
5161,2013-12-02 14:20:00,2862.0325
5161,2013-12-02 14:30:00,3236.3777
5161,2013-12-02 14:40:00,3186.3184
5161,2013-12-02 14:50:00,2554.927
5161,2013-12-02 15:00:00,2654.8918
5161,2013-12-02 15:10:00,2511.2798
5161,2013-12-02 15:20:00,3002.983
5161,2013-12-02 15:30:00,3219.609
5161,2013-12-02 15:40:00,2495.268
5161,2013-12-02 15:50:00,2935.6523
5161,2013-12-02 16:00:00,2606.3718
5161,2013-12-02 16:10:00,2835.7178
5161,2013-12-02 16:20:00,2587.7463
5161,2013-12-02 16:30:00,2234.8591
5161,2013-12-02 16:40:00,2355.7153
5161,2013-12-02 16:50:00,2238.6223
5161,2013-12-02 17:00:00,2321.2131
5161,2013-12-02 17:10:00,2224.6707
5161,2013-12-02 17:20:00,2108.678
5161,2013-12-02 17:30:00,1945.9895
5161,2013-12-02 17:40:00,2111.2732
5161,2013-12-02 17:50:00,2089.2966
5161,2013-12-02 18:00:00,2513.3247
5161,2013-12-02 18:10:00,2355.8142
5161,2013-12-02 18:20:00,1915.009
5161,2013-12-02 18:30:00,1778.164
5161,2013-12-02 18:40:00,1799.4078
5161,2013-12-02 18:50:00,1932.2006
5161,2013-12-02 19:00:00,2196.9607
5161,2013-12-02 19:10:00,1356.2246
5161,2013-12-02 19:20:00,1250.9941
5161,2013-12-02 19:30:00,1466.1052
5161,2013-12-02 19:40:00,889.4821
5161,2013-12-02 19:50:00,892.6088
5161,2013-12-02 20:00:00,910.8431
5161,2013-12-02 20:10:00,790.4096
5161,2013-12-02 20:20:00,864.5335
5161,2013-12-02 20:30:00,848.9668
5161,2013-12-02 20:40:00,832.1741
5161,2013-12-02 20:50:00,1342.0596
5161,2013-12-02 21:00:00,897.78174
5161,2013-12-02 21:10:00,1356.4684
5161,2013-12-02 21:20:00,922.6504
5161,2013-12-02 21:30:00,854.0366
5161,2013-12-02 21:40:00,873.4138
5161,2013-12-02 21:50:00,740.3715
5161,2013-12-02 22:00:00,603.15186
5161,2013-12-02 22:10:00,500.5914
5161,2013-12-02 22:20:00,508.92828
5161,2013-12-02 22:30:00,403.28625
5161,2013-12-02 22:40:00,750.7112
5161,2013-12-02 22:50:00,821.5272
5161,2013-12-02 23:00:00,531.15076
5161,2013-12-02 23:10:00,423.04614
5161,2013-12-02 23:20:00,296.70847
5161,2013-12-02 23:30:00,287.37485
5161,2013-12-02 23:40:00,228.5781
5161,2013-12-02 23:50:00,243.63629
5161,2013-12-03 00:00:00,223.97572
5161,2013-12-03 00:10:00,220.75409
5161,2013-12-03 00:20:00,230.69293
5161,2013-12-03 00:30:00,187.76793
5161,2013-12-03 00:40:00,183.68117
5161,2013-12-03 00:50:00,169.72165
5161,2013-12-03 01:00:00,168.1963
5161,2013-12-03 01:10:00,164.04199
5161,2013-12-03 01:20:00,152.94887
5161,2013-12-03 01:30:00,159.50238
5161,2013-12-03 01:40:00,171.00485
5161,2013-12-03 01:50:00,157.42801
5161,2013-12-03 02:00:00,163.95363
5161,2013-12-03 02:10:00,158.31671
5161,2013-12-03 02:20:00,148.45808
5161,2013-12-03 02:30:00,161.80656
5161,2013-12-03 02:40:00,162.51935
5161,2013-12-03 02:50:00,153.45747
5161,2013-12-03 03:00:00,156.19359
5161,2013-12-03 03:10:00,135.9096
5161,2013-12-03 03:20:00,137.12366
5161,2013-12-03 03:30:00,138.60713
5161,2013-12-03 03:40:00,146.22256
5161,2013-12-03 03:50:00,148.72112
5161,2013-12-03 04:00:00,143.88951
5161,2013-12-03 04:10:00,149.30548
5161,2013-12-03 04:20:00,150.71954
5161,2013-12-03 04:30:00,149.66621
5161,2013-12-03 04:40:00,144.3241
5161,2013-12-03 04:50:00,162.42163
5161,2013-12-03 05:00:00,163.18378
5161,2013-12-03 05:10:00,151.66379
5161,2013-12-03 05:20:00,159.12651
5161,2013-12-03 05:30:00,170.38792
5161,2013-12-03 05:40:00,181.11382
5161,2013-12-03 05:50:00,169.35756
5161,2013-12-03 06:00:00,202.10403
5161,2013-12-03 06:10:00,286.9651
5161,2013-12-03 06:20:00,291.53732
5161,2013-12-03 06:30:00,248.64346
5161,2013-12-03 06:40:00,373.25632
5161,2013-12-03 06:50:00,273.2649
5161,2013-12-03 07:00:00,362.5333
5161,2013-12-03 07:10:00,444.08917
5161,2013-12-03 07:20:00,472.05838
5161,2013-12-03 07:30:00,604.1493
5161,2013-12-03 07:40:00,628.88403
5161,2013-12-03 07:50:00,803.5783
5161,2013-12-03 08:00:00,890.45386
5161,2013-12-03 08:10:00,888.0616
5161,2013-12-03 08:20:00,1042.3813
5161,2013-12-03 08:30:00,1053.9783
5161,2013-12-03 08:40:00,1096.5906
5161,2013-12-03 08:50:00,1070.5964
5161,2013-12-03 09:00:00,1263.3893
5161,2013-12-03 09:10:00,1317.5453
5161,2013-12-03 09:20:00,1397.6863
5161,2013-12-03 09:30:00,1662.5044
5161,2013-12-03 09:40:00,1319.7861
5161,2013-12-03 09:50:00,1740.6882
5161,2013-12-03 10:00:00,2092.9294
5161,2013-12-03 10:10:00,1841.3531
5161,2013-12-03 10:20:00,2105.425
5161,2013-12-03 10:30:00,1948.407
5161,2013-12-03 10:40:00,1920.0381
5161,2013-12-03 10:50:00,2187.8323
5161,2013-12-03 11:00:00,2098.748
5161,2013-12-03 11:10:00,2226.1853
5161,2013-12-03 11:20:00,2345.6702
5161,2013-12-03 11:30:00,2366.145
5161,2013-12-03 11:40:00,2190.7886
5161,2013-12-03 11:50:00,2512.2412
5161,2013-12-03 12:00:00,2525.1826
5161,2013-12-03 12:10:00,2630.6074
5161,2013-12-03 12:20:00,2840.7
5161,2013-12-03 12:30:00,2638.4631
5161,2013-12-03 12:40:00,3273.3474
5161,2013-12-03 12:50:00,3194.2092
5161,2013-12-03 13:00:00,3222.614
5161,2013-12-03 13:10:00,3281.8477
5161,2013-12-03 13:20:00,3309.4639
5161,2013-12-03 13:30:00,3174.5303
5161,2013-12-03 13:40:00,2733.3774
5161,2013-12-03 13:50:00,2602.7637
5161,2013-12-03 14:00:00,2728.204
5161,2013-12-03 14:10:00,2941.135
5161,2013-12-03 14:20:00,2709.0771
5161,2013-12-03 14:30:00,3048.848
5161,2013-12-03 14:40:00,3275.0364
5161,2013-12-03 14:50:00,3606.4385
5161,2013-12-03 15:00:00,3022.6934
5161,2013-12-03 15:10:00,2917.3599
5161,2013-12-03 15:20:00,2735.9402
5161,2013-12-03 15:30:00,2976.3716
5161,2013-12-03 15:40:00,2836.716
5161,2013-12-03 15:50:00,2579.4036
5161,2013-12-03 16:00:00,2680.869
5161,2013-12-03 16:10:00,2851.8281
5161,2013-12-03 16:20:00,2872.7915
5161,2013-12-03 16:30:00,2700.5933
5161,2013-12-03 16:40:00,2781.1248
5161,2013-12-03 16:50:00,2369.3096
5161,2013-12-03 17:00:00,2549.7517
5161,2013-12-03 17:10:00,2605.753
5161,2013-12-03 17:20:00,2654.1638
5161,2013-12-03 17:30:00,2303.6338
5161,2013-12-03 17:40:00,2802.2773
5161,2013-12-03 17:50:00,2112.4531
5161,2013-12-03 18:00:00,2017.6012
5161,2013-12-03 18:10:00,2019.0714
5161,2013-12-03 18:20:00,1929.7788
5161,2013-12-03 18:30:00,2462.6326
5161,2013-12-03 18:40:00,1922.719
5161,2013-12-03 18:50:00,1729.288
5161,2013-12-03 19:00:00,1613.2831
5161,2013-12-03 19:10:00,1477.8596
5161,2013-12-03 19:20:00,1430.9048
5161,2013-12-03 19:30:00,1211.0459
5161,2013-12-03 19:40:00,1408.6768
5161,2013-12-03 19:50:00,1374.497
5161,2013-12-03 20:00:00,1065.5931
5161,2013-12-03 20:10:00,889.8821
5161,2013-12-03 20:20:00,884.2205
5161,2013-12-03 20:30:00,1352.922
5161,2013-12-03 20:40:00,863.14276
5161,2013-12-03 20:50:00,896.846
5161,2013-12-03 21:00:00,670.98865
5161,2013-12-03 21:10:00,696.3208
5161,2013-12-03 21:20:00,527.77057
5161,2013-12-03 21:30:00,563.30536
5161,2013-12-03 21:40:00,590.6568
5161,2013-12-03 21:50:00,454.26108
5161,2013-12-03 22:00:00,617.42554
5161,2013-12-03 22:10:00,611.86005
5161,2013-12-03 22:20:00,782.95245
5161,2013-12-03 22:30:00,419.9768
5161,2013-12-03 22:40:00,401.6938
5161,2013-12-03 22:50:00,384.60703
5161,2013-12-03 23:00:00,315.11673
5161,2013-12-03 23:10:00,299.8264
5161,2013-12-03 23:20:00,685.2483
5161,2013-12-03 23:30:00,550.71625
5161,2013-12-03 23:40:00,713.4806
5161,2013-12-03 23:50:00,336.20593
5161,2013-12-04 00:00:00,442.15256
5161,2013-12-04 00:10:00,370.1622
5161,2013-12-04 00:20:00,244.32501
5161,2013-12-04 00:30:00,191.72473
5161,2013-12-04 00:40:00,215.80614
5161,2013-12-04 00:50:00,202.16223
5161,2013-12-04 01:00:00,218.0832
5161,2013-12-04 01:10:00,218.84464
5161,2013-12-04 01:20:00,191.64575
5161,2013-12-04 01:30:00,189.11784
5161,2013-12-04 01:40:00,185.71936
5161,2013-12-04 01:50:00,171.51569
5161,2013-12-04 02:00:00,170.76666
5161,2013-12-04 02:10:00,177.37079
5161,2013-12-04 02:20:00,169.98135
5161,2013-12-04 02:30:00,162.99683
5161,2013-12-04 02:40:00,175.66817
5161,2013-12-04 02:50:00,154.80872
5161,2013-12-04 03:00:00,169.41777
5161,2013-12-04 03:10:00,172.1148
5161,2013-12-04 03:20:00,164.85585
5161,2013-12-04 03:30:00,173.33636
5161,2013-12-04 03:40:00,175.84843
5161,2013-12-04 03:50:00,180.62018
5161,2013-12-04 04:00:00,178.19096
5161,2013-12-04 04:10:00,190.62268
5161,2013-12-04 04:20:00,167.13908
5161,2013-12-04 04:30:00,173.76808
5161,2013-12-04 04:40:00,186.76044
5161,2013-12-04 04:50:00,187.7913
5161,2013-12-04 05:00:00,175.298
5161,2013-12-04 05:10:00,172.4048
5161,2013-12-04 05:20:00,205.76685
5161,2013-12-04 05:30:00,204.0764
5161,2013-12-04 05:40:00,239.18712
5161,2013-12-04 05:50:00,256.62018
5161,2013-12-04 06:00:00,265.292
5161,2013-12-04 06:10:00,365.01398
5161,2013-12-04 06:20:00,268.46713
5161,2013-12-04 06:30:00,289.8874
5161,2013-12-04 06:40:00,340.01025
5161,2013-12-04 06:50:00,349.26804
5161,2013-12-04 07:00:00,384.8734
5161,2013-12-04 07:10:00,436.46207
5161,2013-12-04 07:20:00,470.3265
5161,2013-12-04 07:30:00,512.6101
5161,2013-12-04 07:40:00,699.57404
5161,2013-12-04 07:50:00,715.3642
5161,2013-12-04 08:00:00,899.8556
5161,2013-12-04 08:10:00,912.077
5161,2013-12-04 08:20:00,888.85504
5161,2013-12-04 08:30:00,1105.5494
5161,2013-12-04 08:40:00,1021.63776
5161,2013-12-04 08:50:00,1200.6267
5161,2013-12-04 09:00:00,1170.8547
5161,2013-12-04 09:10:00,1395.8031
5161,2013-12-04 09:20:00,1223.04
5161,2013-12-04 09:30:00,1810.3838
5161,2013-12-04 09:40:00,1568.7786
5161,2013-12-04 09:50:00,1887.9285
5161,2013-12-04 10:00:00,1906.788
5161,2013-12-04 10:10:00,2049.8406
5161,2013-12-04 10:20:00,2318.5847
5161,2013-12-04 10:30:00,2005.3263
5161,2013-12-04 10:40:00,2132.7976
5161,2013-12-04 10:50:00,2327.4878
5161,2013-12-04 11:00:00,2322.273
5161,2013-12-04 11:10:00,2267.8982
5161,2013-12-04 11:20:00,2651.163
5161,2013-12-04 11:30:00,2603.4626
5161,2013-12-04 11:40:00,3082.2397
5161,2013-12-04 11:50:00,2886.9263
5161,2013-12-04 12:00:00,2660.7585
5161,2013-12-04 12:10:00,3673.4265
5161,2013-12-04 12:20:00,3661.9453
5161,2013-12-04 12:30:00,3525.4111
5161,2013-12-04 12:40:00,3419.875
5161,2013-12-04 12:50:00,3680.3896
5161,2013-12-04 13:00:00,3446.5017
5161,2013-12-04 13:10:00,3085.7773
5161,2013-12-04 13:20:00,2938.008
5161,2013-12-04 13:30:00,2948.1829
5161,2013-12-04 13:40:00,3020.1267
5161,2013-12-04 13:50:00,2963.6936
5161,2013-12-04 14:00:00,3007.9731
5161,2013-12-04 14:10:00,2837.8582
5161,2013-12-04 14:20:00,2579.0396
5161,2013-12-04 14:30:00,3163.6255
5161,2013-12-04 14:40:00,3335.3079
5161,2013-12-04 14:50:00,3130.6672
5161,2013-12-04 15:00:00,2895.7954
5161,2013-12-04 15:10:00,2874.8618
5161,2013-12-04 15:20:00,2746.821
5161,2013-12-04 15:30:00,2743.992
5161,2013-12-04 15:40:00,2786.4697
5161,2013-12-04 15:50:00,2549.525
5161,2013-12-04 16:00:00,2872.0142
5161,2013-12-04 16:10:00,3096.2915
5161,2013-12-04 16:20:00,2845.4414
5161,2013-12-04 16:30:00,2784.8137
5161,2013-12-04 16:40:00,3003.1794
5161,2013-12-04 16:50:00,3040.268
5161,2013-12-04 17:00:00,2904.6313
5161,2013-12-04 17:10:00,2820.3965
5161,2013-12-04 17:20:00,2624.9175
5161,2013-12-04 17:30:00,2541.9736
5161,2013-12-04 17:40:00,2841.2642
5161,2013-12-04 17:50:00,3403.0671
5161,2013-12-04 18:00:00,3325.6533
5161,2013-12-04 18:10:00,2830.905
5161,2013-12-04 18:20:00,2453.5945
5161,2013-12-04 18:30:00,2759.6362
5161,2013-12-04 18:40:00,2712.1875
5161,2013-12-04 18:50:00,2465.2578
5161,2013-12-04 19:00:00,2035.8767
5161,2013-12-04 19:10:00,1810.5763
5161,2013-12-04 19:20:00,1824.3563
5161,2013-12-04 19:30:00,1991.058
5161,2013-12-04 19:40:00,1520.6353
5161,2013-12-04 19:50:00,1452.1536
5161,2013-12-04 20:00:00,1328.3406
5161,2013-12-04 20:10:00,1268.257
5161,2013-12-04 20:20:00,1313.4485
5161,2013-12-04 20:30:00,1616.5681
5161,2013-12-04 20:40:00,1155.2471
5161,2013-12-04 20:50:00,1019.3179
5161,2013-12-04 21:00:00,905.28674
5161,2013-12-04 21:10:00,799.2169
5161,2013-12-04 21:20:00,861.8953
5161,2013-12-04 21:30:00,675.1506
5161,2013-12-04 21:40:00,616.5336
5161,2013-12-04 21:50:00,585.8778
5161,2013-12-04 22:00:00,463.16937
5161,2013-12-04 22:10:00,494.43848
5161,2013-12-04 22:20:00,536.2373
5161,2013-12-04 22:30:00,389.5323
5161,2013-12-04 22:40:00,420.88144
5161,2013-12-04 22:50:00,403.24625
5161,2013-12-04 23:00:00,439.79102
5161,2013-12-04 23:10:00,360.36597
5161,2013-12-04 23:20:00,372.58606
5161,2013-12-04 23:30:00,257.14322
5161,2013-12-04 23:40:00,289.55777
5161,2013-12-04 23:50:00,302.4447
5161,2013-12-05 00:00:00,299.62387
5161,2013-12-05 00:10:00,234.54968
5161,2013-12-05 00:20:00,265.10837
5161,2013-12-05 00:30:00,237.9696
5161,2013-12-05 00:40:00,348.94122
5161,2013-12-05 00:50:00,335.21622
5161,2013-12-05 01:00:00,223.43219
5161,2013-12-05 01:10:00,266.51602
5161,2013-12-05 01:20:00,265.6513
5161,2013-12-05 01:30:00,231.5669
5161,2013-12-05 01:40:00,205.92686
5161,2013-12-05 01:50:00,187.22102
5161,2013-12-05 02:00:00,194.9786
5161,2013-12-05 02:10:00,180.55643
5161,2013-12-05 02:20:00,181.79623
5161,2013-12-05 02:30:00,178.76105
5161,2013-12-05 02:40:00,186.71498
5161,2013-12-05 02:50:00,166.59552
5161,2013-12-05 03:00:00,189.76826
5161,2013-12-05 03:10:00,201.35164
5161,2013-12-05 03:20:00,215.70018
5161,2013-12-05 03:30:00,187.63695
5161,2013-12-05 03:40:00,199.88031
5161,2013-12-05 03:50:00,171.6754
5161,2013-12-05 04:00:00,200.45334
5161,2013-12-05 04:10:00,216.1879
5161,2013-12-05 04:20:00,206.37242
5161,2013-12-05 04:30:00,201.4466
5161,2013-12-05 04:40:00,229.55573
5161,2013-12-05 04:50:00,182.85124
5161,2013-12-05 05:00:00,212.58023
5161,2013-12-05 05:10:00,230.41718
5161,2013-12-05 05:20:00,237.46266
5161,2013-12-05 05:30:00,236.04568
5161,2013-12-05 05:40:00,262.89645
5161,2013-12-05 05:50:00,229.6026
5161,2013-12-05 06:00:00,273.82904
5161,2013-12-05 06:10:00,263.27444
5161,2013-12-05 06:20:00,322.75555
5161,2013-12-05 06:30:00,291.84683
5161,2013-12-05 06:40:00,295.0297
5161,2013-12-05 06:50:00,365.15753
5161,2013-12-05 07:00:00,447.1561
5161,2013-12-05 07:10:00,463.73944
5161,2013-12-05 07:20:00,558.865
5161,2013-12-05 07:30:00,535.3341
5161,2013-12-05 07:40:00,595.58484
5161,2013-12-05 07:50:00,804.1669
5161,2013-12-05 08:00:00,783.44635
5161,2013-12-05 08:10:00,849.4655
5161,2013-12-05 08:20:00,1070.1974
5161,2013-12-05 08:30:00,1011.00507
5161,2013-12-05 08:40:00,1040.9425
5161,2013-12-05 08:50:00,1104.465
5161,2013-12-05 09:00:00,1280.1603
5161,2013-12-05 09:10:00,1418.3867
5161,2013-12-05 09:20:00,1439.7584
5161,2013-12-05 09:30:00,1675.6962
5161,2013-12-05 09:40:00,1469.9187
5161,2013-12-05 09:50:00,1756.8214
5161,2013-12-05 10:00:00,1784.7631
5161,2013-12-05 10:10:00,1767.7119
5161,2013-12-05 10:20:00,2109.145
5161,2013-12-05 10:30:00,2180.1758
5161,2013-12-05 10:40:00,2587.7566
5161,2013-12-05 10:50:00,2540.6719
5161,2013-12-05 11:00:00,2323.21
5161,2013-12-05 11:10:00,2494.1472
5161,2013-12-05 11:20:00,2756.8445
5161,2013-12-05 11:30:00,2777.2532
5161,2013-12-05 11:40:00,2763.0156
5161,2013-12-05 11:50:00,2737.5574
5161,2013-12-05 12:00:00,2907.4697
5161,2013-12-05 12:10:00,3231.844
5161,2013-12-05 12:20:00,3157.77
5161,2013-12-05 12:30:00,3263.5037
5161,2013-12-05 12:40:00,3526.5784
5161,2013-12-05 12:50:00,3430.054
5161,2013-12-05 13:00:00,3399.8599
5161,2013-12-05 13:10:00,3398.7869
5161,2013-12-05 13:20:00,3316.8716
5161,2013-12-05 13:30:00,3448.4673
5161,2013-12-05 13:40:00,2985.3877
5161,2013-12-05 13:50:00,3066.7026
5161,2013-12-05 14:00:00,3045.1885
5161,2013-12-05 14:10:00,2929.904
5161,2013-12-05 14:20:00,3168.9612
5161,2013-12-05 14:30:00,3118.5317
5161,2013-12-05 14:40:00,2967.646
5161,2013-12-05 14:50:00,2911.776
5161,2013-12-05 15:00:00,2862.9058
5161,2013-12-05 15:10:00,3654.7073
5161,2013-12-05 15:20:00,3023.4841
5161,2013-12-05 15:30:00,2662.0942
5161,2013-12-05 15:40:00,2677.2563
5161,2013-12-05 15:50:00,2703.297
5161,2013-12-05 16:00:00,2675.924
5161,2013-12-05 16:10:00,2442.0222
5161,2013-12-05 16:20:00,2562.6328
5161,2013-12-05 16:30:00,2497.169
5161,2013-12-05 16:40:00,2710.293
5161,2013-12-05 16:50:00,2557.521
5161,2013-12-05 17:00:00,2471.4211
5161,2013-12-05 17:10:00,3067.7205
5161,2013-12-05 17:20:00,2510.142
5161,2013-12-05 17:30:00,2313.141
5161,2013-12-05 17:40:00,2245.9287
5161,2013-12-05 17:50:00,2258.05
5161,2013-12-05 18:00:00,2332.6
5161,2013-12-05 18:10:00,2167.1377
5161,2013-12-05 18:20:00,2460.2249
5161,2013-12-05 18:30:00,2311.5007
5161,2013-12-05 18:40:00,2034.132
5161,2013-12-05 18:50:00,1920.9967
5161,2013-12-05 19:00:00,1995.9487
5161,2013-12-05 19:10:00,1499.7847
5161,2013-12-05 19:20:00,1660.8461
5161,2013-12-05 19:30:00,1292.4144
5161,2013-12-05 19:40:00,1220.7103
5161,2013-12-05 19:50:00,1075.1393
5161,2013-12-05 20:00:00,1019.02747
5161,2013-12-05 20:10:00,1054.0754
5161,2013-12-05 20:20:00,877.8454
5161,2013-12-05 20:30:00,1086.4288
5161,2013-12-05 20:40:00,935.0546
5161,2013-12-05 20:50:00,927.9776
5161,2013-12-05 21:00:00,882.20013
5161,2013-12-05 21:10:00,645.69916
5161,2013-12-05 21:20:00,660.997
5161,2013-12-05 21:30:00,597.7518
5161,2013-12-05 21:40:00,579.7109
5161,2013-12-05 21:50:00,523.7334
5161,2013-12-05 22:00:00,422.27316
5161,2013-12-05 22:10:00,472.19247
5161,2013-12-05 22:20:00,492.62625
5161,2013-12-05 22:30:00,446.19217
5161,2013-12-05 22:40:00,397.79453
5161,2013-12-05 22:50:00,422.91068
5161,2013-12-05 23:00:00,338.3992
5161,2013-12-05 23:10:00,291.36768
5161,2013-12-05 23:20:00,289.17914
5161,2013-12-05 23:30:00,262.90033
5161,2013-12-05 23:40:00,260.08646
5161,2013-12-05 23:50:00,278.99936
5161,2013-12-06 00:00:00,271.02655
5161,2013-12-06 00:10:00,318.27652
5161,2013-12-06 00:20:00,346.49402
5161,2013-12-06 00:30:00,288.66293
5161,2013-12-06 00:40:00,261.85028
5161,2013-12-06 00:50:00,402.8441
5161,2013-12-06 01:00:00,216.14915
5161,2013-12-06 01:10:00,204.461
5161,2013-12-06 01:20:00,224.04692
5161,2013-12-06 01:30:00,193.31395
5161,2013-12-06 01:40:00,198.47583
5161,2013-12-06 01:50:00,207.75114
5161,2013-12-06 02:00:00,201.86789
5161,2013-12-06 02:10:00,197.10172
5161,2013-12-06 02:20:00,202.61778
5161,2013-12-06 02:30:00,190.06224
5161,2013-12-06 02:40:00,182.51991
5161,2013-12-06 02:50:00,199.38606
5161,2013-12-06 03:00:00,181.18906
5161,2013-12-06 03:10:00,185.35437
5161,2013-12-06 03:20:00,188.28113
5161,2013-12-06 03:30:00,187.67317
5161,2013-12-06 03:40:00,174.89514
5161,2013-12-06 03:50:00,203.94615
5161,2013-12-06 04:00:00,192.72049
5161,2013-12-06 04:10:00,192.05804
5161,2013-12-06 04:20:00,199.63866
5161,2013-12-06 04:30:00,207.56041
5161,2013-12-06 04:40:00,195.53268
5161,2013-12-06 04:50:00,220.88496
5161,2013-12-06 05:00:00,200.8791
5161,2013-12-06 05:10:00,198.27962
5161,2013-12-06 05:20:00,220.05681
5161,2013-12-06 05:30:00,226.73154
5161,2013-12-06 05:40:00,234.07379
5161,2013-12-06 05:50:00,253.60384
5161,2013-12-06 06:00:00,322.71008
5161,2013-12-06 06:10:00,335.14984
5161,2013-12-06 06:20:00,339.87436
5161,2013-12-06 06:30:00,265.2581
5161,2013-12-06 06:40:00,296.83466
5161,2013-12-06 06:50:00,400.7131
5161,2013-12-06 07:00:00,367.83124
5161,2013-12-06 07:10:00,439.61087
5161,2013-12-06 07:20:00,483.5729
5161,2013-12-06 07:30:00,552.9142
5161,2013-12-06 07:40:00,537.4111
5161,2013-12-06 07:50:00,688.0507
5161,2013-12-06 08:00:00,671.78564
5161,2013-12-06 08:10:00,875.44434
5161,2013-12-06 08:20:00,973.4661
5161,2013-12-06 08:30:00,981.38116
5161,2013-12-06 08:40:00,1047.4783
5161,2013-12-06 08:50:00,1241.4358
5161,2013-12-06 09:00:00,1250.061
5161,2013-12-06 09:10:00,1244.8528
5161,2013-12-06 09:20:00,1349.7703
5161,2013-12-06 09:30:00,1442.0526
5161,2013-12-06 09:40:00,1740.6625
5161,2013-12-06 09:50:00,1840.7712
5161,2013-12-06 10:00:00,2077.5317
5161,2013-12-06 10:10:00,2449.1506
5161,2013-12-06 10:20:00,2270.475
5161,2013-12-06 10:30:00,2563.7568
5161,2013-12-06 10:40:00,2444.1548
5161,2013-12-06 10:50:00,2369.138
5161,2013-12-06 11:00:00,2503.173
5161,2013-12-06 11:10:00,2533.9126
5161,2013-12-06 11:20:00,2532.8855
5161,2013-12-06 11:30:00,2729.8384
5161,2013-12-06 11:40:00,3453.0254
5161,2013-12-06 11:50:00,2911.3142
5161,2013-12-06 12:00:00,2981.6785
5161,2013-12-06 12:10:00,3236.2888
5161,2013-12-06 12:20:00,3624.3745
5161,2013-12-06 12:30:00,3537.4648
5161,2013-12-06 12:40:00,3401.466
5161,2013-12-06 12:50:00,3924.4836
5161,2013-12-06 13:00:00,3719.5884
5161,2013-12-06 13:10:00,3648.1152
5161,2013-12-06 13:20:00,3758.281
5161,2013-12-06 13:30:00,3631.2876
5161,2013-12-06 13:40:00,3753.1716
5161,2013-12-06 13:50:00,3880.0054
5161,2013-12-06 14:00:00,3521.9397
5161,2013-12-06 14:10:00,3148.6594
5161,2013-12-06 14:20:00,3507.5076
5161,2013-12-06 14:30:00,3439.8193
5161,2013-12-06 14:40:00,3281.2432
5161,2013-12-06 14:50:00,3529.65
5161,2013-12-06 15:00:00,3191.3318
5161,2013-12-06 15:10:00,3184.6614
5161,2013-12-06 15:20:00,3189.0078
5161,2013-12-06 15:30:00,3379.6958
5161,2013-12-06 15:40:00,3141.9624
5161,2013-12-06 15:50:00,3329.2344
5161,2013-12-06 16:00:00,3604.461
5161,2013-12-06 16:10:00,3278.1726
5161,2013-12-06 16:20:00,3025.098
5161,2013-12-06 16:30:00,3042.02
5161,2013-12-06 16:40:00,2844.627
5161,2013-12-06 16:50:00,2730.9917
5161,2013-12-06 17:00:00,2868.781
5161,2013-12-06 17:10:00,2787.6497
5161,2013-12-06 17:20:00,2720.245
5161,2013-12-06 17:30:00,2826.6892
5161,2013-12-06 17:40:00,2885.3584
5161,2013-12-06 17:50:00,2818.3015
5161,2013-12-06 18:00:00,2440.7778
5161,2013-12-06 18:10:00,2535.3103
5161,2013-12-06 18:20:00,2394.0974
5161,2013-12-06 18:30:00,2354.1511
5161,2013-12-06 18:40:00,1978.4534
5161,2013-12-06 18:50:00,2014.9083
5161,2013-12-06 19:00:00,2060.2593
5161,2013-12-06 19:10:00,2044.0087
5161,2013-12-06 19:20:00,1879.3529
5161,2013-12-06 19:30:00,1798.5664
5161,2013-12-06 19:40:00,1630.4698
5161,2013-12-06 19:50:00,2012.529
5161,2013-12-06 20:00:00,1451.9163
5161,2013-12-06 20:10:00,1429.3732
5161,2013-12-06 20:20:00,1430.629
5161,2013-12-06 20:30:00,846.2971
5161,2013-12-06 20:40:00,882.59595
5161,2013-12-06 20:50:00,843.9188
5161,2013-12-06 21:00:00,869.517
5161,2013-12-06 21:10:00,719.242
5161,2013-12-06 21:20:00,641.75433
5161,2013-12-06 21:30:00,608.5425
5161,2013-12-06 21:40:00,574.16425
5161,2013-12-06 21:50:00,519.7108
5161,2013-12-06 22:00:00,448.76483
5161,2013-12-06 22:10:00,474.78748
5161,2013-12-06 22:20:00,343.78336
5161,2013-12-06 22:30:00,353.6939
5161,2013-12-06 22:40:00,1177.3287
5161,2013-12-06 22:50:00,335.64944
5161,2013-12-06 23:00:00,484.0297
5161,2013-12-06 23:10:00,384.0011
5161,2013-12-06 23:20:00,302.88168
5161,2013-12-06 23:30:00,340.25842
5161,2013-12-06 23:40:00,284.9241
5161,2013-12-06 23:50:00,234.85733
5161,2013-12-07 00:00:00,268.36768
5161,2013-12-07 00:10:00,265.2287
5161,2013-12-07 00:20:00,206.76909
5161,2013-12-07 00:30:00,228.90063
5161,2013-12-07 00:40:00,207.14429
5161,2013-12-07 00:50:00,191.71559
5161,2013-12-07 01:00:00,199.4638
5161,2013-12-07 01:10:00,218.93019
5161,2013-12-07 01:20:00,213.80304
5161,2013-12-07 01:30:00,219.95134
5161,2013-12-07 01:40:00,238.31209
5161,2013-12-07 01:50:00,147.55966
5161,2013-12-07 02:00:00,174.91666
5161,2013-12-07 02:10:00,180.83385
5161,2013-12-07 02:20:00,144.84604
5161,2013-12-07 02:30:00,162.16635
5161,2013-12-07 02:40:00,174.4936
5161,2013-12-07 02:50:00,136.96652
5161,2013-12-07 03:00:00,166.67297
5161,2013-12-07 03:10:00,164.36864
5161,2013-12-07 03:20:00,132.09842
5161,2013-12-07 03:30:00,150.32288
5161,2013-12-07 03:40:00,182.40874
5161,2013-12-07 03:50:00,128.55818
5161,2013-12-07 04:00:00,160.02864
5161,2013-12-07 04:10:00,169.3499
5161,2013-12-07 04:20:00,132.16779
5161,2013-12-07 04:30:00,149.38103
5161,2013-12-07 04:40:00,177.4379
5161,2013-12-07 04:50:00,136.84012
5161,2013-12-07 05:00:00,149.40201
5161,2013-12-07 05:10:00,178.42018
5161,2013-12-07 05:20:00,147.86516
5161,2013-12-07 05:30:00,191.20576
5161,2013-12-07 05:40:00,198.64078
5161,2013-12-07 05:50:00,149.19386
5161,2013-12-07 06:00:00,189.29562
5161,2013-12-07 06:10:00,197.56282
5161,2013-12-07 06:20:00,157.0108
5161,2013-12-07 06:30:00,202.5805
5161,2013-12-07 06:40:00,197.17552
5161,2013-12-07 06:50:00,181.67474
5161,2013-12-07 07:00:00,212.6696
5161,2013-12-07 07:10:00,215.40097
5161,2013-12-07 07:20:00,227.26419
5161,2013-12-07 07:30:00,231.70312
5161,2013-12-07 07:40:00,309.5418
5161,2013-12-07 07:50:00,348.34317
5161,2013-12-07 08:00:00,430.66083
5161,2013-12-07 08:10:00,516.0871
5161,2013-12-07 08:20:00,503.2667
5161,2013-12-07 08:30:00,773.3811
5161,2013-12-07 08:40:00,1029.9023
5161,2013-12-07 08:50:00,964.61237
5161,2013-12-07 09:00:00,1164.5044
5161,2013-12-07 09:10:00,1248.5051
5161,2013-12-07 09:20:00,1325.7443
5161,2013-12-07 09:30:00,1621.8407
5161,2013-12-07 09:40:00,1973.9993
5161,2013-12-07 09:50:00,2226.181
5161,2013-12-07 10:00:00,2599.426
5161,2013-12-07 10:10:00,2664.3887
5161,2013-12-07 10:20:00,3079.448
5161,2013-12-07 10:30:00,3350.7156
5161,2013-12-07 10:40:00,3746.9734
5161,2013-12-07 10:50:00,3461.7131
5161,2013-12-07 11:00:00,3564.1433
5161,2013-12-07 11:10:00,3888.028
5161,2013-12-07 11:20:00,3585.9563
5161,2013-12-07 11:30:00,3910.2542
5161,2013-12-07 11:40:00,3966.9973
5161,2013-12-07 11:50:00,4066.7153
5161,2013-12-07 12:00:00,3980.1018
5161,2013-12-07 12:10:00,4499.1646
5161,2013-12-07 12:20:00,4170.099
5161,2013-12-07 12:30:00,4514.5713
5161,2013-12-07 12:40:00,4409.3203
5161,2013-12-07 12:50:00,4903.765
5161,2013-12-07 13:00:00,4700.867
5161,2013-12-07 13:10:00,5093.069
5161,2013-12-07 13:20:00,5376.7593
5161,2013-12-07 13:30:00,4840.9556
5161,2013-12-07 13:40:00,5116.4766
5161,2013-12-07 13:50:00,5434.9336
5161,2013-12-07 14:00:00,5485.593
5161,2013-12-07 14:10:00,5659.8584
5161,2013-12-07 14:20:00,5259.7124
5161,2013-12-07 14:30:00,5387.727
5161,2013-12-07 14:40:00,5688.651
5161,2013-12-07 14:50:00,5587.1836
5161,2013-12-07 15:00:00,5377.375
5161,2013-12-07 15:10:00,6082.1313
5161,2013-12-07 15:20:00,5770.429
5161,2013-12-07 15:30:00,6023.0635
5161,2013-12-07 15:40:00,5917.3105
5161,2013-12-07 15:50:00,5641.548
5161,2013-12-07 16:00:00,5949.9307
5161,2013-12-07 16:10:00,6153.2725
5161,2013-12-07 16:20:00,5551.036
5161,2013-12-07 16:30:00,5534.3906
5161,2013-12-07 16:40:00,5958.6685
5161,2013-12-07 16:50:00,5710.174
5161,2013-12-07 17:00:00,6003.0347
5161,2013-12-07 17:10:00,5430.57
5161,2013-12-07 17:20:00,5247.8765
5161,2013-12-07 17:30:00,5360.833
5161,2013-12-07 17:40:00,4867.169
5161,2013-12-07 17:50:00,4711.19
5161,2013-12-07 18:00:00,4589.354
5161,2013-12-07 18:10:00,4544.936
5161,2013-12-07 18:20:00,4835.6904
5161,2013-12-07 18:30:00,4242.22
5161,2013-12-07 18:40:00,4411.6885
5161,2013-12-07 18:50:00,4115.5264
5161,2013-12-07 19:00:00,3804.2585
5161,2013-12-07 19:10:00,3230.1042
5161,2013-12-07 19:20:00,3497.2825
5161,2013-12-07 19:30:00,3218.113
5161,2013-12-07 19:40:00,2936.8413
5161,2013-12-07 19:50:00,2534.2766
5161,2013-12-07 20:00:00,2457.779
5161,2013-12-07 20:10:00,2575.1106
5161,2013-12-07 20:20:00,2248.7795
5161,2013-12-07 20:30:00,2335.3113
5161,2013-12-07 20:40:00,2225.3552
5161,2013-12-07 20:50:00,2074.117
5161,2013-12-07 21:00:00,1801.7386
5161,2013-12-07 21:10:00,1483.3423
5161,2013-12-07 21:20:00,1446.9613
5161,2013-12-07 21:30:00,1339.4852
5161,2013-12-07 21:40:00,1071.9751
5161,2013-12-07 21:50:00,1021.30054
5161,2013-12-07 22:00:00,1175.4023
5161,2013-12-07 22:10:00,962.04834
5161,2013-12-07 22:20:00,833.45734
5161,2013-12-07 22:30:00,673.81586
5161,2013-12-07 22:40:00,726.29706
5161,2013-12-07 22:50:00,623.4854
5161,2013-12-07 23:00:00,859.0925
5161,2013-12-07 23:10:00,673.0909
5161,2013-12-07 23:20:00,750.7055
5161,2013-12-07 23:30:00,506.62012
5161,2013-12-07 23:40:00,413.96686
5161,2013-12-07 23:50:00,423.64304
5161,2013-12-08 00:00:00,579.8686
5161,2013-12-08 00:10:00,408.49408
5161,2013-12-08 00:20:00,295.9428
5161,2013-12-08 00:30:00,280.08917
5161,2013-12-08 00:40:00,298.2874
5161,2013-12-08 00:50:00,223.58621
5161,2013-12-08 01:00:00,263.0314
5161,2013-12-08 01:10:00,231.28879
5161,2013-12-08 01:20:00,209.69182
5161,2013-12-08 01:30:00,223.96342
5161,2013-12-08 01:40:00,223.0247
5161,2013-12-08 01:50:00,185.6494
5161,2013-12-08 02:00:00,215.69403
5161,2013-12-08 02:10:00,215.82996
5161,2013-12-08 02:20:00,204.31493
5161,2013-12-08 02:30:00,226.93228
5161,2013-12-08 02:40:00,207.2807
5161,2013-12-08 02:50:00,194.50137
5161,2013-12-08 03:00:00,227.63272
5161,2013-12-08 03:10:00,196.95477
5161,2013-12-08 03:20:00,208.7922
5161,2013-12-08 03:30:00,208.64572
5161,2013-12-08 03:40:00,201.42517
5161,2013-12-08 03:50:00,186.95712
5161,2013-12-08 04:00:00,210.64186
5161,2013-12-08 04:10:00,234.7384
5161,2013-12-08 04:20:00,183.1718
5161,2013-12-08 04:30:00,207.65547
5161,2013-12-08 04:40:00,233.17593
5161,2013-12-08 04:50:00,215.22595
5161,2013-12-08 05:00:00,252.70546
5161,2013-12-08 05:10:00,205.43668
5161,2013-12-08 05:20:00,196.58502
5161,2013-12-08 05:30:00,190.53065
5161,2013-12-08 05:40:00,212.15036
5161,2013-12-08 05:50:00,197.27876
5161,2013-12-08 06:00:00,228.73341
5161,2013-12-08 06:10:00,236.3899
5161,2013-12-08 06:20:00,210.96133
5161,2013-12-08 06:30:00,240.75821
5161,2013-12-08 06:40:00,233.9902
5161,2013-12-08 06:50:00,224.4038
5161,2013-12-08 07:00:00,269.61172
5161,2013-12-08 07:10:00,268.10635
5161,2013-12-08 07:20:00,323.34998
5161,2013-12-08 07:30:00,328.63852
5161,2013-12-08 07:40:00,389.18887
5161,2013-12-08 07:50:00,415.02008
5161,2013-12-08 08:00:00,437.61975
5161,2013-12-08 08:10:00,478.5972
5161,2013-12-08 08:20:00,570.9257
5161,2013-12-08 08:30:00,534.16705
5161,2013-12-08 08:40:00,744.7138
5161,2013-12-08 08:50:00,821.0639
5161,2013-12-08 09:00:00,1234.6375
5161,2013-12-08 09:10:00,1298.298
5161,2013-12-08 09:20:00,1730.6653
5161,2013-12-08 09:30:00,1838.7964
5161,2013-12-08 09:40:00,2075.0708
5161,2013-12-08 09:50:00,2452.1863
5161,2013-12-08 10:00:00,3001.0552
5161,2013-12-08 10:10:00,3147.6875
5161,2013-12-08 10:20:00,3267.4607
5161,2013-12-08 10:30:00,3840.8762
5161,2013-12-08 10:40:00,3835.6772
5161,2013-12-08 10:50:00,4198.371
5161,2013-12-08 11:00:00,3997.808
5161,2013-12-08 11:10:00,4129.2207
5161,2013-12-08 11:20:00,4305.805
5161,2013-12-08 11:30:00,4559.566
5161,2013-12-08 11:40:00,4608.341
5161,2013-12-08 11:50:00,4841.7627
5161,2013-12-08 12:00:00,4319.6865
5161,2013-12-08 12:10:00,4460.1885
5161,2013-12-08 12:20:00,4482.3247
5161,2013-12-08 12:30:00,4527.324
5161,2013-12-08 12:40:00,4702.24
5161,2013-12-08 12:50:00,4775.0254
5161,2013-12-08 13:00:00,4440.0845
5161,2013-12-08 13:10:00,5039.9976
5161,2013-12-08 13:20:00,5238.4067
5161,2013-12-08 13:30:00,4869.0425
5161,2013-12-08 13:40:00,4673.6157
5161,2013-12-08 13:50:00,4561.7104
5161,2013-12-08 14:00:00,4486.686
5161,2013-12-08 14:10:00,4666.718
5161,2013-12-08 14:20:00,5122.3857
5161,2013-12-08 14:30:00,5127.254
5161,2013-12-08 14:40:00,4751.3154
5161,2013-12-08 14:50:00,5319.773
5161,2013-12-08 15:00:00,5519.3066
5161,2013-12-08 15:10:00,4774.7544
5161,2013-12-08 15:20:00,4596.557
5161,2013-12-08 15:30:00,4772.361
5161,2013-12-08 15:40:00,5001.2705
5161,2013-12-08 15:50:00,5354.419
5161,2013-12-08 16:00:00,4573.3545
5161,2013-12-08 16:10:00,4814.826
5161,2013-12-08 16:20:00,4744.8784
5161,2013-12-08 16:30:00,4158.489
5161,2013-12-08 16:40:00,4659.5674
5161,2013-12-08 16:50:00,4342.799
5161,2013-12-08 17:00:00,4487.242
5161,2013-12-08 17:10:00,4237.6406
5161,2013-12-08 17:20:00,4193.613
5161,2013-12-08 17:30:00,4097.608
5161,2013-12-08 17:40:00,3884.9043
5161,2013-12-08 17:50:00,3683.6555
5161,2013-12-08 18:00:00,3709.4763
5161,2013-12-08 18:10:00,3344.4377
5161,2013-12-08 18:20:00,3153.9001
5161,2013-12-08 18:30:00,3139.3794
5161,2013-12-08 18:40:00,2857.157
5161,2013-12-08 18:50:00,2515.59
5161,2013-12-08 19:00:00,2383.8796
5161,2013-12-08 19:10:00,2343.4163
5161,2013-12-08 19:20:00,2244.8245
5161,2013-12-08 19:30:00,1686.748
5161,2013-12-08 19:40:00,1533.5819
5161,2013-12-08 19:50:00,1193.1051
5161,2013-12-08 20:00:00,1223.1505
5161,2013-12-08 20:10:00,1020.6046
5161,2013-12-08 20:20:00,1078.0027
5161,2013-12-08 20:30:00,1001.0395
5161,2013-12-08 20:40:00,926.55554
5161,2013-12-08 20:50:00,1144.2274
5161,2013-12-08 21:00:00,990.61304
5161,2013-12-08 21:10:00,882.54333
5161,2013-12-08 21:20:00,885.264
5161,2013-12-08 21:30:00,545.2613
5161,2013-12-08 21:40:00,836.0105
5161,2013-12-08 21:50:00,565.07007
5161,2013-12-08 22:00:00,449.8766
5161,2013-12-08 22:10:00,345.7412
5161,2013-12-08 22:20:00,336.59058
5161,2013-12-08 22:30:00,317.568
5161,2013-12-08 22:40:00,358.19235
5161,2013-12-08 22:50:00,348.32687
5161,2013-12-08 23:00:00,317.95996
5161,2013-12-08 23:10:00,395.84546
5161,2013-12-08 23:20:00,346.24234
5161,2013-12-08 23:30:00,297.68066
5161,2013-12-08 23:40:00,232.73996
5161,2013-12-08 23:50:00,252.48586
5161,2013-12-09 00:00:00,238.67729
5161,2013-12-09 00:10:00,253.941
5161,2013-12-09 00:20:00,225.68031
5161,2013-12-09 00:30:00,197.4249
5161,2013-12-09 00:40:00,211.34184
5161,2013-12-09 00:50:00,216.99399
5161,2013-12-09 01:00:00,240.32466
5161,2013-12-09 01:10:00,196.97177
5161,2013-12-09 01:20:00,203.8146
5161,2013-12-09 01:30:00,204.01747
5161,2013-12-09 01:40:00,174.18658
5161,2013-12-09 01:50:00,201.21375
5161,2013-12-09 02:00:00,187.0758
5161,2013-12-09 02:10:00,180.61635
5161,2013-12-09 02:20:00,199.96582
5161,2013-12-09 02:30:00,188.24231
5161,2013-12-09 02:40:00,179.66675
5161,2013-12-09 02:50:00,195.56053
5161,2013-12-09 03:00:00,187.68079
5161,2013-12-09 03:10:00,175.3631
5161,2013-12-09 03:20:00,210.97166
5161,2013-12-09 03:30:00,176.33896
5161,2013-12-09 03:40:00,169.58931
5161,2013-12-09 03:50:00,189.11652
5161,2013-12-09 04:00:00,184.41405
5161,2013-12-09 04:10:00,190.59543
5161,2013-12-09 04:20:00,197.265
5161,2013-12-09 04:30:00,219.96927
5161,2013-12-09 04:40:00,177.67964
5161,2013-12-09 04:50:00,238.15482
5161,2013-12-09 05:00:00,204.31412
5161,2013-12-09 05:10:00,200.32045
5161,2013-12-09 05:20:00,238.48499
5161,2013-12-09 05:30:00,211.10611
5161,2013-12-09 05:40:00,204.81519
5161,2013-12-09 05:50:00,236.59729
5161,2013-12-09 06:00:00,291.5712
5161,2013-12-09 06:10:00,269.6608
5161,2013-12-09 06:20:00,278.50156
5161,2013-12-09 06:30:00,298.2216
5161,2013-12-09 06:40:00,345.15765
5161,2013-12-09 06:50:00,337.18958
5161,2013-12-09 07:00:00,476.73785
5161,2013-12-09 07:10:00,408.7223
5161,2013-12-09 07:20:00,514.8056
5161,2013-12-09 07:30:00,526.7978
5161,2013-12-09 07:40:00,698.73895
5161,2013-12-09 07:50:00,792.27057
5161,2013-12-09 08:00:00,684.21313
5161,2013-12-09 08:10:00,849.7741
5161,2013-12-09 08:20:00,864.75494
5161,2013-12-09 08:30:00,829.9467
5161,2013-12-09 08:40:00,924.35614
5161,2013-12-09 08:50:00,1081.2377
5161,2013-12-09 09:00:00,1227.2158
5161,2013-12-09 09:10:00,1222.7236
5161,2013-12-09 09:20:00,1411.2383
5161,2013-12-09 09:30:00,1989.6626
5161,2013-12-09 09:40:00,1708.2103
5161,2013-12-09 09:50:00,1852.7535
5161,2013-12-09 10:00:00,1988.082
5161,2013-12-09 10:10:00,1964.1075
5161,2013-12-09 10:20:00,2397.8958
5161,2013-12-09 10:30:00,2260.8452
5161,2013-12-09 10:40:00,2480.8489
5161,2013-12-09 10:50:00,2701.784
5161,2013-12-09 11:00:00,3042.1436
5161,2013-12-09 11:10:00,2974.8464
5161,2013-12-09 11:20:00,2903.137
5161,2013-12-09 11:30:00,3203.4827
5161,2013-12-09 11:40:00,3222.1165
5161,2013-12-09 11:50:00,3078.2805
5161,2013-12-09 12:00:00,3505.768
5161,2013-12-09 12:10:00,3160.888
5161,2013-12-09 12:20:00,3734.7727
5161,2013-12-09 12:30:00,3456.372
5161,2013-12-09 12:40:00,3440.244
5161,2013-12-09 12:50:00,3618.8582
5161,2013-12-09 13:00:00,3394.556
5161,2013-12-09 13:10:00,3321.4023
5161,2013-12-09 13:20:00,3433.353
5161,2013-12-09 13:30:00,3996.081
5161,2013-12-09 13:40:00,3518.5361
5161,2013-12-09 13:50:00,3350.2095
5161,2013-12-09 14:00:00,3353.4287
5161,2013-12-09 14:10:00,3593.0608
5161,2013-12-09 14:20:00,3450.2998
5161,2013-12-09 14:30:00,3290.5027
5161,2013-12-09 14:40:00,3320.6372
5161,2013-12-09 14:50:00,3220.2751
5161,2013-12-09 15:00:00,3231.7446
5161,2013-12-09 15:10:00,3408.0667
5161,2013-12-09 15:20:00,3187.6296
5161,2013-12-09 15:30:00,2956.604
5161,2013-12-09 15:40:00,3463.5615
5161,2013-12-09 15:50:00,3122.2014
5161,2013-12-09 16:00:00,3157.8108
5161,2013-12-09 16:10:00,3118.673
5161,2013-12-09 16:20:00,2964.6245
5161,2013-12-09 16:30:00,3050.6497
5161,2013-12-09 16:40:00,2808.9746
5161,2013-12-09 16:50:00,2942.3992
5161,2013-12-09 17:00:00,2844.1328
5161,2013-12-09 17:10:00,3190.8274
5161,2013-12-09 17:20:00,3298.341
5161,2013-12-09 17:30:00,3014.8994
5161,2013-12-09 17:40:00,2896.6943
5161,2013-12-09 17:50:00,2403.4285
5161,2013-12-09 18:00:00,2552.4993
5161,2013-12-09 18:10:00,2454.9736
5161,2013-12-09 18:20:00,2421.0728
5161,2013-12-09 18:30:00,2441.867
5161,2013-12-09 18:40:00,2372.473
5161,2013-12-09 18:50:00,2110.3865
5161,2013-12-09 19:00:00,2018.1278
5161,2013-12-09 19:10:00,1706.8801
5161,2013-12-09 19:20:00,1786.9882
5161,2013-12-09 19:30:00,1724.085
5161,2013-12-09 19:40:00,1363.3905
5161,2013-12-09 19:50:00,1208.8505
5161,2013-12-09 20:00:00,1070.4513
5161,2013-12-09 20:10:00,1269.2037
5161,2013-12-09 20:20:00,911.9992
5161,2013-12-09 20:30:00,1163.345
5161,2013-12-09 20:40:00,1251.9445
5161,2013-12-09 20:50:00,749.9757
5161,2013-12-09 21:00:00,1104.5602
5161,2013-12-09 21:10:00,735.9486
5161,2013-12-09 21:20:00,599.96045
5161,2013-12-09 21:30:00,510.0028
5161,2013-12-09 21:40:00,485.58017
5161,2013-12-09 21:50:00,519.7008
5161,2013-12-09 22:00:00,619.5765
5161,2013-12-09 22:10:00,667.183
5161,2013-12-09 22:20:00,492.0889
5161,2013-12-09 22:30:00,368.29172
5161,2013-12-09 22:40:00,338.84747
5161,2013-12-09 22:50:00,361.502
5161,2013-12-09 23:00:00,321.2462
5161,2013-12-09 23:10:00,283.5749
5161,2013-12-09 23:20:00,269.9622
5161,2013-12-09 23:30:00,234.3921
5161,2013-12-09 23:40:00,297.93353
5161,2013-12-09 23:50:00,277.50192
5161,2013-12-10 00:00:00,226.25293
5161,2013-12-10 00:10:00,282.77347
5161,2013-12-10 00:20:00,257.86285
5161,2013-12-10 00:30:00,213.09367
5161,2013-12-10 00:40:00,177.8685
5161,2013-12-10 00:50:00,255.63414
5161,2013-12-10 01:00:00,202.13348
5161,2013-12-10 01:10:00,169.40472
5161,2013-12-10 01:20:00,235.39459
5161,2013-12-10 01:30:00,197.1322
5161,2013-12-10 01:40:00,193.96277
5161,2013-12-10 01:50:00,215.84758
5161,2013-12-10 02:00:00,197.70189
5161,2013-12-10 02:10:00,170.3648
5161,2013-12-10 02:20:00,224.65427
5161,2013-12-10 02:30:00,206.9472
5161,2013-12-10 02:40:00,177.65283
5161,2013-12-10 02:50:00,271.311
5161,2013-12-10 03:00:00,199.07243
5161,2013-12-10 03:10:00,185.74605
5161,2013-12-10 03:20:00,284.81296
5161,2013-12-10 03:30:00,205.68059
5161,2013-12-10 03:40:00,198.18828
5161,2013-12-10 03:50:00,238.00862
5161,2013-12-10 04:00:00,210.89241
5161,2013-12-10 04:10:00,191.1696
5161,2013-12-10 04:20:00,221.15599
5161,2013-12-10 04:30:00,201.75531
5161,2013-12-10 04:40:00,213.70207
5161,2013-12-10 04:50:00,246.19756
5161,2013-12-10 05:00:00,210.66183
5161,2013-12-10 05:10:00,209.51753
5161,2013-12-10 05:20:00,246.43175
5161,2013-12-10 05:30:00,191.04634
5161,2013-12-10 05:40:00,230.94543
5161,2013-12-10 05:50:00,265.63672
5161,2013-12-10 06:00:00,265.48935
5161,2013-12-10 06:10:00,275.43655
5161,2013-12-10 06:20:00,355.42
5161,2013-12-10 06:30:00,316.64328
5161,2013-12-10 06:40:00,334.18826
5161,2013-12-10 06:50:00,375.8591
5161,2013-12-10 07:00:00,447.01624
5161,2013-12-10 07:10:00,465.69833
5161,2013-12-10 07:20:00,571.7453
5161,2013-12-10 07:30:00,664.5268
5161,2013-12-10 07:40:00,741.24786
5161,2013-12-10 07:50:00,1250.8732
5161,2013-12-10 08:00:00,1034.0664
5161,2013-12-10 08:10:00,987.9584
5161,2013-12-10 08:20:00,1067.1652
5161,2013-12-10 08:30:00,1182.1731
5161,2013-12-10 08:40:00,1181.2798
5161,2013-12-10 08:50:00,1314.2957
5161,2013-12-10 09:00:00,1286.03
5161,2013-12-10 09:10:00,1508.0198
5161,2013-12-10 09:20:00,1461.93
5161,2013-12-10 09:30:00,1595.7958
5161,2013-12-10 09:40:00,1769.1548
5161,2013-12-10 09:50:00,1872.6934
5161,2013-12-10 10:00:00,2127.702
5161,2013-12-10 10:10:00,2029.3066
5161,2013-12-10 10:20:00,2434.3887
5161,2013-12-10 10:30:00,2413.4878
5161,2013-12-10 10:40:00,2543.211
5161,2013-12-10 10:50:00,2489.2896
5161,2013-12-10 11:00:00,2868.7607
5161,2013-12-10 11:10:00,2853.1062
5161,2013-12-10 11:20:00,2651.8318
5161,2013-12-10 11:30:00,2957.8167
5161,2013-12-10 11:40:00,2898.6072
5161,2013-12-10 11:50:00,2911.712
5161,2013-12-10 12:00:00,2930.4553
5161,2013-12-10 12:10:00,3141.1104
5161,2013-12-10 12:20:00,3368.4011
5161,2013-12-10 12:30:00,3231.1433
5161,2013-12-10 12:40:00,3662.5671
5161,2013-12-10 12:50:00,4065.1885
5161,2013-12-10 13:00:00,3625.6885
5161,2013-12-10 13:10:00,3464.3513
5161,2013-12-10 13:20:00,3512.0166
5161,2013-12-10 13:30:00,3121.0408
5161,2013-12-10 13:40:00,3254.7627
5161,2013-12-10 13:50:00,3103.1318
5161,2013-12-10 14:00:00,3059.993
5161,2013-12-10 14:10:00,3195.9438
5161,2013-12-10 14:20:00,3294.0352
5161,2013-12-10 14:30:00,3016.1504
5161,2013-12-10 14:40:00,3410.0237
5161,2013-12-10 14:50:00,3132.7173
5161,2013-12-10 15:00:00,3000.3345
5161,2013-12-10 15:10:00,2832.408
5161,2013-12-10 15:20:00,2797.6853
5161,2013-12-10 15:30:00,2896.3176
5161,2013-12-10 15:40:00,2963.0566
5161,2013-12-10 15:50:00,2810.552
5161,2013-12-10 16:00:00,3221.4006
5161,2013-12-10 16:10:00,3373.3518
5161,2013-12-10 16:20:00,3393.0784
5161,2013-12-10 16:30:00,2861.0376
5161,2013-12-10 16:40:00,2986.1794
5161,2013-12-10 16:50:00,2777.1235
5161,2013-12-10 17:00:00,2905.256
5161,2013-12-10 17:10:00,2720.4802
5161,2013-12-10 17:20:00,2817.2683
5161,2013-12-10 17:30:00,2693.633
5161,2013-12-10 17:40:00,2602.6091
5161,2013-12-10 17:50:00,2266.3394
5161,2013-12-10 18:00:00,2333.9846
5161,2013-12-10 18:10:00,2419.1216
5161,2013-12-10 18:20:00,2262.9507
5161,2013-12-10 18:30:00,2255.9502
5161,2013-12-10 18:40:00,2073.7168
5161,2013-12-10 18:50:00,2024.529
5161,2013-12-10 19:00:00,1960.2728
5161,2013-12-10 19:10:00,1765.1614
5161,2013-12-10 19:20:00,1788.7562
5161,2013-12-10 19:30:00,1526.2216
5161,2013-12-10 19:40:00,1562.6074
5161,2013-12-10 19:50:00,1344.0309
5161,2013-12-10 20:00:00,1141.0891
5161,2013-12-10 20:10:00,1088.232
5161,2013-12-10 20:20:00,1244.7518
5161,2013-12-10 20:30:00,1315.3728
5161,2013-12-10 20:40:00,1154.6964
5161,2013-12-10 20:50:00,1005.14856
5161,2013-12-10 21:00:00,909.8451
5161,2013-12-10 21:10:00,738.18787
5161,2013-12-10 21:20:00,658.33887
5161,2013-12-10 21:30:00,566.2239
5161,2013-12-10 21:40:00,574.1559
5161,2013-12-10 21:50:00,467.2887
5161,2013-12-10 22:00:00,427.34433
5161,2013-12-10 22:10:00,353.80746
5161,2013-12-10 22:20:00,352.96277
5161,2013-12-10 22:30:00,362.00943
5161,2013-12-10 22:40:00,381.3825
5161,2013-12-10 22:50:00,364.4811
5161,2013-12-10 23:00:00,295.88074
5161,2013-12-10 23:10:00,257.1831
5161,2013-12-10 23:20:00,267.63986
5161,2013-12-10 23:30:00,244.42473
5161,2013-12-10 23:40:00,224.0058
5161,2013-12-10 23:50:00,247.9059
5161,2013-12-11 00:00:00,236.07014
5161,2013-12-11 00:10:00,218.04059
5161,2013-12-11 00:20:00,221.78624
5161,2013-12-11 00:30:00,205.38934
5161,2013-12-11 00:40:00,203.17488
5161,2013-12-11 00:50:00,189.07672
5161,2013-12-11 01:00:00,221.3508
5161,2013-12-11 01:10:00,186.01382
5161,2013-12-11 01:20:00,187.60724
5161,2013-12-11 01:30:00,203.60866
5161,2013-12-11 01:40:00,188.0696
5161,2013-12-11 01:50:00,201.89745
5161,2013-12-11 02:00:00,239.15576
5161,2013-12-11 02:10:00,197.30264
5161,2013-12-11 02:20:00,184.57481
5161,2013-12-11 02:30:00,221.67671
5161,2013-12-11 02:40:00,200.7755
5161,2013-12-11 02:50:00,218.4641
5161,2013-12-11 03:00:00,209.15076
5161,2013-12-11 03:10:00,183.07993
5161,2013-12-11 03:20:00,204.42249
5161,2013-12-11 03:30:00,207.92746
5161,2013-12-11 03:40:00,193.8678
5161,2013-12-11 03:50:00,222.28223
5161,2013-12-11 04:00:00,204.66638
5161,2013-12-11 04:10:00,187.1968
5161,2013-12-11 04:20:00,198.10167
5161,2013-12-11 04:30:00,217.32478
5161,2013-12-11 04:40:00,213.37643
5161,2013-12-11 04:50:00,254.15324
5161,2013-12-11 05:00:00,195.80128
5161,2013-12-11 05:10:00,178.29602
5161,2013-12-11 05:20:00,227.62848
5161,2013-12-11 05:30:00,202.4876
5161,2013-12-11 05:40:00,191.68062
5161,2013-12-11 05:50:00,222.91463
5161,2013-12-11 06:00:00,252.93443
5161,2013-12-11 06:10:00,232.61906
5161,2013-12-11 06:20:00,298.38364
5161,2013-12-11 06:30:00,293.59518
5161,2013-12-11 06:40:00,312.7747
5161,2013-12-11 06:50:00,326.56757
5161,2013-12-11 07:00:00,424.139
5161,2013-12-11 07:10:00,400.12933
5161,2013-12-11 07:20:00,495.19464
5161,2013-12-11 07:30:00,575.2
5161,2013-12-11 07:40:00,783.3865
5161,2013-12-11 07:50:00,1040.6681
5161,2013-12-11 08:00:00,1161.4548
5161,2013-12-11 08:10:00,1010.1386
5161,2013-12-11 08:20:00,1017.5529
5161,2013-12-11 08:30:00,1044.2306
5161,2013-12-11 08:40:00,1252.3245
5161,2013-12-11 08:50:00,1264.1052
5161,2013-12-11 09:00:00,1474.8528
5161,2013-12-11 09:10:00,1447.6917
5161,2013-12-11 09:20:00,1499.5226
5161,2013-12-11 09:30:00,1890.1306
5161,2013-12-11 09:40:00,1830.4741
5161,2013-12-11 09:50:00,2089.8484
5161,2013-12-11 10:00:00,2179.2983
5161,2013-12-11 10:10:00,2114.0537
5161,2013-12-11 10:20:00,2316.6033
5161,2013-12-11 10:30:00,2502.1758
5161,2013-12-11 10:40:00,2515.2104
5161,2013-12-11 10:50:00,2682.872
5161,2013-12-11 11:00:00,2870.2239
5161,2013-12-11 11:10:00,3092.911
5161,2013-12-11 11:20:00,2706.6936
5161,2013-12-11 11:30:00,2981.6877
5161,2013-12-11 11:40:00,3137.8833
5161,2013-12-11 11:50:00,3144.6323
5161,2013-12-11 12:00:00,3117.8345
5161,2013-12-11 12:10:00,3257.9248
5161,2013-12-11 12:20:00,3512.2788
5161,2013-12-11 12:30:00,3528.6335
5161,2013-12-11 12:40:00,3814.967
5161,2013-12-11 12:50:00,4178.7954
5161,2013-12-11 13:00:00,3768.3445
5161,2013-12-11 13:10:00,3810.7358
5161,2013-12-11 13:20:00,3865.6614
5161,2013-12-11 13:30:00,3861.7864
5161,2013-12-11 13:40:00,3706.247
5161,2013-12-11 13:50:00,3293.3005
5161,2013-12-11 14:00:00,4132.0605
5161,2013-12-11 14:10:00,3649.1724
5161,2013-12-11 14:20:00,3822.5464
5161,2013-12-11 14:30:00,3880.5193
5161,2013-12-11 14:40:00,3408.5032
5161,2013-12-11 14:50:00,3525.719
5161,2013-12-11 15:00:00,3255.4585
5161,2013-12-11 15:10:00,3275.6462
5161,2013-12-11 15:20:00,3332.91
5161,2013-12-11 15:30:00,3342.6802
5161,2013-12-11 15:40:00,3253.6792
5161,2013-12-11 15:50:00,3496.8813
5161,2013-12-11 16:00:00,3577.3232
5161,2013-12-11 16:10:00,3480.6045
5161,2013-12-11 16:20:00,3174.1284
5161,2013-12-11 16:30:00,3291.368
5161,2013-12-11 16:40:00,3078.2402
5161,2013-12-11 16:50:00,2965.4531
5161,2013-12-11 17:00:00,3164.623
5161,2013-12-11 17:10:00,3204.4146
5161,2013-12-11 17:20:00,2884.511
5161,2013-12-11 17:30:00,3250.848
5161,2013-12-11 17:40:00,3205.897
5161,2013-12-11 17:50:00,2673.7334
5161,2013-12-11 18:00:00,3022.7278
5161,2013-12-11 18:10:00,3384.5896
5161,2013-12-11 18:20:00,2868.2
5161,2013-12-11 18:30:00,2660.86
5161,2013-12-11 18:40:00,2573.2563
5161,2013-12-11 18:50:00,2610.7625
5161,2013-12-11 19:00:00,2081.9492
5161,2013-12-11 19:10:00,1811.2607
5161,2013-12-11 19:20:00,1820.3606
5161,2013-12-11 19:30:00,1549.0148
5161,2013-12-11 19:40:00,1559.9246
5161,2013-12-11 19:50:00,1649.7778
5161,2013-12-11 20:00:00,1342.1211
5161,2013-12-11 20:10:00,1336.4008
5161,2013-12-11 20:20:00,1533.3967
5161,2013-12-11 20:30:00,1394.562
5161,2013-12-11 20:40:00,965.4535
5161,2013-12-11 20:50:00,1036.4664
5161,2013-12-11 21:00:00,932.7498
5161,2013-12-11 21:10:00,854.469
5161,2013-12-11 21:20:00,1072.956
5161,2013-12-11 21:30:00,745.3289
5161,2013-12-11 21:40:00,629.25336
5161,2013-12-11 21:50:00,651.8451
5161,2013-12-11 22:00:00,747.0757
5161,2013-12-11 22:10:00,446.0727
5161,2013-12-11 22:20:00,580.1695
5161,2013-12-11 22:30:00,431.27576
5161,2013-12-11 22:40:00,395.45093
5161,2013-12-11 22:50:00,413.5433
5161,2013-12-11 23:00:00,328.79373
5161,2013-12-11 23:10:00,297.7912
5161,2013-12-11 23:20:00,303.2861
5161,2013-12-11 23:30:00,293.02725
5161,2013-12-11 23:40:00,448.93402
5161,2013-12-11 23:50:00,297.6626
5161,2013-12-12 00:00:00,288.05978
5161,2013-12-12 00:10:00,235.02211
5161,2013-12-12 00:20:00,296.48312
5161,2013-12-12 00:30:00,327.79688
5161,2013-12-12 00:40:00,300.73004
5161,2013-12-12 00:50:00,282.35355
5161,2013-12-12 01:00:00,395.53616
5161,2013-12-12 01:10:00,213.57558
5161,2013-12-12 01:20:00,240.4999
5161,2013-12-12 01:30:00,222.01195
5161,2013-12-12 01:40:00,247.29657
5161,2013-12-12 01:50:00,244.79602
5161,2013-12-12 02:00:00,220.46004
5161,2013-12-12 02:10:00,239.7758
5161,2013-12-12 02:20:00,230.21942
5161,2013-12-12 02:30:00,223.01836
5161,2013-12-12 02:40:00,235.0269
5161,2013-12-12 02:50:00,233.71687
5161,2013-12-12 03:00:00,213.24582
5161,2013-12-12 03:10:00,229.92975
5161,2013-12-12 03:20:00,241.87694
5161,2013-12-12 03:30:00,403.52075
5161,2013-12-12 03:40:00,221.83167
5161,2013-12-12 03:50:00,279.66064
5161,2013-12-12 04:00:00,278.86288
5161,2013-12-12 04:10:00,226.44154
5161,2013-12-12 04:20:00,228.36319
5161,2013-12-12 04:30:00,339.11786
5161,2013-12-12 04:40:00,267.23602
5161,2013-12-12 04:50:00,237.33757
5161,2013-12-12 05:00:00,239.74742
5161,2013-12-12 05:10:00,229.47183
5161,2013-12-12 05:20:00,251.98468
5161,2013-12-12 05:30:00,225.16646
5161,2013-12-12 05:40:00,298.33817
5161,2013-12-12 05:50:00,274.0801
5161,2013-12-12 06:00:00,275.13666
5161,2013-12-12 06:10:00,301.25775
5161,2013-12-12 06:20:00,353.84933
5161,2013-12-12 06:30:00,410.37674
5161,2013-12-12 06:40:00,356.06284
5161,2013-12-12 06:50:00,390.37228
5161,2013-12-12 07:00:00,449.0865
5161,2013-12-12 07:10:00,606.31415
5161,2013-12-12 07:20:00,519.13696
5161,2013-12-12 07:30:00,543.12506
5161,2013-12-12 07:40:00,737.9161
5161,2013-12-12 07:50:00,878.59174
5161,2013-12-12 08:00:00,940.35
5161,2013-12-12 08:10:00,985.9355
5161,2013-12-12 08:20:00,1171.7847
5161,2013-12-12 08:30:00,1372.5875
5161,2013-12-12 08:40:00,1200.8807
5161,2013-12-12 08:50:00,1378.6603
5161,2013-12-12 09:00:00,1436.4906
5161,2013-12-12 09:10:00,1531.6101
5161,2013-12-12 09:20:00,1810.7272
5161,2013-12-12 09:30:00,1808.5104
5161,2013-12-12 09:40:00,2152.236
5161,2013-12-12 09:50:00,2463.3962
5161,2013-12-12 10:00:00,2421.6685
5161,2013-12-12 10:10:00,2478.2622
5161,2013-12-12 10:20:00,2504.7065
5161,2013-12-12 10:30:00,2712.7893
5161,2013-12-12 10:40:00,2844.1467
5161,2013-12-12 10:50:00,2794.5776
5161,2013-12-12 11:00:00,2787.7522
5161,2013-12-12 11:10:00,3066.8423
5161,2013-12-12 11:20:00,3377.994
5161,2013-12-12 11:30:00,2602.6938
5161,2013-12-12 11:40:00,2806.2305
5161,2013-12-12 11:50:00,3819.3223
5161,2013-12-12 12:00:00,3434.3308
5161,2013-12-12 12:10:00,3432.6245
5161,2013-12-12 12:20:00,3517.0327
5161,2013-12-12 12:30:00,3574.949
5161,2013-12-12 12:40:00,3910.5603
5161,2013-12-12 12:50:00,3948.373
5161,2013-12-12 13:00:00,4082.5532
5161,2013-12-12 13:10:00,3696.0503
5161,2013-12-12 13:20:00,3813.781
5161,2013-12-12 13:30:00,3699.967
5161,2013-12-12 13:40:00,3733.689
5161,2013-12-12 13:50:00,3412.6033
5161,2013-12-12 14:00:00,3413.8137
5161,2013-12-12 14:10:00,3381.8215
5161,2013-12-12 14:20:00,3300.126
5161,2013-12-12 14:30:00,3139.632
5161,2013-12-12 14:40:00,3457.9045
5161,2013-12-12 14:50:00,3377.4521
5161,2013-12-12 15:00:00,3643.7153
5161,2013-12-12 15:10:00,3441.738
5161,2013-12-12 15:20:00,3307.128
5161,2013-12-12 15:30:00,3196.4346
5161,2013-12-12 15:40:00,3302.3684
5161,2013-12-12 15:50:00,3299.5476
5161,2013-12-12 16:00:00,3301.9983
5161,2013-12-12 16:10:00,3395.2283
5161,2013-12-12 16:20:00,3318.2097
5161,2013-12-12 16:30:00,3377.822
5161,2013-12-12 16:40:00,3321.28
5161,2013-12-12 16:50:00,3116.2612
5161,2013-12-12 17:00:00,3282.0725
5161,2013-12-12 17:10:00,2920.6167
5161,2013-12-12 17:20:00,2913.5627
5161,2013-12-12 17:30:00,3102.237
5161,2013-12-12 17:40:00,2826.3704
5161,2013-12-12 17:50:00,2730.2244
5161,2013-12-12 18:00:00,2674.4556
5161,2013-12-12 18:10:00,2740.416
5161,2013-12-12 18:20:00,2972.837
5161,2013-12-12 18:30:00,2737.4092
5161,2013-12-12 18:40:00,2659.5364
5161,2013-12-12 18:50:00,2739.4631
5161,2013-12-12 19:00:00,2150.385
5161,2013-12-12 19:10:00,2196.9468
5161,2013-12-12 19:20:00,1875.779
5161,2013-12-12 19:30:00,1743.6797
5161,2013-12-12 19:40:00,1541.8088
5161,2013-12-12 19:50:00,1433.248
5161,2013-12-12 20:00:00,1469.7458
5161,2013-12-12 20:10:00,1341.0449
5161,2013-12-12 20:20:00,1242.4148
5161,2013-12-12 20:30:00,1241.819
5161,2013-12-12 20:40:00,1087.6321
5161,2013-12-12 20:50:00,1074.012
5161,2013-12-12 21:00:00,960.92346
5161,2013-12-12 21:10:00,754.51935
5161,2013-12-12 21:20:00,762.422
5161,2013-12-12 21:30:00,659.23285
5161,2013-12-12 21:40:00,555.58264
5161,2013-12-12 21:50:00,580.9802
5161,2013-12-12 22:00:00,525.5371
5161,2013-12-12 22:10:00,554.5878
5161,2013-12-12 22:20:00,662.1505
5161,2013-12-12 22:30:00,521.49164
5161,2013-12-12 22:40:00,450.0864
5161,2013-12-12 22:50:00,445.55487
5161,2013-12-12 23:00:00,420.5939
5161,2013-12-12 23:10:00,370.5355
5161,2013-12-12 23:20:00,346.07657
5161,2013-12-12 23:30:00,369.61816
5161,2013-12-12 23:40:00,290.36423
5161,2013-12-12 23:50:00,292.4083
5161,2013-12-13 00:00:00,280.55597
5161,2013-12-13 00:10:00,241.0024
5161,2013-12-13 00:20:00,269.88397
5161,2013-12-13 00:30:00,254.359
5161,2013-12-13 00:40:00,235.02428
5161,2013-12-13 00:50:00,238.7946
5161,2013-12-13 01:00:00,260.45856
5161,2013-12-13 01:10:00,241.55756
5161,2013-12-13 01:20:00,262.961
5161,2013-12-13 01:30:00,260.4235
5161,2013-12-13 01:40:00,208.14044
5161,2013-12-13 01:50:00,232.44423
5161,2013-12-13 02:00:00,220.63474
5161,2013-12-13 02:10:00,254.21375
5161,2013-12-13 02:20:00,223.34766
5161,2013-12-13 02:30:00,223.53362
5161,2013-12-13 02:40:00,191.43712
5161,2013-12-13 02:50:00,226.85071
5161,2013-12-13 03:00:00,209.46457
5161,2013-12-13 03:10:00,200.24272
5161,2013-12-13 03:20:00,222.69894
5161,2013-12-13 03:30:00,212.72746
5161,2013-12-13 03:40:00,182.27426
5161,2013-12-13 03:50:00,209.2992
5161,2013-12-13 04:00:00,215.79265
5161,2013-12-13 04:10:00,211.6208
5161,2013-12-13 04:20:00,203.00552
5161,2013-12-13 04:30:00,217.58527
5161,2013-12-13 04:40:00,196.06317
5161,2013-12-13 04:50:00,220.27838
5161,2013-12-13 05:00:00,216.27834
5161,2013-12-13 05:10:00,204.51746
5161,2013-12-13 05:20:00,245.32408
5161,2013-12-13 05:30:00,243.25479
5161,2013-12-13 05:40:00,224.07481
5161,2013-12-13 05:50:00,266.96326
5161,2013-12-13 06:00:00,333.38898
5161,2013-12-13 06:10:00,288.27515
5161,2013-12-13 06:20:00,327.97897
5161,2013-12-13 06:30:00,359.44922
5161,2013-12-13 06:40:00,346.8698
5161,2013-12-13 06:50:00,362.10416
5161,2013-12-13 07:00:00,430.1952
5161,2013-12-13 07:10:00,509.56058
5161,2013-12-13 07:20:00,490.62924
5161,2013-12-13 07:30:00,675.9156
5161,2013-12-13 07:40:00,661.75146
5161,2013-12-13 07:50:00,809.6392
5161,2013-12-13 08:00:00,807.56067
5161,2013-12-13 08:10:00,788.6156
5161,2013-12-13 08:20:00,953.0805
5161,2013-12-13 08:30:00,1068.55
5161,2013-12-13 08:40:00,1104.9961
5161,2013-12-13 08:50:00,1353.6152
5161,2013-12-13 09:00:00,1626.3647
5161,2013-12-13 09:10:00,1478.5724
5161,2013-12-13 09:20:00,1741.1815
5161,2013-12-13 09:30:00,1726.1102
5161,2013-12-13 09:40:00,1817.2911
5161,2013-12-13 09:50:00,2025.3309
5161,2013-12-13 10:00:00,2278.399
5161,2013-12-13 10:10:00,2206.2346
5161,2013-12-13 10:20:00,2354.2551
5161,2013-12-13 10:30:00,2681.503
5161,2013-12-13 10:40:00,2659.694
5161,2013-12-13 10:50:00,2660.227
5161,2013-12-13 11:00:00,2823.089
5161,2013-12-13 11:10:00,2598.102
5161,2013-12-13 11:20:00,2539.9656
5161,2013-12-13 11:30:00,2899.1409
5161,2013-12-13 11:40:00,2910.5457
5161,2013-12-13 11:50:00,2911.8408
5161,2013-12-13 12:00:00,3157.7441
5161,2013-12-13 12:10:00,3533.6423
5161,2013-12-13 12:20:00,3574.6272
5161,2013-12-13 12:30:00,3611.0508
5161,2013-12-13 12:40:00,3886.835
5161,2013-12-13 12:50:00,3509.259
5161,2013-12-13 13:00:00,3665.6328
5161,2013-12-13 13:10:00,3187.1187
5161,2013-12-13 13:20:00,3205.107
5161,2013-12-13 13:30:00,3643.245
5161,2013-12-13 13:40:00,3397.0647
5161,2013-12-13 13:50:00,3560.4822
5161,2013-12-13 14:00:00,3651.3508
5161,2013-12-13 14:10:00,3520.2073
5161,2013-12-13 14:20:00,3536.8518
5161,2013-12-13 14:30:00,3414.3955
5161,2013-12-13 14:40:00,3397.7976
5161,2013-12-13 14:50:00,3335.6074
5161,2013-12-13 15:00:00,3723.9604
5161,2013-12-13 15:10:00,3445.1367
5161,2013-12-13 15:20:00,3692.674
5161,2013-12-13 15:30:00,3429.7202
5161,2013-12-13 15:40:00,3257.7412
5161,2013-12-13 15:50:00,3349.9668
5161,2013-12-13 16:00:00,3302.5813
5161,2013-12-13 16:10:00,3253.2637
5161,2013-12-13 16:20:00,3346.2314
5161,2013-12-13 16:30:00,3257.973
5161,2013-12-13 16:40:00,3364.5837
5161,2013-12-13 16:50:00,3351.3506
5161,2013-12-13 17:00:00,3374.0256
5161,2013-12-13 17:10:00,3460.4814
5161,2013-12-13 17:20:00,3415.7856
5161,2013-12-13 17:30:00,2978.5203
5161,2013-12-13 17:40:00,2735.3948
5161,2013-12-13 17:50:00,2953.7502
5161,2013-12-13 18:00:00,2757.5642
5161,2013-12-13 18:10:00,2460.0093
5161,2013-12-13 18:20:00,2472.6199
5161,2013-12-13 18:30:00,2404.7068
5161,2013-12-13 18:40:00,2244.4382
5161,2013-12-13 18:50:00,2188.0862
5161,2013-12-13 19:00:00,2114.7998
5161,2013-12-13 19:10:00,1742.1189
5161,2013-12-13 19:20:00,1801.3876
5161,2013-12-13 19:30:00,1483.8124
5161,2013-12-13 19:40:00,1590.0328
5161,2013-12-13 19:50:00,1298.7938
5161,2013-12-13 20:00:00,1373.5688
5161,2013-12-13 20:10:00,1172.5624
5161,2013-12-13 20:20:00,1073.6272
5161,2013-12-13 20:30:00,931.9487
5161,2013-12-13 20:40:00,917.6876
5161,2013-12-13 20:50:00,922.94495
5161,2013-12-13 21:00:00,964.3769
5161,2013-12-13 21:10:00,1052.2079
5161,2013-12-13 21:20:00,920.1377
5161,2013-12-13 21:30:00,617.1153
5161,2013-12-13 21:40:00,664.4315
5161,2013-12-13 21:50:00,520.13605
5161,2013-12-13 22:00:00,524.8612
5161,2013-12-13 22:10:00,471.0637
5161,2013-12-13 22:20:00,458.5327
5161,2013-12-13 22:30:00,475.22482
5161,2013-12-13 22:40:00,440.8353
5161,2013-12-13 22:50:00,438.21674
5161,2013-12-13 23:00:00,469.77365
5161,2013-12-13 23:10:00,463.02982
5161,2013-12-13 23:20:00,417.47668
5161,2013-12-13 23:30:00,359.4334
5161,2013-12-13 23:40:00,294.45673
5161,2013-12-13 23:50:00,273.7512
5161,2013-12-14 00:00:00,258.82526
5161,2013-12-14 00:10:00,248.11182
5161,2013-12-14 00:20:00,248.4733
5161,2013-12-14 00:30:00,239.37024
5161,2013-12-14 00:40:00,223.14027
5161,2013-12-14 00:50:00,242.65773
5161,2013-12-14 01:00:00,253.78804
5161,2013-12-14 01:10:00,227.30003
5161,2013-12-14 01:20:00,238.5205
5161,2013-12-14 01:30:00,238.1412
5161,2013-12-14 01:40:00,218.9627
5161,2013-12-14 01:50:00,231.41113
5161,2013-12-14 02:00:00,249.9198
5161,2013-12-14 02:10:00,234.6626
5161,2013-12-14 02:20:00,303.93988
5161,2013-12-14 02:30:00,211.41296
5161,2013-12-14 02:40:00,209.56808
5161,2013-12-14 02:50:00,229.40646
5161,2013-12-14 03:00:00,213.69743
5161,2013-12-14 03:10:00,207.87544
5161,2013-12-14 03:20:00,224.07925
5161,2013-12-14 03:30:00,218.72543
5161,2013-12-14 03:40:00,193.48674
5161,2013-12-14 03:50:00,203.56996
5161,2013-12-14 04:00:00,195.64775
5161,2013-12-14 04:10:00,206.10976
5161,2013-12-14 04:20:00,216.92221
5161,2013-12-14 04:30:00,208.68942
5161,2013-12-14 04:40:00,195.5362
5161,2013-12-14 04:50:00,221.3447
5161,2013-12-14 05:00:00,199.60873
5161,2013-12-14 05:10:00,210.74669
5161,2013-12-14 05:20:00,226.14592
5161,2013-12-14 05:30:00,216.16435
5161,2013-12-14 05:40:00,217.61943
5161,2013-12-14 05:50:00,227.46523
5161,2013-12-14 06:00:00,220.13812
5161,2013-12-14 06:10:00,205.23607
5161,2013-12-14 06:20:00,292.15186
5161,2013-12-14 06:30:00,264.3942
5161,2013-12-14 06:40:00,288.72623
5161,2013-12-14 06:50:00,295.54507
5161,2013-12-14 07:00:00,355.2448
5161,2013-12-14 07:10:00,284.71747
5161,2013-12-14 07:20:00,296.65512
5161,2013-12-14 07:30:00,353.6026
5161,2013-12-14 07:40:00,318.8532
5161,2013-12-14 07:50:00,431.90756
5161,2013-12-14 08:00:00,396.97684
5161,2013-12-14 08:10:00,556.0502
5161,2013-12-14 08:20:00,566.3763
5161,2013-12-14 08:30:00,647.74585
5161,2013-12-14 08:40:00,691.9778
5161,2013-12-14 08:50:00,858.07056
5161,2013-12-14 09:00:00,1071.5851
5161,2013-12-14 09:10:00,1279.6774
5161,2013-12-14 09:20:00,1478.1903
5161,2013-12-14 09:30:00,1766.5225
5161,2013-12-14 09:40:00,1882.1127
5161,2013-12-14 09:50:00,2168.7866
5161,2013-12-14 10:00:00,2617.1465
5161,2013-12-14 10:10:00,2771.8003
5161,2013-12-14 10:20:00,2971.8318
5161,2013-12-14 10:30:00,3282.4175
5161,2013-12-14 10:40:00,3447.4753
5161,2013-12-14 10:50:00,3810.5212
5161,2013-12-14 11:00:00,3909.267
5161,2013-12-14 11:10:00,3590.7566
5161,2013-12-14 11:20:00,3674.9485
5161,2013-12-14 11:30:00,3723.3813
5161,2013-12-14 11:40:00,3996.819
5161,2013-12-14 11:50:00,4184.377
5161,2013-12-14 12:00:00,3868.3684
5161,2013-12-14 12:10:00,3845.8645
5161,2013-12-14 12:20:00,3849.2195
5161,2013-12-14 12:30:00,3967.2092
5161,2013-12-14 12:40:00,4256.5664
5161,2013-12-14 12:50:00,3903.6145
5161,2013-12-14 13:00:00,4158.542
5161,2013-12-14 13:10:00,4237.6914
5161,2013-12-14 13:20:00,4117.884
5161,2013-12-14 13:30:00,4251.6855
5161,2013-12-14 13:40:00,4369.545
5161,2013-12-14 13:50:00,4609.118
5161,2013-12-14 14:00:00,4950.865
5161,2013-12-14 14:10:00,5118.015
5161,2013-12-14 14:20:00,5034.9756
5161,2013-12-14 14:30:00,4939.4927
5161,2013-12-14 14:40:00,5049.1216
5161,2013-12-14 14:50:00,4837.507
5161,2013-12-14 15:00:00,5057.766
5161,2013-12-14 15:10:00,5568.093
5161,2013-12-14 15:20:00,5257.155
5161,2013-12-14 15:30:00,5529.163
5161,2013-12-14 15:40:00,5555.031
5161,2013-12-14 15:50:00,5631.809
5161,2013-12-14 16:00:00,5643.9414
5161,2013-12-14 16:10:00,5752.094
5161,2013-12-14 16:20:00,5626.722
5161,2013-12-14 16:30:00,5712.612
5161,2013-12-14 16:40:00,5665.311
5161,2013-12-14 16:50:00,5206.185
5161,2013-12-14 17:00:00,5011.924
5161,2013-12-14 17:10:00,5022.722
5161,2013-12-14 17:20:00,4812.746
5161,2013-12-14 17:30:00,4872.2754
5161,2013-12-14 17:40:00,4650.7285
5161,2013-12-14 17:50:00,4396.7764
5161,2013-12-14 18:00:00,3943.4812
5161,2013-12-14 18:10:00,3720.5264
5161,2013-12-14 18:20:00,3775.0942
5161,2013-12-14 18:30:00,3760.4016
5161,2013-12-14 18:40:00,3713.3352
5161,2013-12-14 18:50:00,3593.7952
5161,2013-12-14 19:00:00,3191.9546
5161,2013-12-14 19:10:00,2952.3726
5161,2013-12-14 19:20:00,2834.2615
5161,2013-12-14 19:30:00,2514.4534
5161,2013-12-14 19:40:00,2228.603
5161,2013-12-14 19:50:00,2209.0593
5161,2013-12-14 20:00:00,2157.2617
5161,2013-12-14 20:10:00,1667.415
5161,2013-12-14 20:20:00,1718.8185
5161,2013-12-14 20:30:00,1810.925
5161,2013-12-14 20:40:00,1654.6707
5161,2013-12-14 20:50:00,1567.5033
5161,2013-12-14 21:00:00,1468.9845
5161,2013-12-14 21:10:00,1233.625
5161,2013-12-14 21:20:00,1192.0741
5161,2013-12-14 21:30:00,1267.8162
5161,2013-12-14 21:40:00,997.84
5161,2013-12-14 21:50:00,1207.6161
5161,2013-12-14 22:00:00,1152.7898
5161,2013-12-14 22:10:00,946.7475
5161,2013-12-14 22:20:00,757.1642
5161,2013-12-14 22:30:00,693.1622
5161,2013-12-14 22:40:00,596.3415
5161,2013-12-14 22:50:00,647.8713
5161,2013-12-14 23:00:00,617.8548
5161,2013-12-14 23:10:00,518.4886
5161,2013-12-14 23:20:00,502.69766
5161,2013-12-14 23:30:00,423.2686
5161,2013-12-14 23:40:00,399.16727
5161,2013-12-14 23:50:00,370.3971
5161,2013-12-15 00:00:00,333.70285
5161,2013-12-15 00:10:00,319.21246
5161,2013-12-15 00:20:00,328.19092
5161,2013-12-15 00:30:00,307.71667
5161,2013-12-15 00:40:00,280.96838
5161,2013-12-15 00:50:00,297.24448
5161,2013-12-15 01:00:00,296.8092
5161,2013-12-15 01:10:00,275.20438
5161,2013-12-15 01:20:00,295.96558
5161,2013-12-15 01:30:00,288.8058
5161,2013-12-15 01:40:00,261.18066
5161,2013-12-15 01:50:00,364.07413
5161,2013-12-15 02:00:00,311.54984
5161,2013-12-15 02:10:00,293.97247
5161,2013-12-15 02:20:00,271.56915
5161,2013-12-15 02:30:00,252.22163
5161,2013-12-15 02:40:00,242.80673
5161,2013-12-15 02:50:00,245.76865
5161,2013-12-15 03:00:00,236.2476
5161,2013-12-15 03:10:00,220.81198
5161,2013-12-15 03:20:00,274.60773
5161,2013-12-15 03:30:00,239.82628
5161,2013-12-15 03:40:00,224.3993
5161,2013-12-15 03:50:00,242.9636
5161,2013-12-15 04:00:00,221.0352
5161,2013-12-15 04:10:00,230.16908
5161,2013-12-15 04:20:00,224.53165
5161,2013-12-15 04:30:00,222.76654
5161,2013-12-15 04:40:00,230.71017
5161,2013-12-15 04:50:00,264.28104
5161,2013-12-15 05:00:00,232.15659
5161,2013-12-15 05:10:00,233.92331
5161,2013-12-15 05:20:00,241.91745
5161,2013-12-15 05:30:00,253.5995
5161,2013-12-15 05:40:00,242.08347
5161,2013-12-15 05:50:00,270.68292
5161,2013-12-15 06:00:00,246.90765
5161,2013-12-15 06:10:00,261.5445
5161,2013-12-15 06:20:00,279.1738
5161,2013-12-15 06:30:00,267.33154
5161,2013-12-15 06:40:00,276.85342
5161,2013-12-15 06:50:00,280.81973
5161,2013-12-15 07:00:00,268.59183
5161,2013-12-15 07:10:00,298.42535
5161,2013-12-15 07:20:00,330.80316
5161,2013-12-15 07:30:00,353.7739
5161,2013-12-15 07:40:00,453.24982
5161,2013-12-15 07:50:00,440.54807
5161,2013-12-15 08:00:00,478.73105
5161,2013-12-15 08:10:00,506.27518
5161,2013-12-15 08:20:00,694.0864
5161,2013-12-15 08:30:00,641.4095
5161,2013-12-15 08:40:00,721.6056
5161,2013-12-15 08:50:00,907.7252
5161,2013-12-15 09:00:00,1114.5947
5161,2013-12-15 09:10:00,1228.5956
5161,2013-12-15 09:20:00,1423.1975
5161,2013-12-15 09:30:00,1654.0883
5161,2013-12-15 09:40:00,1956.6677
5161,2013-12-15 09:50:00,2178.8237
5161,2013-12-15 10:00:00,2410.5361
5161,2013-12-15 10:10:00,2694.756
5161,2013-12-15 10:20:00,2692.7954
5161,2013-12-15 10:30:00,3070.3906
5161,2013-12-15 10:40:00,3627.3855
5161,2013-12-15 10:50:00,4001.8557
5161,2013-12-15 11:00:00,3704.9597
5161,2013-12-15 11:10:00,3940.879
5161,2013-12-15 11:20:00,4146.153
5161,2013-12-15 11:30:00,4702.429
5161,2013-12-15 11:40:00,4197.484
5161,2013-12-15 11:50:00,4313.2974
5161,2013-12-15 12:00:00,4521.218
5161,2013-12-15 12:10:00,4276.9795
5161,2013-12-15 12:20:00,4215.811
5161,2013-12-15 12:30:00,4585.126
5161,2013-12-15 12:40:00,4331.676
5161,2013-12-15 12:50:00,4647.4727
5161,2013-12-15 13:00:00,4314.495
5161,2013-12-15 13:10:00,4461.578
5161,2013-12-15 13:20:00,4641.8364
5161,2013-12-15 13:30:00,4657.4263
5161,2013-12-15 13:40:00,4848.6987
5161,2013-12-15 13:50:00,4774.5503
5161,2013-12-15 14:00:00,5094.702
5161,2013-12-15 14:10:00,4900.986
5161,2013-12-15 14:20:00,4870.213
5161,2013-12-15 14:30:00,4977.639
5161,2013-12-15 14:40:00,5138.2964
5161,2013-12-15 14:50:00,5059.097
5161,2013-12-15 15:00:00,5037.6064
5161,2013-12-15 15:10:00,5495.6636
5161,2013-12-15 15:20:00,5228.214
5161,2013-12-15 15:30:00,5216.353
5161,2013-12-15 15:40:00,4891.5386
5161,2013-12-15 15:50:00,4855.8286
5161,2013-12-15 16:00:00,5024.623
5161,2013-12-15 16:10:00,5049.597
5161,2013-12-15 16:20:00,4870.101
5161,2013-12-15 16:30:00,5109.1313
5161,2013-12-15 16:40:00,4830.622
5161,2013-12-15 16:50:00,4632.567
5161,2013-12-15 17:00:00,4651.008
5161,2013-12-15 17:10:00,4238.47
5161,2013-12-15 17:20:00,4344.749
5161,2013-12-15 17:30:00,4521.734
5161,2013-12-15 17:40:00,4171.7363
5161,2013-12-15 17:50:00,3998.0579
5161,2013-12-15 18:00:00,3769.2004
5161,2013-12-15 18:10:00,3586.2947
5161,2013-12-15 18:20:00,3689.5105
5161,2013-12-15 18:30:00,3227.6375
5161,2013-12-15 18:40:00,3015.9348
5161,2013-12-15 18:50:00,2572.9102
5161,2013-12-15 19:00:00,2516.9485
5161,2013-12-15 19:10:00,2467.7761
5161,2013-12-15 19:20:00,2052.0833
5161,2013-12-15 19:30:00,1838.932
5161,2013-12-15 19:40:00,1492.357
5161,2013-12-15 19:50:00,1468.819
5161,2013-12-15 20:00:00,1252.7516
5161,2013-12-15 20:10:00,1153.8198
5161,2013-12-15 20:20:00,1117.1544
5161,2013-12-15 20:30:00,1081.6537
5161,2013-12-15 20:40:00,1042.948
5161,2013-12-15 20:50:00,972.1848
5161,2013-12-15 21:00:00,988.6887
5161,2013-12-15 21:10:00,962.3028
5161,2013-12-15 21:20:00,698.766
5161,2013-12-15 21:30:00,682.76245
5161,2013-12-15 21:40:00,580.84076
5161,2013-12-15 21:50:00,517.4076
5161,2013-12-15 22:00:00,528.26385
5161,2013-12-15 22:10:00,532.66895
5161,2013-12-15 22:20:00,452.691
5161,2013-12-15 22:30:00,438.23145
5161,2013-12-15 22:40:00,394.4474
5161,2013-12-15 22:50:00,346.18082
5161,2013-12-15 23:00:00,346.46027
5161,2013-12-15 23:10:00,335.47937
5161,2013-12-15 23:20:00,321.91083
5161,2013-12-15 23:30:00,286.60004
5161,2013-12-15 23:40:00,299.6622
5161,2013-12-15 23:50:00,247.8545
5161,2013-12-16 00:00:00,235.49236
5161,2013-12-16 00:10:00,268.69864
5161,2013-12-16 00:20:00,252.07263
5161,2013-12-16 00:30:00,218.37958
5161,2013-12-16 00:40:00,231.68237
5161,2013-12-16 00:50:00,209.62328
5161,2013-12-16 01:00:00,209.11711
5161,2013-12-16 01:10:00,235.20218
5161,2013-12-16 01:20:00,214.24268
5161,2013-12-16 01:30:00,207.96501
5161,2013-12-16 01:40:00,218.90169
5161,2013-12-16 01:50:00,192.52118
5161,2013-12-16 02:00:00,199.50375
5161,2013-12-16 02:10:00,205.08748
5161,2013-12-16 02:20:00,198.84103
5161,2013-12-16 02:30:00,199.28387
5161,2013-12-16 02:40:00,209.12245
5161,2013-12-16 02:50:00,184.26079
5161,2013-12-16 03:00:00,201.11852
5161,2013-12-16 03:10:00,209.11015
5161,2013-12-16 03:20:00,183.43298
5161,2013-12-16 03:30:00,199.95718
5161,2013-12-16 03:40:00,200.8317
5161,2013-12-16 03:50:00,179.1481
5161,2013-12-16 04:00:00,210.14604
5161,2013-12-16 04:10:00,205.14394
5161,2013-12-16 04:20:00,189.92653
5161,2013-12-16 04:30:00,202.23596
5161,2013-12-16 04:40:00,209.58281
5161,2013-12-16 04:50:00,187.69508
5161,2013-12-16 05:00:00,199.13739
5161,2013-12-16 05:10:00,207.1426
5161,2013-12-16 05:20:00,193.52405
5161,2013-12-16 05:30:00,233.35507
5161,2013-12-16 05:40:00,318.2609
5161,2013-12-16 05:50:00,289.03192
5161,2013-12-16 06:00:00,270.34906
5161,2013-12-16 06:10:00,247.3762
5161,2013-12-16 06:20:00,269.4001
5161,2013-12-16 06:30:00,277.7562
5161,2013-12-16 06:40:00,299.50864
5161,2013-12-16 06:50:00,318.23898
5161,2013-12-16 07:00:00,395.32355
5161,2013-12-16 07:10:00,432.19437
5161,2013-12-16 07:20:00,419.6882
5161,2013-12-16 07:30:00,572.12714
5161,2013-12-16 07:40:00,695.29205
5161,2013-12-16 07:50:00,704.80206
5161,2013-12-16 08:00:00,789.2132
5161,2013-12-16 08:10:00,869.79865
5161,2013-12-16 08:20:00,834.4706
5161,2013-12-16 08:30:00,946.5521
5161,2013-12-16 08:40:00,943.60834
5161,2013-12-16 08:50:00,961.70447
5161,2013-12-16 09:00:00,1011.9496
5161,2013-12-16 09:10:00,947.59705
5161,2013-12-16 09:20:00,1048.656
5161,2013-12-16 09:30:00,1179.4794
5161,2013-12-16 09:40:00,1383.9191
5161,2013-12-16 09:50:00,1328.7418
5161,2013-12-16 10:00:00,1379.0597
5161,2013-12-16 10:10:00,1550.8689
5161,2013-12-16 10:20:00,1559.0098
5161,2013-12-16 10:30:00,1864.4413
5161,2013-12-16 10:40:00,1848.016
5161,2013-12-16 10:50:00,1709.3956
5161,2013-12-16 11:00:00,1961.1587
5161,2013-12-16 11:10:00,2086.6458
5161,2013-12-16 11:20:00,1910.0787
5161,2013-12-16 11:30:00,2116.0876
5161,2013-12-16 11:40:00,2292.748
5161,2013-12-16 11:50:00,2109.0095
5161,2013-12-16 12:00:00,2360.4446
5161,2013-12-16 12:10:00,2505.1448
5161,2013-12-16 12:20:00,2585.238
5161,2013-12-16 12:30:00,2969.4912
5161,2013-12-16 12:40:00,3057.33
5161,2013-12-16 12:50:00,2938.056
5161,2013-12-16 13:00:00,2866.0698
5161,2013-12-16 13:10:00,2798.73
5161,2013-12-16 13:20:00,2803.0942
5161,2013-12-16 13:30:00,2646.84
5161,2013-12-16 13:40:00,2462.6577
5161,2013-12-16 13:50:00,2350.5298
5161,2013-12-16 14:00:00,2328.2554
5161,2013-12-16 14:10:00,2480.486
5161,2013-12-16 14:20:00,2310.5579
5161,2013-12-16 14:30:00,2615.6433
5161,2013-12-16 14:40:00,2538.4104
5161,2013-12-16 14:50:00,2448.4739
5161,2013-12-16 15:00:00,2772.0137
5161,2013-12-16 15:10:00,2690.5195
5161,2013-12-16 15:20:00,2592.648
5161,2013-12-16 15:30:00,2785.3909
5161,2013-12-16 15:40:00,2619.2585
5161,2013-12-16 15:50:00,2633.5862
5161,2013-12-16 16:00:00,2544.4758
5161,2013-12-16 16:10:00,2674.0369
5161,2013-12-16 16:20:00,2557.1147
5161,2013-12-16 16:30:00,2391.7551
5161,2013-12-16 16:40:00,2553.3015
5161,2013-12-16 16:50:00,2696.6912
5161,2013-12-16 17:00:00,2386.3591
5161,2013-12-16 17:10:00,2363.5815
5161,2013-12-16 17:20:00,2429.09
5161,2013-12-16 17:30:00,2416.3308
5161,2013-12-16 17:40:00,2332.4739
5161,2013-12-16 17:50:00,2197.7908
5161,2013-12-16 18:00:00,2127.2327
5161,2013-12-16 18:10:00,2131.437
5161,2013-12-16 18:20:00,1931.2819
5161,2013-12-16 18:30:00,1857.6206
5161,2013-12-16 18:40:00,1720.8193
5161,2013-12-16 18:50:00,1719.8895
5161,2013-12-16 19:00:00,1494.5803
5161,2013-12-16 19:10:00,1387.2498
5161,2013-12-16 19:20:00,1310.2694
5161,2013-12-16 19:30:00,1161.1025
5161,2013-12-16 19:40:00,1097.789
5161,2013-12-16 19:50:00,1052.019
5161,2013-12-16 20:00:00,966.3625
5161,2013-12-16 20:10:00,789.50476
5161,2013-12-16 20:20:00,889.26215
5161,2013-12-16 20:30:00,790.8689
5161,2013-12-16 20:40:00,795.4714
5161,2013-12-16 20:50:00,769.1046
5161,2013-12-16 21:00:00,695.05756
5161,2013-12-16 21:10:00,614.00037
5161,2013-12-16 21:20:00,642.0887
5161,2013-12-16 21:30:00,682.7367
5161,2013-12-16 21:40:00,582.5713
5161,2013-12-16 21:50:00,860.38293
5161,2013-12-16 22:00:00,633.47144
5161,2013-12-16 22:10:00,543.3787
5161,2013-12-16 22:20:00,597.4092
5161,2013-12-16 22:30:00,610.5447
5161,2013-12-16 22:40:00,333.73605
5161,2013-12-16 22:50:00,394.0917
5161,2013-12-16 23:00:00,417.16583
5161,2013-12-16 23:10:00,311.1909
5161,2013-12-16 23:20:00,445.8625
5161,2013-12-16 23:30:00,342.1666
5161,2013-12-16 23:40:00,318.08643
5161,2013-12-16 23:50:00,304.5793
5161,2013-12-17 00:00:00,302.76498
5161,2013-12-17 00:10:00,232.73166
5161,2013-12-17 00:20:00,268.7748
5161,2013-12-17 00:30:00,226.48288
5161,2013-12-17 00:40:00,187.17807
5161,2013-12-17 00:50:00,223.17186
5161,2013-12-17 01:00:00,234.36075
5161,2013-12-17 01:10:00,216.70508
5161,2013-12-17 01:20:00,229.82294
5161,2013-12-17 01:30:00,209.51703
5161,2013-12-17 01:40:00,183.1384
5161,2013-12-17 01:50:00,202.82635
5161,2013-12-17 02:00:00,204.51138
5161,2013-12-17 02:10:00,173.6049
5161,2013-12-17 02:20:00,195.62657
5161,2013-12-17 02:30:00,199.54
5161,2013-12-17 02:40:00,188.96452
5161,2013-12-17 02:50:00,206.67401
5161,2013-12-17 03:00:00,213.5412
5161,2013-12-17 03:10:00,164.3832
5161,2013-12-17 03:20:00,205.71875
5161,2013-12-17 03:30:00,189.8338
5161,2013-12-17 03:40:00,165.30069
5161,2013-12-17 03:50:00,211.25015
5161,2013-12-17 04:00:00,207.73288
5161,2013-12-17 04:10:00,186.83727
5161,2013-12-17 04:20:00,212.57007
5161,2013-12-17 04:30:00,199.12
5161,2013-12-17 04:40:00,189.68364
5161,2013-12-17 04:50:00,206.41656
5161,2013-12-17 05:00:00,199.14429
5161,2013-12-17 05:10:00,175.57236
5161,2013-12-17 05:20:00,211.8952
5161,2013-12-17 05:30:00,229.97296
5161,2013-12-17 05:40:00,222.11827
5161,2013-12-17 05:50:00,266.95532
5161,2013-12-17 06:00:00,266.6577
5161,2013-12-17 06:10:00,264.9794
5161,2013-12-17 06:20:00,299.75565
5161,2013-12-17 06:30:00,341.219
5161,2013-12-17 06:40:00,302.00635
5161,2013-12-17 06:50:00,336.06754
5161,2013-12-17 07:00:00,375.1931
5161,2013-12-17 07:10:00,397.58102
5161,2013-12-17 07:20:00,489.18375
5161,2013-12-17 07:30:00,534.2422
5161,2013-12-17 07:40:00,660.0387
5161,2013-12-17 07:50:00,617.42114
5161,2013-12-17 08:00:00,824.71655
5161,2013-12-17 08:10:00,862.9117
5161,2013-12-17 08:20:00,903.38446
5161,2013-12-17 08:30:00,993.2106
5161,2013-12-17 08:40:00,1057.9623
5161,2013-12-17 08:50:00,1036.0688
5161,2013-12-17 09:00:00,1217.5115
5161,2013-12-17 09:10:00,1188.2633
5161,2013-12-17 09:20:00,1214.9235
5161,2013-12-17 09:30:00,1532.3738
5161,2013-12-17 09:40:00,1466.2655
5161,2013-12-17 09:50:00,1664.7877
5161,2013-12-17 10:00:00,1818.2194
5161,2013-12-17 10:10:00,1694.5822
5161,2013-12-17 10:20:00,1874.4421
5161,2013-12-17 10:30:00,2035.2654
5161,2013-12-17 10:40:00,2138.9644
5161,2013-12-17 10:50:00,2250.6003
5161,2013-12-17 11:00:00,2388.473
5161,2013-12-17 11:10:00,2460.7341
5161,2013-12-17 11:20:00,2415.1035
5161,2013-12-17 11:30:00,2763.068
5161,2013-12-17 11:40:00,2744.7373
5161,2013-12-17 11:50:00,2774.4429
5161,2013-12-17 12:00:00,3062.4578
5161,2013-12-17 12:10:00,3291.7275
5161,2013-12-17 12:20:00,3444.106
5161,2013-12-17 12:30:00,3373.3855
5161,2013-12-17 12:40:00,3342.427
5161,2013-12-17 12:50:00,3505.4324
5161,2013-12-17 13:00:00,3803.9375
5161,2013-12-17 13:10:00,3543.5134
5161,2013-12-17 13:20:00,3208.6392
5161,2013-12-17 13:30:00,3234.5732
5161,2013-12-17 13:40:00,3110.6792
5161,2013-12-17 13:50:00,3139.6963
5161,2013-12-17 14:00:00,2945.2466
5161,2013-12-17 14:10:00,2766.0857
5161,2013-12-17 14:20:00,3100.932
5161,2013-12-17 14:30:00,3517.678
5161,2013-12-17 14:40:00,3524.895
5161,2013-12-17 14:50:00,3358.1033
5161,2013-12-17 15:00:00,3876.9597
5161,2013-12-17 15:10:00,3759.038
5161,2013-12-17 15:20:00,3837.1492
5161,2013-12-17 15:30:00,3774.914
5161,2013-12-17 15:40:00,3495.1526
5161,2013-12-17 15:50:00,3764.5986
5161,2013-12-17 16:00:00,3746.0464
5161,2013-12-17 16:10:00,3641.88
5161,2013-12-17 16:20:00,3795.984
5161,2013-12-17 16:30:00,3566.9692
5161,2013-12-17 16:40:00,3228.2769
5161,2013-12-17 16:50:00,3273.0974
5161,2013-12-17 17:00:00,3197.3655
5161,2013-12-17 17:10:00,3225.8516
5161,2013-12-17 17:20:00,2850.039
5161,2013-12-17 17:30:00,3065.798
5161,2013-12-17 17:40:00,2853.2896
5161,2013-12-17 17:50:00,2902.8008
5161,2013-12-17 18:00:00,2814.6863
5161,2013-12-17 18:10:00,2951.324
5161,2013-12-17 18:20:00,2730.4817
5161,2013-12-17 18:30:00,2447.7034
5161,2013-12-17 18:40:00,2416.3674
5161,2013-12-17 18:50:00,2257.1748
5161,2013-12-17 19:00:00,2049.7354
5161,2013-12-17 19:10:00,1769.0593
5161,2013-12-17 19:20:00,1671.0309
5161,2013-12-17 19:30:00,1472.355
5161,2013-12-17 19:40:00,1444.2585
5161,2013-12-17 19:50:00,1219.8506
5161,2013-12-17 20:00:00,1171.9624
5161,2013-12-17 20:10:00,1066.5072
5161,2013-12-17 20:20:00,1065.6753
5161,2013-12-17 20:30:00,1107.4401
5161,2013-12-17 20:40:00,1170.1951
5161,2013-12-17 20:50:00,881.85944
5161,2013-12-17 21:00:00,747.4791
5161,2013-12-17 21:10:00,636.772
5161,2013-12-17 21:20:00,549.43256
5161,2013-12-17 21:30:00,636.7148
5161,2013-12-17 21:40:00,583.74817
5161,2013-12-17 21:50:00,538.8654
5161,2013-12-17 22:00:00,543.96155
5161,2013-12-17 22:10:00,439.51578
5161,2013-12-17 22:20:00,424.59024
5161,2013-12-17 22:30:00,452.19907
5161,2013-12-17 22:40:00,361.02264
5161,2013-12-17 22:50:00,371.86603
5161,2013-12-17 23:00:00,434.7364
5161,2013-12-17 23:10:00,406.53528
5161,2013-12-17 23:20:00,314.7144
5161,2013-12-17 23:30:00,311.52432
5161,2013-12-17 23:40:00,268.64502
5161,2013-12-17 23:50:00,269.08862
5161,2013-12-18 00:00:00,303.09613
5161,2013-12-18 00:10:00,274.72974
5161,2013-12-18 00:20:00,234.28204
5161,2013-12-18 00:30:00,258.46707
5161,2013-12-18 00:40:00,235.9508
5161,2013-12-18 00:50:00,214.01556
5161,2013-12-18 01:00:00,244.06613
5161,2013-12-18 01:10:00,221.39583
5161,2013-12-18 01:20:00,390.53134
5161,2013-12-18 01:30:00,385.1137
5161,2013-12-18 01:40:00,443.73373
5161,2013-12-18 01:50:00,424.52182
5161,2013-12-18 02:00:00,514.8599
5161,2013-12-18 02:10:00,243.27391
5161,2013-12-18 02:20:00,216.10474
5161,2013-12-18 02:30:00,226.1257
5161,2013-12-18 02:40:00,232.07373
5161,2013-12-18 02:50:00,208.05132
5161,2013-12-18 03:00:00,225.40233
5161,2013-12-18 03:10:00,227.49486
5161,2013-12-18 03:20:00,215.54005
5161,2013-12-18 03:30:00,227.6982
5161,2013-12-18 03:40:00,220.47952
5161,2013-12-18 03:50:00,219.93323
5161,2013-12-18 04:00:00,234.73874
5161,2013-12-18 04:10:00,256.21884
5161,2013-12-18 04:20:00,246.57613
5161,2013-12-18 04:30:00,248.08905
5161,2013-12-18 04:40:00,257.0533
5161,2013-12-18 04:50:00,243.37932
5161,2013-12-18 05:00:00,263.1779
5161,2013-12-18 05:10:00,227.68663
5161,2013-12-18 05:20:00,237.63649
5161,2013-12-18 05:30:00,320.8879
5161,2013-12-18 05:40:00,246.09839
5161,2013-12-18 05:50:00,260.01495
5161,2013-12-18 06:00:00,350.64963
5161,2013-12-18 06:10:00,396.91443
5161,2013-12-18 06:20:00,404.74667
5161,2013-12-18 06:30:00,444.64056
5161,2013-12-18 06:40:00,383.8241
5161,2013-12-18 06:50:00,396.3336
5161,2013-12-18 07:00:00,413.65237
5161,2013-12-18 07:10:00,642.7808
5161,2013-12-18 07:20:00,541.2099
5161,2013-12-18 07:30:00,618.90344
5161,2013-12-18 07:40:00,646.4804
5161,2013-12-18 07:50:00,736.52924
5161,2013-12-18 08:00:00,844.3093
5161,2013-12-18 08:10:00,899.5496
5161,2013-12-18 08:20:00,958.5369
5161,2013-12-18 08:30:00,1156.951
5161,2013-12-18 08:40:00,1070.9885
5161,2013-12-18 08:50:00,1130.0845
5161,2013-12-18 09:00:00,1296.178
5161,2013-12-18 09:10:00,1440.553
5161,2013-12-18 09:20:00,1529.7799
5161,2013-12-18 09:30:00,1691.0552
5161,2013-12-18 09:40:00,1911.0961
5161,2013-12-18 09:50:00,1785.5616
5161,2013-12-18 10:00:00,2071.8499
5161,2013-12-18 10:10:00,2104.384
5161,2013-12-18 10:20:00,2088.5828
5161,2013-12-18 10:30:00,2219.114
5161,2013-12-18 10:40:00,2249.7117
5161,2013-12-18 10:50:00,2448.1501
5161,2013-12-18 11:00:00,2599.8909
5161,2013-12-18 11:10:00,2445.932
5161,2013-12-18 11:20:00,2537.695
5161,2013-12-18 11:30:00,2588.7942
5161,2013-12-18 11:40:00,2524.9182
5161,2013-12-18 11:50:00,2801.2405
5161,2013-12-18 12:00:00,2847.3315
5161,2013-12-18 12:10:00,3144.238
5161,2013-12-18 12:20:00,3527.2244
5161,2013-12-18 12:30:00,3725.421
5161,2013-12-18 12:40:00,3822.5183
5161,2013-12-18 12:50:00,3866.7158
5161,2013-12-18 13:00:00,3877.3699
5161,2013-12-18 13:10:00,3581.2974
5161,2013-12-18 13:20:00,3756.3367
5161,2013-12-18 13:30:00,3436.1636
5161,2013-12-18 13:40:00,3591.0415
5161,2013-12-18 13:50:00,3316.7224
5161,2013-12-18 14:00:00,3167.509
5161,2013-12-18 14:10:00,3138.919
5161,2013-12-18 14:20:00,3047.273
5161,2013-12-18 14:30:00,3150.5264
5161,2013-12-18 14:40:00,2938.9463
5161,2013-12-18 14:50:00,3039.379
5161,2013-12-18 15:00:00,3118.2083
5161,2013-12-18 15:10:00,3213.4922
5161,2013-12-18 15:20:00,3012.9036
5161,2013-12-18 15:30:00,2953.8875
5161,2013-12-18 15:40:00,2920.7847
5161,2013-12-18 15:50:00,2932.362
5161,2013-12-18 16:00:00,3075.2095
5161,2013-12-18 16:10:00,3023.2144
5161,2013-12-18 16:20:00,2955.8096
5161,2013-12-18 16:30:00,2909.414
5161,2013-12-18 16:40:00,2701.2969
5161,2013-12-18 16:50:00,2824.2446
5161,2013-12-18 17:00:00,2610.1592
5161,2013-12-18 17:10:00,2438.9463
5161,2013-12-18 17:20:00,2638.442
5161,2013-12-18 17:30:00,2572.8606
5161,2013-12-18 17:40:00,2564.8267
5161,2013-12-18 17:50:00,2356.0193
5161,2013-12-18 18:00:00,2361.8774
5161,2013-12-18 18:10:00,2249.49
5161,2013-12-18 18:20:00,2056.9507
5161,2013-12-18 18:30:00,2078.2659
5161,2013-12-18 18:40:00,2282.8704
5161,2013-12-18 18:50:00,2069.832
5161,2013-12-18 19:00:00,1856.3398
5161,2013-12-18 19:10:00,1593.6848
5161,2013-12-18 19:20:00,1380.7185
5161,2013-12-18 19:30:00,1368.4242
5161,2013-12-18 19:40:00,1136.7921
5161,2013-12-18 19:50:00,1057.0448
5161,2013-12-18 20:00:00,952.5083
5161,2013-12-18 20:10:00,885.5504
5161,2013-12-18 20:20:00,945.30396
5161,2013-12-18 20:30:00,955.2644
5161,2013-12-18 20:40:00,908.50287
5161,2013-12-18 20:50:00,948.1962
5161,2013-12-18 21:00:00,824.9544
5161,2013-12-18 21:10:00,795.2902
5161,2013-12-18 21:20:00,611.88983
5161,2013-12-18 21:30:00,578.9331
5161,2013-12-18 21:40:00,579.75836
5161,2013-12-18 21:50:00,505.07068
5161,2013-12-18 22:00:00,457.73096
5161,2013-12-18 22:10:00,554.7294
5161,2013-12-18 22:20:00,463.84952
5161,2013-12-18 22:30:00,405.31708
5161,2013-12-18 22:40:00,362.23328
5161,2013-12-18 22:50:00,315.83978
5161,2013-12-18 23:00:00,274.1597
5161,2013-12-18 23:10:00,267.61264
5161,2013-12-18 23:20:00,269.4348
5161,2013-12-18 23:30:00,251.59937
5161,2013-12-18 23:40:00,241.11076
5161,2013-12-18 23:50:00,217.61388
5161,2013-12-19 00:00:00,203.93837
5161,2013-12-19 00:10:00,204.19022
5161,2013-12-19 00:20:00,169.83192
5161,2013-12-19 00:30:00,162.9695
5161,2013-12-19 00:40:00,188.53651
5161,2013-12-19 00:50:00,145.82474
5161,2013-12-19 01:00:00,147.1228
5161,2013-12-19 01:10:00,160.85327
5161,2013-12-19 01:20:00,167.06288
5161,2013-12-19 01:30:00,144.11838
5161,2013-12-19 01:40:00,168.72066
5161,2013-12-19 01:50:00,163.0736
5161,2013-12-19 02:00:00,140.6902
5161,2013-12-19 02:10:00,169.9931
5161,2013-12-19 02:20:00,146.30841
5161,2013-12-19 02:30:00,139.73344
5161,2013-12-19 02:40:00,157.53612
5161,2013-12-19 02:50:00,149.2089
5161,2013-12-19 03:00:00,137.03987
5161,2013-12-19 03:10:00,161.42363
5161,2013-12-19 03:20:00,149.15988
5161,2013-12-19 03:30:00,137.69418
5161,2013-12-19 03:40:00,167.33061
5161,2013-12-19 03:50:00,163.06259
5161,2013-12-19 04:00:00,148.12737
5161,2013-12-19 04:10:00,192.28413
5161,2013-12-19 04:20:00,164.71341
5161,2013-12-19 04:30:00,144.27452
5161,2013-12-19 04:40:00,199.8322
5161,2013-12-19 04:50:00,156.3342
5161,2013-12-19 05:00:00,143.32224
5161,2013-12-19 05:10:00,201.51146
5161,2013-12-19 05:20:00,182.49237
5161,2013-12-19 05:30:00,133.89032
5161,2013-12-19 05:40:00,189.73953
5161,2013-12-19 05:50:00,187.93494
5161,2013-12-19 06:00:00,209.46092
5161,2013-12-19 06:10:00,197.42627
5161,2013-12-19 06:20:00,212.6369
5161,2013-12-19 06:30:00,216.06082
5161,2013-12-19 06:40:00,261.43173
5161,2013-12-19 06:50:00,296.271
5161,2013-12-19 07:00:00,342.76184
5161,2013-12-19 07:10:00,346.69257
5161,2013-12-19 07:20:00,422.2298
5161,2013-12-19 07:30:00,488.4608
5161,2013-12-19 07:40:00,604.7331
5161,2013-12-19 07:50:00,607.37067
5161,2013-12-19 08:00:00,717.09607
5161,2013-12-19 08:10:00,744.41266
5161,2013-12-19 08:20:00,885.86914
5161,2013-12-19 08:30:00,956.97504
5161,2013-12-19 08:40:00,974.42224
5161,2013-12-19 08:50:00,1099.8969
5161,2013-12-19 09:00:00,1223.0265
5161,2013-12-19 09:10:00,1343.774
5161,2013-12-19 09:20:00,1372.3713
5161,2013-12-19 09:30:00,1541.0254
5161,2013-12-19 09:40:00,1538.6102
5161,2013-12-19 09:50:00,1767.8145
5161,2013-12-19 10:00:00,1720.5001
5161,2013-12-19 10:10:00,1655.2976
5161,2013-12-19 10:20:00,1764.8962
5161,2013-12-19 10:30:00,1819.6342
5161,2013-12-19 10:40:00,2052.6956
5161,2013-12-19 10:50:00,2101.9968
5161,2013-12-19 11:00:00,2135.1353
5161,2013-12-19 11:10:00,2269.4614
5161,2013-12-19 11:20:00,2298.473
5161,2013-12-19 11:30:00,2442.7434
5161,2013-12-19 11:40:00,2534.7808
5161,2013-12-19 11:50:00,2562.879
5161,2013-12-19 12:00:00,2649.3838
5161,2013-12-19 12:10:00,3079.7336
5161,2013-12-19 12:20:00,2879.3525
5161,2013-12-19 12:30:00,3051.9824
5161,2013-12-19 12:40:00,3203.688
5161,2013-12-19 12:50:00,3184.9202
5161,2013-12-19 13:00:00,3255.8198
5161,2013-12-19 13:10:00,3134.402
5161,2013-12-19 13:20:00,3258.1519
5161,2013-12-19 13:30:00,3144.569
5161,2013-12-19 13:40:00,3201.7524
5161,2013-12-19 13:50:00,2828.0125
5161,2013-12-19 14:00:00,3105.1987
5161,2013-12-19 14:10:00,2825.0269
5161,2013-12-19 14:20:00,2680.8604
5161,2013-12-19 14:30:00,2901.1643
5161,2013-12-19 14:40:00,2752.3262
5161,2013-12-19 14:50:00,2739.1606
5161,2013-12-19 15:00:00,2807.927
5161,2013-12-19 15:10:00,2584.6472
5161,2013-12-19 15:20:00,2495.2998
5161,2013-12-19 15:30:00,2745.7068
5161,2013-12-19 15:40:00,2450.8027
5161,2013-12-19 15:50:00,2718.5146
5161,2013-12-19 16:00:00,2651.8245
5161,2013-12-19 16:10:00,2449.5356
5161,2013-12-19 16:20:00,2364.177
5161,2013-12-19 16:30:00,2622.1045
5161,2013-12-19 16:40:00,2355.841
5161,2013-12-19 16:50:00,2382.0017
5161,2013-12-19 17:00:00,2420.4246
5161,2013-12-19 17:10:00,2299.2363
5161,2013-12-19 17:20:00,2240.3677
5161,2013-12-19 17:30:00,2492.787
5161,2013-12-19 17:40:00,2202.0068
5161,2013-12-19 17:50:00,2133.3738
5161,2013-12-19 18:00:00,2326.3213
5161,2013-12-19 18:10:00,1970.2568
5161,2013-12-19 18:20:00,1808.8307
5161,2013-12-19 18:30:00,1778.7732
5161,2013-12-19 18:40:00,1635.7878
5161,2013-12-19 18:50:00,1787.2637
5161,2013-12-19 19:00:00,1440.8885
5161,2013-12-19 19:10:00,1445.5645
5161,2013-12-19 19:20:00,1165.559
5161,2013-12-19 19:30:00,983.61755
5161,2013-12-19 19:40:00,1067.5725
5161,2013-12-19 19:50:00,1064.6183
5161,2013-12-19 20:00:00,953.12775
5161,2013-12-19 20:10:00,991.1119
5161,2013-12-19 20:20:00,837.1152
5161,2013-12-19 20:30:00,743.8279
5161,2013-12-19 20:40:00,719.13165
5161,2013-12-19 20:50:00,640.9126
5161,2013-12-19 21:00:00,713.2597
5161,2013-12-19 21:10:00,645.8009
5161,2013-12-19 21:20:00,572.8274
5161,2013-12-19 21:30:00,602.1083
5161,2013-12-19 21:40:00,612.77606
5161,2013-12-19 21:50:00,511.6284
5161,2013-12-19 22:00:00,441.11316
5161,2013-12-19 22:10:00,420.6894
5161,2013-12-19 22:20:00,422.76392
5161,2013-12-19 22:30:00,424.8138
5161,2013-12-19 22:40:00,384.16812
5161,2013-12-19 22:50:00,292.0899
5161,2013-12-19 23:00:00,320.85486
5161,2013-12-19 23:10:00,295.0888
5161,2013-12-19 23:20:00,295.93073
5161,2013-12-19 23:30:00,256.09354
5161,2013-12-19 23:40:00,206.02028
5161,2013-12-19 23:50:00,217.92496
5161,2013-12-20 00:00:00,242.26108
5161,2013-12-20 00:10:00,174.30728
5161,2013-12-20 00:20:00,178.3625
5161,2013-12-20 00:30:00,175.14632
5161,2013-12-20 00:40:00,152.33878
5161,2013-12-20 00:50:00,180.40874
5161,2013-12-20 01:00:00,171.04825
5161,2013-12-20 01:10:00,161.85028
5161,2013-12-20 01:20:00,185.78027
5161,2013-12-20 01:30:00,189.96631
5161,2013-12-20 01:40:00,159.52864
5161,2013-12-20 01:50:00,174.6532
5161,2013-12-20 02:00:00,173.67648
5161,2013-12-20 02:10:00,210.40674
5161,2013-12-20 02:20:00,215.73897
5161,2013-12-20 02:30:00,178.25208
5161,2013-12-20 02:40:00,188.90144
5161,2013-12-20 02:50:00,167.10315
5161,2013-12-20 03:00:00,169.19829
5161,2013-12-20 03:10:00,178.6727
5161,2013-12-20 03:20:00,154.45125
5161,2013-12-20 03:30:00,164.45602
5161,2013-12-20 03:40:00,150.4502
5161,2013-12-20 03:50:00,157.78348
5161,2013-12-20 04:00:00,150.87732
5161,2013-12-20 04:10:00,154.2366
5161,2013-12-20 04:20:00,181.19868
5161,2013-12-20 04:30:00,191.88644
5161,2013-12-20 04:40:00,183.43315
5161,2013-12-20 04:50:00,154.46097
5161,2013-12-20 05:00:00,191.37866
5161,2013-12-20 05:10:00,142.15965
5161,2013-12-20 05:20:00,163.77124
5161,2013-12-20 05:30:00,186.41087
5161,2013-12-20 05:40:00,174.1565
5161,2013-12-20 05:50:00,208.78217
5161,2013-12-20 06:00:00,232.60472
5161,2013-12-20 06:10:00,239.04327
5161,2013-12-20 06:20:00,270.35873
5161,2013-12-20 06:30:00,315.4997
5161,2013-12-20 06:40:00,319.71826
5161,2013-12-20 06:50:00,377.85233
5161,2013-12-20 07:00:00,352.55075
5161,2013-12-20 07:10:00,383.3799
5161,2013-12-20 07:20:00,457.79138
5161,2013-12-20 07:30:00,519.1235
5161,2013-12-20 07:40:00,592.0156
5161,2013-12-20 07:50:00,682.51196
5161,2013-12-20 08:00:00,815.2566
5161,2013-12-20 08:10:00,893.1666
5161,2013-12-20 08:20:00,951.8006
5161,2013-12-20 08:30:00,889.6657
5161,2013-12-20 08:40:00,1044.0208
5161,2013-12-20 08:50:00,1141.5233
5161,2013-12-20 09:00:00,1331.022
5161,2013-12-20 09:10:00,1221.182
5161,2013-12-20 09:20:00,1363.3949
5161,2013-12-20 09:30:00,1549.3873
5161,2013-12-20 09:40:00,1544.8607
5161,2013-12-20 09:50:00,1697.7924
5161,2013-12-20 10:00:00,1738.7125
5161,2013-12-20 10:10:00,1758.3699
5161,2013-12-20 10:20:00,1717.3818
5161,2013-12-20 10:30:00,2046.7505
5161,2013-12-20 10:40:00,1989.8289
5161,2013-12-20 10:50:00,2381.0547
5161,2013-12-20 11:00:00,2271.2346
5161,2013-12-20 11:10:00,2400.4788
5161,2013-12-20 11:20:00,2226.8408
5161,2013-12-20 11:30:00,2358.4517
5161,2013-12-20 11:40:00,2492.564
5161,2013-12-20 11:50:00,2654.9883
5161,2013-12-20 12:00:00,2834.7441
5161,2013-12-20 12:10:00,2796.3367
5161,2013-12-20 12:20:00,3057.3894
5161,2013-12-20 12:30:00,3188.3403
5161,2013-12-20 12:40:00,3221.681
5161,2013-12-20 12:50:00,3524.6064
5161,2013-12-20 13:00:00,3223.6047
5161,2013-12-20 13:10:00,3420.8806
5161,2013-12-20 13:20:00,3430.3384
5161,2013-12-20 13:30:00,3298.1099
5161,2013-12-20 13:40:00,3026.8647
5161,2013-12-20 13:50:00,3372.5327
5161,2013-12-20 14:00:00,3101.176
5161,2013-12-20 14:10:00,3045.3306
5161,2013-12-20 14:20:00,3055.932
5161,2013-12-20 14:30:00,2986.7651
5161,2013-12-20 14:40:00,3136.2236
5161,2013-12-20 14:50:00,3131.0835
5161,2013-12-20 15:00:00,3260.1055
5161,2013-12-20 15:10:00,3274.4448
5161,2013-12-20 15:20:00,3278.2551
5161,2013-12-20 15:30:00,3278.9111
5161,2013-12-20 15:40:00,3529.7249
5161,2013-12-20 15:50:00,3394.1943
5161,2013-12-20 16:00:00,3234.207
5161,2013-12-20 16:10:00,3389.9429
5161,2013-12-20 16:20:00,3076.8206
5161,2013-12-20 16:30:00,3169.0256
5161,2013-12-20 16:40:00,3152.8132
5161,2013-12-20 16:50:00,2945.257
5161,2013-12-20 17:00:00,2751.2407
5161,2013-12-20 17:10:00,2526.0862
5161,2013-12-20 17:20:00,2513.12
5161,2013-12-20 17:30:00,2452.489
5161,2013-12-20 17:40:00,2226.295
5161,2013-12-20 17:50:00,2231.8542
5161,2013-12-20 18:00:00,2045.1724
5161,2013-12-20 18:10:00,1932.1818
5161,2013-12-20 18:20:00,1809.0939
5161,2013-12-20 18:30:00,1682.2748
5161,2013-12-20 18:40:00,1658.5394
5161,2013-12-20 18:50:00,1627.1318
5161,2013-12-20 19:00:00,1571.7871
5161,2013-12-20 19:10:00,1417.9408
5161,2013-12-20 19:20:00,1296.3013
5161,2013-12-20 19:30:00,1142.2091
5161,2013-12-20 19:40:00,1166.7402
5161,2013-12-20 19:50:00,1058.7
5161,2013-12-20 20:00:00,881.5584
5161,2013-12-20 20:10:00,897.3151
5161,2013-12-20 20:20:00,777.0237
5161,2013-12-20 20:30:00,764.11475
5161,2013-12-20 20:40:00,716.72864
5161,2013-12-20 20:50:00,641.44116
5161,2013-12-20 21:00:00,796.38336
5161,2013-12-20 21:10:00,612.7666
5161,2013-12-20 21:20:00,640.7963
5161,2013-12-20 21:30:00,594.87897
5161,2013-12-20 21:40:00,603.3621
5161,2013-12-20 21:50:00,514.1577
5161,2013-12-20 22:00:00,460.33047
5161,2013-12-20 22:10:00,372.44223
5161,2013-12-20 22:20:00,336.6107
5161,2013-12-20 22:30:00,280.37225
5161,2013-12-20 22:40:00,322.41583
5161,2013-12-20 22:50:00,283.0952
5161,2013-12-20 23:00:00,408.79404
5161,2013-12-20 23:10:00,251.38527
5161,2013-12-20 23:20:00,240.89424
5161,2013-12-20 23:30:00,218.96947
5161,2013-12-20 23:40:00,215.77422
5161,2013-12-20 23:50:00,185.72182
5161,2013-12-21 00:00:00,219.38432
5161,2013-12-21 00:10:00,211.29134
5161,2013-12-21 00:20:00,178.29422
5161,2013-12-21 00:30:00,155.89795
5161,2013-12-21 00:40:00,151.62741
5161,2013-12-21 00:50:00,149.15114
5161,2013-12-21 01:00:00,150.27457
5161,2013-12-21 01:10:00,152.6425
5161,2013-12-21 01:20:00,146.2899
5161,2013-12-21 01:30:00,124.0086
5161,2013-12-21 01:40:00,140.75584
5161,2013-12-21 01:50:00,125.731995
5161,2013-12-21 02:00:00,123.58931
5161,2013-12-21 02:10:00,146.92789
5161,2013-12-21 02:20:00,124.38357
5161,2013-12-21 02:30:00,133.63643
5161,2013-12-21 02:40:00,151.0685
5161,2013-12-21 02:50:00,124.377426
5161,2013-12-21 03:00:00,127.7924
5161,2013-12-21 03:10:00,139.45918
5161,2013-12-21 03:20:00,113.931465
5161,2013-12-21 03:30:00,122.52346
5161,2013-12-21 03:40:00,140.0016
5161,2013-12-21 03:50:00,114.012665
5161,2013-12-21 04:00:00,134.51648
5161,2013-12-21 04:10:00,143.63506
5161,2013-12-21 04:20:00,108.21252
5161,2013-12-21 04:30:00,125.43553
5161,2013-12-21 04:40:00,124.96249
5161,2013-12-21 04:50:00,126.73487
5161,2013-12-21 05:00:00,122.21121
5161,2013-12-21 05:10:00,121.18922
5161,2013-12-21 05:20:00,108.15403
5161,2013-12-21 05:30:00,142.08627
5161,2013-12-21 05:40:00,152.99304
5161,2013-12-21 05:50:00,118.656975
5161,2013-12-21 06:00:00,147.33125
5161,2013-12-21 06:10:00,190.5125
5161,2013-12-21 06:20:00,157.04753
5161,2013-12-21 06:30:00,164.99596
5161,2013-12-21 06:40:00,186.3249
5161,2013-12-21 06:50:00,186.68721
5161,2013-12-21 07:00:00,205.55937
5161,2013-12-21 07:10:00,196.1886
5161,2013-12-21 07:20:00,191.43243
5161,2013-12-21 07:30:00,309.6655
5161,2013-12-21 07:40:00,279.31418
5161,2013-12-21 07:50:00,268.88684
5161,2013-12-21 08:00:00,373.0303
5161,2013-12-21 08:10:00,390.93958
5161,2013-12-21 08:20:00,502.5741
5161,2013-12-21 08:30:00,582.16016
5161,2013-12-21 08:40:00,601.16113
5161,2013-12-21 08:50:00,754.68195
5161,2013-12-21 09:00:00,991.0584
5161,2013-12-21 09:10:00,1191.5289
5161,2013-12-21 09:20:00,1183.1973
5161,2013-12-21 09:30:00,1464.5922
5161,2013-12-21 09:40:00,1627.2997
5161,2013-12-21 09:50:00,1823.7963
5161,2013-12-21 10:00:00,1806.946
5161,2013-12-21 10:10:00,2013.1069
5161,2013-12-21 10:20:00,2429.8337
5161,2013-12-21 10:30:00,2454.5312
5161,2013-12-21 10:40:00,2610.0925
5161,2013-12-21 10:50:00,3039.9407
5161,2013-12-21 11:00:00,3289.7625
5161,2013-12-21 11:10:00,3277.9907
5161,2013-12-21 11:20:00,3280.9685
5161,2013-12-21 11:30:00,3712.048
5161,2013-12-21 11:40:00,3323.208
5161,2013-12-21 11:50:00,3579.2656
5161,2013-12-21 12:00:00,3672.2627
5161,2013-12-21 12:10:00,3719.9592
5161,2013-12-21 12:20:00,3381.267
5161,2013-12-21 12:30:00,3742.5396
5161,2013-12-21 12:40:00,3613.5344
5161,2013-12-21 12:50:00,3626.5444
5161,2013-12-21 13:00:00,3952.7932
5161,2013-12-21 13:10:00,4221.1035
5161,2013-12-21 13:20:00,4256.292
5161,2013-12-21 13:30:00,4343.9814
5161,2013-12-21 13:40:00,4247.0474
5161,2013-12-21 13:50:00,4482.817
5161,2013-12-21 14:00:00,4332.155
5161,2013-12-21 14:10:00,4579.6787
5161,2013-12-21 14:20:00,4600.0444
5161,2013-12-21 14:30:00,4888.6743
5161,2013-12-21 14:40:00,4814.1216
5161,2013-12-21 14:50:00,5115.5303
5161,2013-12-21 15:00:00,4931.132
5161,2013-12-21 15:10:00,5197.4214
5161,2013-12-21 15:20:00,5152.1006
5161,2013-12-21 15:30:00,5161.938
5161,2013-12-21 15:40:00,5238.3193
5161,2013-12-21 15:50:00,5195.2695
5161,2013-12-21 16:00:00,5096.8105
5161,2013-12-21 16:10:00,4723.406
5161,2013-12-21 16:20:00,4707.66
5161,2013-12-21 16:30:00,4619.0444
5161,2013-12-21 16:40:00,4474.9863
5161,2013-12-21 16:50:00,4293.826
5161,2013-12-21 17:00:00,4229.715
5161,2013-12-21 17:10:00,3847.8635
5161,2013-12-21 17:20:00,3759.3162
5161,2013-12-21 17:30:00,3328.4038
5161,2013-12-21 17:40:00,3298.8416
5161,2013-12-21 17:50:00,3376.934
5161,2013-12-21 18:00:00,3115.2852
5161,2013-12-21 18:10:00,2839.4736
5161,2013-12-21 18:20:00,2628.2603
5161,2013-12-21 18:30:00,2649.7197
5161,2013-12-21 18:40:00,2409.6824
5161,2013-12-21 18:50:00,2318.0325
5161,2013-12-21 19:00:00,2096.1624
5161,2013-12-21 19:10:00,1898.765
5161,2013-12-21 19:20:00,1636.9043
5161,2013-12-21 19:30:00,1420.6627
5161,2013-12-21 19:40:00,1195.5848
5161,2013-12-21 19:50:00,1291.7339
5161,2013-12-21 20:00:00,1121.3544
5161,2013-12-21 20:10:00,1123.2998
5161,2013-12-21 20:20:00,1009.4167
5161,2013-12-21 20:30:00,1009.5737
5161,2013-12-21 20:40:00,845.9599
5161,2013-12-21 20:50:00,824.4452
5161,2013-12-21 21:00:00,1049.9863
5161,2013-12-21 21:10:00,899.4314
5161,2013-12-21 21:20:00,778.83716
5161,2013-12-21 21:30:00,784.3658
5161,2013-12-21 21:40:00,847.26514
5161,2013-12-21 21:50:00,807.616
5161,2013-12-21 22:00:00,717.5035
5161,2013-12-21 22:10:00,554.8814
5161,2013-12-21 22:20:00,431.04718
5161,2013-12-21 22:30:00,450.61215
5161,2013-12-21 22:40:00,378.2581
5161,2013-12-21 22:50:00,413.0446
5161,2013-12-21 23:00:00,416.8296
5161,2013-12-21 23:10:00,471.00955
5161,2013-12-21 23:20:00,364.3126
5161,2013-12-21 23:30:00,317.07718
5161,2013-12-21 23:40:00,296.8996
5161,2013-12-21 23:50:00,202.74721
5161,2013-12-22 00:00:00,218.88101
5161,2013-12-22 00:10:00,220.17166
5161,2013-12-22 00:20:00,203.0266
5161,2013-12-22 00:30:00,209.5705
5161,2013-12-22 00:40:00,187.73396
5161,2013-12-22 00:50:00,179.95674
5161,2013-12-22 01:00:00,176.40178
5161,2013-12-22 01:10:00,158.61143
5161,2013-12-22 01:20:00,179.7534
5161,2013-12-22 01:30:00,155.42879
5161,2013-12-22 01:40:00,161.61684
5161,2013-12-22 01:50:00,163.42894
5161,2013-12-22 02:00:00,154.28816
5161,2013-12-22 02:10:00,142.01357
5161,2013-12-22 02:20:00,155.68127
5161,2013-12-22 02:30:00,147.15718
5161,2013-12-22 02:40:00,156.03911
5161,2013-12-22 02:50:00,151.39172
5161,2013-12-22 03:00:00,144.24457
5161,2013-12-22 03:10:00,145.34608
5161,2013-12-22 03:20:00,149.29715
5161,2013-12-22 03:30:00,156.20477
5161,2013-12-22 03:40:00,148.22444
5161,2013-12-22 03:50:00,137.28139
5161,2013-12-22 04:00:00,175.68718
5161,2013-12-22 04:10:00,188.8816
5161,2013-12-22 04:20:00,153.52303
5161,2013-12-22 04:30:00,166.23944
5161,2013-12-22 04:40:00,139.73802
5161,2013-12-22 04:50:00,167.06377
5161,2013-12-22 05:00:00,157.21971
5161,2013-12-22 05:10:00,191.82173
5161,2013-12-22 05:20:00,174.44112
5161,2013-12-22 05:30:00,181.11992
5161,2013-12-22 05:40:00,198.58919
5161,2013-12-22 05:50:00,175.94362
5161,2013-12-22 06:00:00,185.95343
5161,2013-12-22 06:10:00,169.4521
5161,2013-12-22 06:20:00,143.36398
5161,2013-12-22 06:30:00,193.89926
5161,2013-12-22 06:40:00,184.47607
5161,2013-12-22 06:50:00,240.31914
5161,2013-12-22 07:00:00,326.52258
5161,2013-12-22 07:10:00,215.69339
5161,2013-12-22 07:20:00,260.60254
5161,2013-12-22 07:30:00,264.78928
5161,2013-12-22 07:40:00,250.56296
5161,2013-12-22 07:50:00,314.787
5161,2013-12-22 08:00:00,313.99716
5161,2013-12-22 08:10:00,307.73666
5161,2013-12-22 08:20:00,368.32416
5161,2013-12-22 08:30:00,479.69916
5161,2013-12-22 08:40:00,485.31552
5161,2013-12-22 08:50:00,637.48254
5161,2013-12-22 09:00:00,769.5695
5161,2013-12-22 09:10:00,1042.939
5161,2013-12-22 09:20:00,1120.0114
5161,2013-12-22 09:30:00,1506.1578
5161,2013-12-22 09:40:00,1612.749
5161,2013-12-22 09:50:00,1948.4683
5161,2013-12-22 10:00:00,1964.9064
5161,2013-12-22 10:10:00,2264.9587
5161,2013-12-22 10:20:00,2556.0422
5161,2013-12-22 10:30:00,2781.1304
5161,2013-12-22 10:40:00,2721.041
5161,2013-12-22 10:50:00,2945.836
5161,2013-12-22 11:00:00,3088.5342
5161,2013-12-22 11:10:00,3307.9297
5161,2013-12-22 11:20:00,3401.1375
5161,2013-12-22 11:30:00,3480.9958
5161,2013-12-22 11:40:00,3382.0596
5161,2013-12-22 11:50:00,3540.3796
5161,2013-12-22 12:00:00,3520.159
5161,2013-12-22 12:10:00,3635.4126
5161,2013-12-22 12:20:00,3604.9355
5161,2013-12-22 12:30:00,3322.62
5161,2013-12-22 12:40:00,3709.6125
5161,2013-12-22 12:50:00,3698.953
5161,2013-12-22 13:00:00,3807.0195
5161,2013-12-22 13:10:00,3881.282
5161,2013-12-22 13:20:00,4090.7812
5161,2013-12-22 13:30:00,4110.3506
5161,2013-12-22 13:40:00,4074.694
5161,2013-12-22 13:50:00,3939.6633
5161,2013-12-22 14:00:00,4441.4775
5161,2013-12-22 14:10:00,4475.815
5161,2013-12-22 14:20:00,4638.5596
5161,2013-12-22 14:30:00,4911.654
5161,2013-12-22 14:40:00,4693.617
5161,2013-12-22 14:50:00,4772.321
5161,2013-12-22 15:00:00,4917.944
5161,2013-12-22 15:10:00,5202.037
5161,2013-12-22 15:20:00,5496.4404
5161,2013-12-22 15:30:00,5148.8115
5161,2013-12-22 15:40:00,5170.4727
5161,2013-12-22 15:50:00,5197.569
5161,2013-12-22 16:00:00,5111.876
5161,2013-12-22 16:10:00,5203.0317
5161,2013-12-22 16:20:00,4704.4346
5161,2013-12-22 16:30:00,4574.6064
5161,2013-12-22 16:40:00,4689.8677
5161,2013-12-22 16:50:00,4508.6577
5161,2013-12-22 17:00:00,4076.4365
5161,2013-12-22 17:10:00,3945.8662
5161,2013-12-22 17:20:00,3792.1099
5161,2013-12-22 17:30:00,3426.2136
5161,2013-12-22 17:40:00,3258.95
5161,2013-12-22 17:50:00,3132.6306
5161,2013-12-22 18:00:00,2755.7332
5161,2013-12-22 18:10:00,2439.4658
5161,2013-12-22 18:20:00,2133.372
5161,2013-12-22 18:30:00,1886.3403
5161,2013-12-22 18:40:00,1736.2622
5161,2013-12-22 18:50:00,1414.5424
5161,2013-12-22 19:00:00,1426.4116
5161,2013-12-22 19:10:00,1313.5432
5161,2013-12-22 19:20:00,1210.7015
5161,2013-12-22 19:30:00,1004.9643
5161,2013-12-22 19:40:00,878.2758
5161,2013-12-22 19:50:00,916.84094
5161,2013-12-22 20:00:00,756.34454
5161,2013-12-22 20:10:00,573.801
5161,2013-12-22 20:20:00,561.53125
5161,2013-12-22 20:30:00,604.3314
5161,2013-12-22 20:40:00,415.2736
5161,2013-12-22 20:50:00,512.7652
5161,2013-12-22 21:00:00,696.9035
5161,2013-12-22 21:10:00,547.44727
5161,2013-12-22 21:20:00,431.02182
5161,2013-12-22 21:30:00,381.10562
5161,2013-12-22 21:40:00,402.65027
5161,2013-12-22 21:50:00,363.70206
5161,2013-12-22 22:00:00,364.70593
5161,2013-12-22 22:10:00,293.6267
5161,2013-12-22 22:20:00,271.79803
5161,2013-12-22 22:30:00,254.00237
5161,2013-12-22 22:40:00,280.6933
5161,2013-12-22 22:50:00,230.58522
5161,2013-12-22 23:00:00,387.96762
5161,2013-12-22 23:10:00,304.68597
5161,2013-12-22 23:20:00,224.13417
5161,2013-12-22 23:30:00,207.78978
5161,2013-12-22 23:40:00,174.19856
5161,2013-12-22 23:50:00,156.3859
5161,2013-12-23 00:00:00,171.40196
5161,2013-12-23 00:10:00,182.20656
5161,2013-12-23 00:20:00,152.66039
5161,2013-12-23 00:30:00,154.74796
5161,2013-12-23 00:40:00,180.65022
5161,2013-12-23 00:50:00,137.16321
5161,2013-12-23 01:00:00,144.59659
5161,2013-12-23 01:10:00,162.69023
5161,2013-12-23 01:20:00,129.4593
5161,2013-12-23 01:30:00,131.64513
5161,2013-12-23 01:40:00,146.107
5161,2013-12-23 01:50:00,128.58498
5161,2013-12-23 02:00:00,121.3954
5161,2013-12-23 02:10:00,145.62874
5161,2013-12-23 02:20:00,132.18423
5161,2013-12-23 02:30:00,168.81944
5161,2013-12-23 02:40:00,142.09857
5161,2013-12-23 02:50:00,115.9805
5161,2013-12-23 03:00:00,118.83003
5161,2013-12-23 03:10:00,151.54852
5161,2013-12-23 03:20:00,145.02596
5161,2013-12-23 03:30:00,125.90408
5161,2013-12-23 03:40:00,131.97104
5161,2013-12-23 03:50:00,126.833435
5161,2013-12-23 04:00:00,125.809425
5161,2013-12-23 04:10:00,165.01137
5161,2013-12-23 04:20:00,112.958824
5161,2013-12-23 04:30:00,139.97197
5161,2013-12-23 04:40:00,156.30774
5161,2013-12-23 04:50:00,157.82397
5161,2013-12-23 05:00:00,132.26828
5161,2013-12-23 05:10:00,142.93729
5161,2013-12-23 05:20:00,126.29489
5161,2013-12-23 05:30:00,121.931404
5161,2013-12-23 05:40:00,160.98196
5161,2013-12-23 05:50:00,157.02063
5161,2013-12-23 06:00:00,144.87556
5161,2013-12-23 06:10:00,176.7141
5161,2013-12-23 06:20:00,209.23477
5161,2013-12-23 06:30:00,214.90529
5161,2013-12-23 06:40:00,211.73691
5161,2013-12-23 06:50:00,253.66902
5161,2013-12-23 07:00:00,308.77695
5161,2013-12-23 07:10:00,367.24094
5161,2013-12-23 07:20:00,373.24963
5161,2013-12-23 07:30:00,411.7278
5161,2013-12-23 07:40:00,466.16205
5161,2013-12-23 07:50:00,521.6106
5161,2013-12-23 08:00:00,571.05524
5161,2013-12-23 08:10:00,663.8134
5161,2013-12-23 08:20:00,692.7936
5161,2013-12-23 08:30:00,820.35205
5161,2013-12-23 08:40:00,895.6213
5161,2013-12-23 08:50:00,924.09894
5161,2013-12-23 09:00:00,1099.8231
5161,2013-12-23 09:10:00,1265.6769
5161,2013-12-23 09:20:00,1368.7413
5161,2013-12-23 09:30:00,1646.1821
5161,2013-12-23 09:40:00,2077.1697
5161,2013-12-23 09:50:00,2258.7212
5161,2013-12-23 10:00:00,2432.328
5161,2013-12-23 10:10:00,2650.9575
5161,2013-12-23 10:20:00,2716.2898
5161,2013-12-23 10:30:00,3044.164
5161,2013-12-23 10:40:00,3261.487
5161,2013-12-23 10:50:00,3462.7134
5161,2013-12-23 11:00:00,3666.0515
5161,2013-12-23 11:10:00,3914.9475
5161,2013-12-23 11:20:00,3766.8987
5161,2013-12-23 11:30:00,4210.625
5161,2013-12-23 11:40:00,4147.826
5161,2013-12-23 11:50:00,4162.5615
5161,2013-12-23 12:00:00,4128.7314
5161,2013-12-23 12:10:00,4495.744
5161,2013-12-23 12:20:00,4276.803
5161,2013-12-23 12:30:00,4533.9043
5161,2013-12-23 12:40:00,4463.2026
5161,2013-12-23 12:50:00,4623.145
5161,2013-12-23 13:00:00,4400.665
5161,2013-12-23 13:10:00,4527.6377
5161,2013-12-23 13:20:00,4127.6343
5161,2013-12-23 13:30:00,4316.213
5161,2013-12-23 13:40:00,3928.225
5161,2013-12-23 13:50:00,4102.658
5161,2013-12-23 14:00:00,4205.926
5161,2013-12-23 14:10:00,3968.3555
5161,2013-12-23 14:20:00,4051.7185
5161,2013-12-23 14:30:00,4362.942
5161,2013-12-23 14:40:00,4248.6343
5161,2013-12-23 14:50:00,4230.3643
5161,2013-12-23 15:00:00,4216.8286
5161,2013-12-23 15:10:00,4286.039
5161,2013-12-23 15:20:00,4414.342
5161,2013-12-23 15:30:00,4398.8384
5161,2013-12-23 15:40:00,4582.3657
5161,2013-12-23 15:50:00,4244.6826
5161,2013-12-23 16:00:00,4124.8643
5161,2013-12-23 16:10:00,3930.9282
5161,2013-12-23 16:20:00,3994.6526
5161,2013-12-23 16:30:00,3798.7205
5161,2013-12-23 16:40:00,3861.3354
5161,2013-12-23 16:50:00,3540.2705
5161,2013-12-23 17:00:00,3320.3906
5161,2013-12-23 17:10:00,3351.3633
5161,2013-12-23 17:20:00,3193.0884
5161,2013-12-23 17:30:00,3101.5002
5161,2013-12-23 17:40:00,3071.4731
5161,2013-12-23 17:50:00,2614.3884
5161,2013-12-23 18:00:00,2346.2556
5161,2013-12-23 18:10:00,2013.7988
5161,2013-12-23 18:20:00,2200.6528
5161,2013-12-23 18:30:00,1790.6019
5161,2013-12-23 18:40:00,1580.1117
5161,2013-12-23 18:50:00,1568.4008
5161,2013-12-23 19:00:00,1323.6715
5161,2013-12-23 19:10:00,1360.538
5161,2013-12-23 19:20:00,1215.4615
5161,2013-12-23 19:30:00,1029.1356
5161,2013-12-23 19:40:00,974.78357
5161,2013-12-23 19:50:00,750.10986
5161,2013-12-23 20:00:00,718.4207
5161,2013-12-23 20:10:00,616.5672
5161,2013-12-23 20:20:00,507.14236
5161,2013-12-23 20:30:00,529.56836
5161,2013-12-23 20:40:00,504.90067
5161,2013-12-23 20:50:00,502.33563
5161,2013-12-23 21:00:00,504.33264
5161,2013-12-23 21:10:00,463.7892
5161,2013-12-23 21:20:00,463.16937
5161,2013-12-23 21:30:00,348.60342
5161,2013-12-23 21:40:00,262.72617
5161,2013-12-23 21:50:00,265.33228
5161,2013-12-23 22:00:00,318.04633
5161,2013-12-23 22:10:00,245.35753
5161,2013-12-23 22:20:00,216.56973
5161,2013-12-23 22:30:00,214.6679
5161,2013-12-23 22:40:00,208.97893
5161,2013-12-23 22:50:00,249.96558
5161,2013-12-23 23:00:00,253.21288
5161,2013-12-23 23:10:00,221.08675
5161,2013-12-23 23:20:00,234.42375
5161,2013-12-23 23:30:00,170.65128
5161,2013-12-23 23:40:00,125.93652
5161,2013-12-23 23:50:00,139.2064
5161,2013-12-24 00:00:00,156.68678
5161,2013-12-24 00:10:00,118.58636
5161,2013-12-24 00:20:00,126.98709
5161,2013-12-24 00:30:00,125.92778
5161,2013-12-24 00:40:00,121.30371
5161,2013-12-24 00:50:00,110.9219
5161,2013-12-24 01:00:00,115.736694
5161,2013-12-24 01:10:00,117.425964
5161,2013-12-24 01:20:00,114.94545
5161,2013-12-24 01:30:00,101.52845
5161,2013-12-24 01:40:00,91.70531
5161,2013-12-24 01:50:00,113.896675
5161,2013-12-24 02:00:00,93.20104
5161,2013-12-24 02:10:00,103.97268
5161,2013-12-24 02:20:00,105.538895
5161,2013-12-24 02:30:00,89.307625
5161,2013-12-24 02:40:00,103.471756
5161,2013-12-24 02:50:00,103.58887
5161,2013-12-24 03:00:00,102.25544
5161,2013-12-24 03:10:00,94.52494
5161,2013-12-24 03:20:00,101.440765
5161,2013-12-24 03:30:00,91.048706
5161,2013-12-24 03:40:00,107.954285
5161,2013-12-24 03:50:00,105.8732
5161,2013-12-24 04:00:00,105.84139
5161,2013-12-24 04:10:00,109.27943
5161,2013-12-24 04:20:00,126.06657
5161,2013-12-24 04:30:00,162.88985
5161,2013-12-24 04:40:00,103.49644
5161,2013-12-24 04:50:00,138.73178
5161,2013-12-24 05:00:00,123.12823
5161,2013-12-24 05:10:00,119.966835
5161,2013-12-24 05:20:00,105.591644
5161,2013-12-24 05:30:00,133.68524
5161,2013-12-24 05:40:00,136.05928
5161,2013-12-24 05:50:00,155.52155
5161,2013-12-24 06:00:00,168.78513
5161,2013-12-24 06:10:00,144.69595
5161,2013-12-24 06:20:00,141.65955
5161,2013-12-24 06:30:00,153.12341
5161,2013-12-24 06:40:00,155.48387
5161,2013-12-24 06:50:00,155.26463
5161,2013-12-24 07:00:00,210.57141
5161,2013-12-24 07:10:00,218.13678
5161,2013-12-24 07:20:00,242.0293
5161,2013-12-24 07:30:00,324.28372
5161,2013-12-24 07:40:00,344.61084
5161,2013-12-24 07:50:00,346.4423
5161,2013-12-24 08:00:00,427.34073
5161,2013-12-24 08:10:00,529.75146
5161,2013-12-24 08:20:00,473.2872
5161,2013-12-24 08:30:00,637.24634
5161,2013-12-24 08:40:00,657.1186
5161,2013-12-24 08:50:00,827.3773
5161,2013-12-24 09:00:00,1076.7484
5161,2013-12-24 09:10:00,1261.4844
5161,2013-12-24 09:20:00,1197.858
5161,2013-12-24 09:30:00,1317.4525
5161,2013-12-24 09:40:00,1222.1345
5161,2013-12-24 09:50:00,1396.3307
5161,2013-12-24 10:00:00,1654.1324
5161,2013-12-24 10:10:00,1588.633
5161,2013-12-24 10:20:00,1559.4297
5161,2013-12-24 10:30:00,1766.0184
5161,2013-12-24 10:40:00,1957.2017
5161,2013-12-24 10:50:00,1787.0159
5161,2013-12-24 11:00:00,2067.197
5161,2013-12-24 11:10:00,2252.8914
5161,2013-12-24 11:20:00,2483.7175
5161,2013-12-24 11:30:00,2337.704
5161,2013-12-24 11:40:00,2345.8633
5161,2013-12-24 11:50:00,2384.47
5161,2013-12-24 12:00:00,2493.18
5161,2013-12-24 12:10:00,2504.7717
5161,2013-12-24 12:20:00,2447.721
5161,2013-12-24 12:30:00,2469.4617
5161,2013-12-24 12:40:00,2481.2612
5161,2013-12-24 12:50:00,2351.2896
5161,2013-12-24 13:00:00,2613.4265
5161,2013-12-24 13:10:00,2542.6057
5161,2013-12-24 13:20:00,2751.5667
5161,2013-12-24 13:30:00,2433.881
5161,2013-12-24 13:40:00,2466.985
5161,2013-12-24 13:50:00,2486.0442
5161,2013-12-24 14:00:00,2504.1924
5161,2013-12-24 14:10:00,2417.3242
5161,2013-12-24 14:20:00,2470.6135
5161,2013-12-24 14:30:00,2281.6875
5161,2013-12-24 14:40:00,2568.5056
5161,2013-12-24 14:50:00,2329.7815
5161,2013-12-24 15:00:00,2747.0793
5161,2013-12-24 15:10:00,2380.9866
5161,2013-12-24 15:20:00,2508.9277
5161,2013-12-24 15:30:00,2444.684
5161,2013-12-24 15:40:00,2273.9004
5161,2013-12-24 15:50:00,2420.4429
5161,2013-12-24 16:00:00,2384.868
5161,2013-12-24 16:10:00,2231.7563
5161,2013-12-24 16:20:00,2188.948
5161,2013-12-24 16:30:00,2004.6101
5161,2013-12-24 16:40:00,1843.4464
5161,2013-12-24 16:50:00,1783.6742
5161,2013-12-24 17:00:00,1636.8573
5161,2013-12-24 17:10:00,1592.1233
5161,2013-12-24 17:20:00,1474.892
5161,2013-12-24 17:30:00,1297.6776
5161,2013-12-24 17:40:00,1261.2616
5161,2013-12-24 17:50:00,1063.7296
5161,2013-12-24 18:00:00,989.6221
5161,2013-12-24 18:10:00,873.9454
5161,2013-12-24 18:20:00,643.98535
5161,2013-12-24 18:30:00,656.6933
5161,2013-12-24 18:40:00,506.99002
5161,2013-12-24 18:50:00,478.45062
5161,2013-12-24 19:00:00,432.73892
5161,2013-12-24 19:10:00,384.31744
5161,2013-12-24 19:20:00,289.7796
5161,2013-12-24 19:30:00,279.01456
5161,2013-12-24 19:40:00,231.64893
5161,2013-12-24 19:50:00,220.40733
5161,2013-12-24 20:00:00,193.73975
5161,2013-12-24 20:10:00,197.98705
5161,2013-12-24 20:20:00,170.4505
5161,2013-12-24 20:30:00,205.69765
5161,2013-12-24 20:40:00,239.83789
5161,2013-12-24 20:50:00,247.54008
5161,2013-12-24 21:00:00,286.58636
5161,2013-12-24 21:10:00,315.04074
5161,2013-12-24 21:20:00,250.54825
5161,2013-12-24 21:30:00,311.02136
5161,2013-12-24 21:40:00,213.5588
5161,2013-12-24 21:50:00,227.2678
5161,2013-12-24 22:00:00,258.96967
5161,2013-12-24 22:10:00,252.8248
5161,2013-12-24 22:20:00,252.58174
5161,2013-12-24 22:30:00,231.34187
5161,2013-12-24 22:40:00,252.81104
5161,2013-12-24 22:50:00,248.0732
5161,2013-12-24 23:00:00,262.66678
5161,2013-12-24 23:10:00,282.27084
5161,2013-12-24 23:20:00,240.3304
5161,2013-12-24 23:30:00,268.70053
5161,2013-12-24 23:40:00,273.87357
5161,2013-12-24 23:50:00,234.17815
5161,2013-12-25 00:00:00,245.47694
5161,2013-12-25 00:10:00,275.93823
5161,2013-12-25 00:20:00,204.82622
5161,2013-12-25 00:30:00,186.51929
5161,2013-12-25 00:40:00,161.7584
5161,2013-12-25 00:50:00,93.89721
5161,2013-12-25 01:00:00,99.86496
5161,2013-12-25 01:10:00,91.15435
5161,2013-12-25 01:20:00,77.68336
5161,2013-12-25 01:30:00,89.218025
5161,2013-12-25 01:40:00,85.73122
5161,2013-12-25 01:50:00,78.85064
5161,2013-12-25 02:00:00,87.32464
5161,2013-12-25 02:10:00,81.36372
5161,2013-12-25 02:20:00,70.004105
5161,2013-12-25 02:30:00,83.79843
5161,2013-12-25 02:40:00,87.92826
5161,2013-12-25 02:50:00,80.90904
5161,2013-12-25 03:00:00,87.25786
5161,2013-12-25 03:10:00,93.71093
5161,2013-12-25 03:20:00,73.18394
5161,2013-12-25 03:30:00,84.56369
5161,2013-12-25 03:40:00,80.45881
5161,2013-12-25 03:50:00,90.3407
5161,2013-12-25 04:00:00,87.38715
5161,2013-12-25 04:10:00,89.3843
5161,2013-12-25 04:20:00,71.889984
5161,2013-12-25 04:30:00,99.4418
5161,2013-12-25 04:40:00,81.195724
5161,2013-12-25 04:50:00,83.93994
5161,2013-12-25 05:00:00,96.07955
5161,2013-12-25 05:10:00,76.65878
5161,2013-12-25 05:20:00,70.77794
5161,2013-12-25 05:30:00,89.00169
5161,2013-12-25 05:40:00,88.724434
5161,2013-12-25 05:50:00,88.35095
5161,2013-12-25 06:00:00,109.76687
5161,2013-12-25 06:10:00,108.931694
5161,2013-12-25 06:20:00,105.87501
5161,2013-12-25 06:30:00,94.60649
5161,2013-12-25 06:40:00,94.15854
5161,2013-12-25 06:50:00,108.44181
5161,2013-12-25 07:00:00,90.85333
5161,2013-12-25 07:10:00,108.35461
5161,2013-12-25 07:20:00,97.59165
5161,2013-12-25 07:30:00,96.96249
5161,2013-12-25 07:40:00,112.36549
5161,2013-12-25 07:50:00,110.41415
5161,2013-12-25 08:00:00,98.146484
5161,2013-12-25 08:10:00,119.997955
5161,2013-12-25 08:20:00,132.06042
5161,2013-12-25 08:30:00,148.9381
5161,2013-12-25 08:40:00,130.30913
5161,2013-12-25 08:50:00,120.681984
5161,2013-12-25 09:00:00,146.49023
5161,2013-12-25 09:10:00,152.7354
5161,2013-12-25 09:20:00,133.11098
5161,2013-12-25 09:30:00,165.05013
5161,2013-12-25 09:40:00,153.39662
5161,2013-12-25 09:50:00,148.7004
5161,2013-12-25 10:00:00,145.2112
5161,2013-12-25 10:10:00,193.93742
5161,2013-12-25 10:20:00,162.19957
5161,2013-12-25 10:30:00,165.44107
5161,2013-12-25 10:40:00,191.2017
5161,2013-12-25 10:50:00,219.63542
5161,2013-12-25 11:00:00,218.78494
5161,2013-12-25 11:10:00,228.03105
5161,2013-12-25 11:20:00,203.72144
5161,2013-12-25 11:30:00,252.05296
5161,2013-12-25 11:40:00,242.11476
5161,2013-12-25 11:50:00,191.05612
5161,2013-12-25 12:00:00,217.37732
5161,2013-12-25 12:10:00,180.73232
5161,2013-12-25 12:20:00,207.14536
5161,2013-12-25 12:30:00,213.58626
5161,2013-12-25 12:40:00,184.063
5161,2013-12-25 12:50:00,236.63756
5161,2013-12-25 13:00:00,213.35312
5161,2013-12-25 13:10:00,242.0536
5161,2013-12-25 13:20:00,249.1389
5161,2013-12-25 13:30:00,219.15092
5161,2013-12-25 13:40:00,189.28578
5161,2013-12-25 13:50:00,229.5693
5161,2013-12-25 14:00:00,269.8791
5161,2013-12-25 14:10:00,191.45552
5161,2013-12-25 14:20:00,208.04674
5161,2013-12-25 14:30:00,203.2803
5161,2013-12-25 14:40:00,199.68906
5161,2013-12-25 14:50:00,185.0499
5161,2013-12-25 15:00:00,207.67747
5161,2013-12-25 15:10:00,235.06252
5161,2013-12-25 15:20:00,306.28116
5161,2013-12-25 15:30:00,233.5434
5161,2013-12-25 15:40:00,227.07477
5161,2013-12-25 15:50:00,270.12067
5161,2013-12-25 16:00:00,311.10468
5161,2013-12-25 16:10:00,372.60602
5161,2013-12-25 16:20:00,268.4303
5161,2013-12-25 16:30:00,342.45374
5161,2013-12-25 16:40:00,285.08386
5161,2013-12-25 16:50:00,281.04318
5161,2013-12-25 17:00:00,355.12708
5161,2013-12-25 17:10:00,385.1626
5161,2013-12-25 17:20:00,340.0088
5161,2013-12-25 17:30:00,347.14417
5161,2013-12-25 17:40:00,387.97818
5161,2013-12-25 17:50:00,375.73325
5161,2013-12-25 18:00:00,304.3189
5161,2013-12-25 18:10:00,332.4577
5161,2013-12-25 18:20:00,229.34702
5161,2013-12-25 18:30:00,299.42538
5161,2013-12-25 18:40:00,263.29025
5161,2013-12-25 18:50:00,241.6286
5161,2013-12-25 19:00:00,271.1192
5161,2013-12-25 19:10:00,312.1196
5161,2013-12-25 19:20:00,286.2292
5161,2013-12-25 19:30:00,233.61104
5161,2013-12-25 19:40:00,195.99893
5161,2013-12-25 19:50:00,135.34811
5161,2013-12-25 20:00:00,191.14009
5161,2013-12-25 20:10:00,192.79008
5161,2013-12-25 20:20:00,204.9822
5161,2013-12-25 20:30:00,167.41988
5161,2013-12-25 20:40:00,191.80083
5161,2013-12-25 20:50:00,204.98239
5161,2013-12-25 21:00:00,287.9885
5161,2013-12-25 21:10:00,283.54782
5161,2013-12-25 21:20:00,222.39688
5161,2013-12-25 21:30:00,172.57973
5161,2013-12-25 21:40:00,162.67377
5161,2013-12-25 21:50:00,166.70375
5161,2013-12-25 22:00:00,160.08624
5161,2013-12-25 22:10:00,127.24088
5161,2013-12-25 22:20:00,129.76907
5161,2013-12-25 22:30:00,114.1005
5161,2013-12-25 22:40:00,121.702415
5161,2013-12-25 22:50:00,157.68506
5161,2013-12-25 23:00:00,155.36644
5161,2013-12-25 23:10:00,141.59984
5161,2013-12-25 23:20:00,129.49828
5161,2013-12-25 23:30:00,122.49952
5161,2013-12-25 23:40:00,143.44322
5161,2013-12-25 23:50:00,86.85003
5161,2013-12-26 00:00:00,82.722336
5161,2013-12-26 00:10:00,111.07767
5161,2013-12-26 00:20:00,75.55292
5161,2013-12-26 00:30:00,81.00467
5161,2013-12-26 00:40:00,94.32446
5161,2013-12-26 00:50:00,85.12261
5161,2013-12-26 01:00:00,67.21853
5161,2013-12-26 01:10:00,71.25068
5161,2013-12-26 01:20:00,85.20127
5161,2013-12-26 01:30:00,83.77968
5161,2013-12-26 01:40:00,62.86263
5161,2013-12-26 01:50:00,66.74644
5161,2013-12-26 02:00:00,64.986916
5161,2013-12-26 02:10:00,58.530144
5161,2013-12-26 02:20:00,58.674625
5161,2013-12-26 02:30:00,62.37537
5161,2013-12-26 02:40:00,59.533688
5161,2013-12-26 02:50:00,67.07732
5161,2013-12-26 03:00:00,61.672897
5161,2013-12-26 03:10:00,55.795033
5161,2013-12-26 03:20:00,56.58735
5161,2013-12-26 03:30:00,70.66834
5161,2013-12-26 03:40:00,57.932156
5161,2013-12-26 03:50:00,59.450703
5161,2013-12-26 04:00:00,71.23831
5161,2013-12-26 04:10:00,79.72718
5161,2013-12-26 04:20:00,93.35339
5161,2013-12-26 04:30:00,86.04002
5161,2013-12-26 04:40:00,58.662785
5161,2013-12-26 04:50:00,68.99593
5161,2013-12-26 05:00:00,71.2866
5161,2013-12-26 05:10:00,69.69747
5161,2013-12-26 05:20:00,99.26978
5161,2013-12-26 05:30:00,84.059044
5161,2013-12-26 05:40:00,70.864
5161,2013-12-26 05:50:00,78.80812
5161,2013-12-26 06:00:00,107.42098
5161,2013-12-26 06:10:00,62.95394
5161,2013-12-26 06:20:00,90.14301
5161,2013-12-26 06:30:00,85.78348
5161,2013-12-26 06:40:00,62.07983
5161,2013-12-26 06:50:00,80.91209
5161,2013-12-26 07:00:00,84.521385
5161,2013-12-26 07:10:00,67.8887
5161,2013-12-26 07:20:00,103.74441
5161,2013-12-26 07:30:00,103.33533
5161,2013-12-26 07:40:00,80.40142
5161,2013-12-26 07:50:00,87.36154
5161,2013-12-26 08:00:00,119.424965
5161,2013-12-26 08:10:00,139.14174
5161,2013-12-26 08:20:00,152.12788
5161,2013-12-26 08:30:00,161.62611
5161,2013-12-26 08:40:00,171.39246
5161,2013-12-26 08:50:00,185.23932
5161,2013-12-26 09:00:00,165.74304
5161,2013-12-26 09:10:00,220.77295
5161,2013-12-26 09:20:00,274.113
5161,2013-12-26 09:30:00,328.2217
5161,2013-12-26 09:40:00,377.0441
5161,2013-12-26 09:50:00,370.2481
5161,2013-12-26 10:00:00,447.86493
5161,2013-12-26 10:10:00,535.10205
5161,2013-12-26 10:20:00,612.98846
5161,2013-12-26 10:30:00,612.6119
5161,2013-12-26 10:40:00,651.31024
5161,2013-12-26 10:50:00,717.5323
5161,2013-12-26 11:00:00,745.9503
5161,2013-12-26 11:10:00,717.6431
5161,2013-12-26 11:20:00,885.2928
5161,2013-12-26 11:30:00,766.6355
5161,2013-12-26 11:40:00,719.86945
5161,2013-12-26 11:50:00,780.539
5161,2013-12-26 12:00:00,751.6027
5161,2013-12-26 12:10:00,829.22784
5161,2013-12-26 12:20:00,755.64465
5161,2013-12-26 12:30:00,717.084
5161,2013-12-26 12:40:00,681.94403
5161,2013-12-26 12:50:00,682.1623
5161,2013-12-26 13:00:00,785.4915
5161,2013-12-26 13:10:00,903.8917
5161,2013-12-26 13:20:00,904.7247
5161,2013-12-26 13:30:00,884.27954
5161,2013-12-26 13:40:00,1008.8793
5161,2013-12-26 13:50:00,1026.0894
5161,2013-12-26 14:00:00,967.41003
5161,2013-12-26 14:10:00,1180.8157
5161,2013-12-26 14:20:00,974.1746
5161,2013-12-26 14:30:00,1256.2931
5161,2013-12-26 14:40:00,1359.2245
5161,2013-12-26 14:50:00,1347.0538
5161,2013-12-26 15:00:00,1524.5645
5161,2013-12-26 15:10:00,1613.5994
5161,2013-12-26 15:20:00,1572.1202
5161,2013-12-26 15:30:00,1718.123
5161,2013-12-26 15:40:00,1596.1735
5161,2013-12-26 15:50:00,1893.5548
5161,2013-12-26 16:00:00,1887.2803
5161,2013-12-26 16:10:00,1868.9379
5161,2013-12-26 16:20:00,1783.8673
5161,2013-12-26 16:30:00,1604.7354
5161,2013-12-26 16:40:00,1588.2617
5161,2013-12-26 16:50:00,1659.1935
5161,2013-12-26 17:00:00,1858.8931
5161,2013-12-26 17:10:00,1751.0048
5161,2013-12-26 17:20:00,1481.9669
5161,2013-12-26 17:30:00,1438.88
5161,2013-12-26 17:40:00,1372.4493
5161,2013-12-26 17:50:00,1176.1993
5161,2013-12-26 18:00:00,1175.2896
5161,2013-12-26 18:10:00,982.0433
5161,2013-12-26 18:20:00,977.0224
5161,2013-12-26 18:30:00,968.228
5161,2013-12-26 18:40:00,897.35315
5161,2013-12-26 18:50:00,727.9522
5161,2013-12-26 19:00:00,715.01276
5161,2013-12-26 19:10:00,715.75726
5161,2013-12-26 19:20:00,606.0844
5161,2013-12-26 19:30:00,522.1529
5161,2013-12-26 19:40:00,509.2339
5161,2013-12-26 19:50:00,431.69275
5161,2013-12-26 20:00:00,396.18155
5161,2013-12-26 20:10:00,298.06024
5161,2013-12-26 20:20:00,281.36417
5161,2013-12-26 20:30:00,278.5099
5161,2013-12-26 20:40:00,277.7443
5161,2013-12-26 20:50:00,317.29834
5161,2013-12-26 21:00:00,561.9517
5161,2013-12-26 21:10:00,465.12292
5161,2013-12-26 21:20:00,389.37503
5161,2013-12-26 21:30:00,322.56427
5161,2013-12-26 21:40:00,309.9239
5161,2013-12-26 21:50:00,252.32906
5161,2013-12-26 22:00:00,260.65005
5161,2013-12-26 22:10:00,231.09294
5161,2013-12-26 22:20:00,179.32077
5161,2013-12-26 22:30:00,172.90056
5161,2013-12-26 22:40:00,190.35431
5161,2013-12-26 22:50:00,139.28627
5161,2013-12-26 23:00:00,230.31035
5161,2013-12-26 23:10:00,176.69672
5161,2013-12-26 23:20:00,155.79388
5161,2013-12-26 23:30:00,138.11241
5161,2013-12-26 23:40:00,87.447876
5161,2013-12-26 23:50:00,87.89412
5161,2013-12-27 00:00:00,96.36503
5161,2013-12-27 00:10:00,82.572075
5161,2013-12-27 00:20:00,83.81084
5161,2013-12-27 00:30:00,93.931145
5161,2013-12-27 00:40:00,84.18954
5161,2013-12-27 00:50:00,70.33623
5161,2013-12-27 01:00:00,100.45917
5161,2013-12-27 01:10:00,80.54356
5161,2013-12-27 01:20:00,74.843506
5161,2013-12-27 01:30:00,84.3869
5161,2013-12-27 01:40:00,76.97683
5161,2013-12-27 01:50:00,68.81452
5161,2013-12-27 02:00:00,85.8648
5161,2013-12-27 02:10:00,78.68748
5161,2013-12-27 02:20:00,69.74979
5161,2013-12-27 02:30:00,87.9704
5161,2013-12-27 02:40:00,78.20025
5161,2013-12-27 02:50:00,68.24787
5161,2013-12-27 03:00:00,92.48058
5161,2013-12-27 03:10:00,75.27585
5161,2013-12-27 03:20:00,71.44469
5161,2013-12-27 03:30:00,90.89712
5161,2013-12-27 03:40:00,82.46469
5161,2013-12-27 03:50:00,70.33093
5161,2013-12-27 04:00:00,129.94646
5161,2013-12-27 04:10:00,92.52909
5161,2013-12-27 04:20:00,85.41279
5161,2013-12-27 04:30:00,94.47931
5161,2013-12-27 04:40:00,83.27555
5161,2013-12-27 04:50:00,117.49234
5161,2013-12-27 05:00:00,96.17493
5161,2013-12-27 05:10:00,103.16366
5161,2013-12-27 05:20:00,84.20789
5161,2013-12-27 05:30:00,111.24965
5161,2013-12-27 05:40:00,133.94884
5161,2013-12-27 05:50:00,120.626854
5161,2013-12-27 06:00:00,137.60909
5161,2013-12-27 06:10:00,127.36045
5161,2013-12-27 06:20:00,123.55809
5161,2013-12-27 06:30:00,145.19261
5161,2013-12-27 06:40:00,172.65665
5161,2013-12-27 06:50:00,168.179
5161,2013-12-27 07:00:00,194.80418
5161,2013-12-27 07:10:00,194.22678
5161,2013-12-27 07:20:00,216.20058
5161,2013-12-27 07:30:00,260.94974
5161,2013-12-27 07:40:00,270.80493
5161,2013-12-27 07:50:00,253.22285
5161,2013-12-27 08:00:00,351.20465
5161,2013-12-27 08:10:00,316.6802
5161,2013-12-27 08:20:00,360.77536
5161,2013-12-27 08:30:00,409.50827
5161,2013-12-27 08:40:00,543.5886
5161,2013-12-27 08:50:00,644.36176
5161,2013-12-27 09:00:00,623.6946
5161,2013-12-27 09:10:00,770.17773
5161,2013-12-27 09:20:00,820.6034
5161,2013-12-27 09:30:00,951.6259
5161,2013-12-27 09:40:00,1249.411
5161,2013-12-27 09:50:00,1338.9885
5161,2013-12-27 10:00:00,1505.0302
5161,2013-12-27 10:10:00,1519.706
5161,2013-12-27 10:20:00,1759.4463
5161,2013-12-27 10:30:00,2020.5924
5161,2013-12-27 10:40:00,2074.347
5161,2013-12-27 10:50:00,2427.24
5161,2013-12-27 11:00:00,2271.2246
5161,2013-12-27 11:10:00,2517.0366
5161,2013-12-27 11:20:00,2631.9023
5161,2013-12-27 11:30:00,2971.3254
5161,2013-12-27 11:40:00,2842.32
5161,2013-12-27 11:50:00,2953.5234
5161,2013-12-27 12:00:00,2966.0793
5161,2013-12-27 12:10:00,2885.0989
5161,2013-12-27 12:20:00,2852.1255
5161,2013-12-27 12:30:00,3033.2776
5161,2013-12-27 12:40:00,2924.0957
5161,2013-12-27 12:50:00,3156.4045
5161,2013-12-27 13:00:00,3092.4011
5161,2013-12-27 13:10:00,3146.5637
5161,2013-12-27 13:20:00,3031.8218
5161,2013-12-27 13:30:00,3099.929
5161,2013-12-27 13:40:00,3139.383
5161,2013-12-27 13:50:00,3183.5437
5161,2013-12-27 14:00:00,3381.4243
5161,2013-12-27 14:10:00,3593.0771
5161,2013-12-27 14:20:00,3401.378
5161,2013-12-27 14:30:00,3594.8755
5161,2013-12-27 14:40:00,3398.474
5161,2013-12-27 14:50:00,3491.9348
5161,2013-12-27 15:00:00,3529.3896
5161,2013-12-27 15:10:00,3736.6953
5161,2013-12-27 15:20:00,3915.3145
5161,2013-12-27 15:30:00,3998.8894
5161,2013-12-27 15:40:00,3823.497
5161,2013-12-27 15:50:00,3805.2383
5161,2013-12-27 16:00:00,3714.8142
5161,2013-12-27 16:10:00,3409.4656
5161,2013-12-27 16:20:00,3307.6836
5161,2013-12-27 16:30:00,3418.905
5161,2013-12-27 16:40:00,3455.7334
5161,2013-12-27 16:50:00,3311.8247
5161,2013-12-27 17:00:00,3215.9214
5161,2013-12-27 17:10:00,2931.8604
5161,2013-12-27 17:20:00,2936.0088
5161,2013-12-27 17:30:00,2755.625
5161,2013-12-27 17:40:00,2275.5466
5161,2013-12-27 17:50:00,2191.8247
5161,2013-12-27 18:00:00,1952.7238
5161,2013-12-27 18:10:00,1846.0908
5161,2013-12-27 18:20:00,1650.6556
5161,2013-12-27 18:30:00,1585.5813
5161,2013-12-27 18:40:00,1306.4856
5161,2013-12-27 18:50:00,1180.5994
5161,2013-12-27 19:00:00,1192.5088
5161,2013-12-27 19:10:00,1106.9408
5161,2013-12-27 19:20:00,1005.8607
5161,2013-12-27 19:30:00,852.80963
5161,2013-12-27 19:40:00,656.1356
5161,2013-12-27 19:50:00,714.56366
5161,2013-12-27 20:00:00,615.97815
5161,2013-12-27 20:10:00,492.7207
5161,2013-12-27 20:20:00,550.56995
5161,2013-12-27 20:30:00,485.93405
5161,2013-12-27 20:40:00,600.89606
5161,2013-12-27 20:50:00,457.87296
5161,2013-12-27 21:00:00,711.13916
5161,2013-12-27 21:10:00,455.96375
5161,2013-12-27 21:20:00,419.76797
5161,2013-12-27 21:30:00,409.63235
5161,2013-12-27 21:40:00,332.78192
5161,2013-12-27 21:50:00,359.45148
5161,2013-12-27 22:00:00,335.567
5161,2013-12-27 22:10:00,443.848
5161,2013-12-27 22:20:00,288.49957
5161,2013-12-27 22:30:00,218.93271
5161,2013-12-27 22:40:00,194.48526
5161,2013-12-27 22:50:00,201.32106
5161,2013-12-27 23:00:00,222.23982
5161,2013-12-27 23:10:00,236.45316
5161,2013-12-27 23:20:00,212.26077
5161,2013-12-27 23:30:00,160.28166
5161,2013-12-27 23:40:00,113.869576
5161,2013-12-27 23:50:00,113.61785
5161,2013-12-28 00:00:00,132.13103
5161,2013-12-28 00:10:00,76.01839
5161,2013-12-28 00:20:00,109.10138
5161,2013-12-28 00:30:00,92.90309
5161,2013-12-28 00:40:00,77.42604
5161,2013-12-28 00:50:00,79.34326
5161,2013-12-28 01:00:00,100.1899
5161,2013-12-28 01:10:00,81.520836
5161,2013-12-28 01:20:00,98.080666
5161,2013-12-28 01:30:00,86.3396
5161,2013-12-28 01:40:00,84.33976
5161,2013-12-28 01:50:00,88.39774
5161,2013-12-28 02:00:00,78.69044
5161,2013-12-28 02:10:00,97.874756
5161,2013-12-28 02:20:00,83.369736
5161,2013-12-28 02:30:00,100.96735
5161,2013-12-28 02:40:00,88.13817
5161,2013-12-28 02:50:00,103.88385
5161,2013-12-28 03:00:00,98.15989
5161,2013-12-28 03:10:00,88.29004
5161,2013-12-28 03:20:00,96.665054
5161,2013-12-28 03:30:00,87.67607
5161,2013-12-28 03:40:00,94.83982
5161,2013-12-28 03:50:00,97.5412
5161,2013-12-28 04:00:00,101.54756
5161,2013-12-28 04:10:00,98.6836
5161,2013-12-28 04:20:00,82.32935
5161,2013-12-28 04:30:00,103.30387
5161,2013-12-28 04:40:00,110.78975
5161,2013-12-28 04:50:00,106.80842
5161,2013-12-28 05:00:00,81.51655
5161,2013-12-28 05:10:00,91.24361
5161,2013-12-28 05:20:00,80.120415
5161,2013-12-28 05:30:00,76.41923
5161,2013-12-28 05:40:00,95.84957
5161,2013-12-28 05:50:00,106.98175
5161,2013-12-28 06:00:00,114.57066
5161,2013-12-28 06:10:00,98.52314
5161,2013-12-28 06:20:00,122.20345
5161,2013-12-28 06:30:00,133.88574
5161,2013-12-28 06:40:00,117.967735
5161,2013-12-28 06:50:00,137.69063
5161,2013-12-28 07:00:00,210.53215
5161,2013-12-28 07:10:00,123.98496
5161,2013-12-28 07:20:00,171.25078
5161,2013-12-28 07:30:00,165.60501
5161,2013-12-28 07:40:00,171.25246
5161,2013-12-28 07:50:00,157.95317
5161,2013-12-28 08:00:00,200.08359
5161,2013-12-28 08:10:00,183.00706
5161,2013-12-28 08:20:00,219.98206
5161,2013-12-28 08:30:00,348.5541
5161,2013-12-28 08:40:00,325.24323
5161,2013-12-28 08:50:00,428.25546
5161,2013-12-28 09:00:00,540.0004
5161,2013-12-28 09:10:00,581.37036
5161,2013-12-28 09:20:00,680.8832
5161,2013-12-28 09:30:00,789.4464
5161,2013-12-28 09:40:00,970.4201
5161,2013-12-28 09:50:00,1150.3804
5161,2013-12-28 10:00:00,1303.0986
5161,2013-12-28 10:10:00,1509.9783
5161,2013-12-28 10:20:00,1653.9263
5161,2013-12-28 10:30:00,1717.4707
5161,2013-12-28 10:40:00,1823.3931
5161,2013-12-28 10:50:00,1986.4072
5161,2013-12-28 11:00:00,2061.451
5161,2013-12-28 11:10:00,2011.5145
5161,2013-12-28 11:20:00,2198.7292
5161,2013-12-28 11:30:00,2351.096
5161,2013-12-28 11:40:00,2238.0005
5161,2013-12-28 11:50:00,2453.3572
5161,2013-12-28 12:00:00,2349.34
5161,2013-12-28 12:10:00,2410.7417
5161,2013-12-28 12:20:00,2536.0056
5161,2013-12-28 12:30:00,2482.3633
5161,2013-12-28 12:40:00,2472.2844
5161,2013-12-28 12:50:00,2568.7363
5161,2013-12-28 13:00:00,2878.498
5161,2013-12-28 13:10:00,2798.8008
5161,2013-12-28 13:20:00,2857.9814
5161,2013-12-28 13:30:00,3042.0254
5161,2013-12-28 13:40:00,2954.1775
5161,2013-12-28 13:50:00,3187.4265
5161,2013-12-28 14:00:00,3126.5076
5161,2013-12-28 14:10:00,3301.1096
5161,2013-12-28 14:20:00,3138.4053
5161,2013-12-28 14:30:00,3273.8828
5161,2013-12-28 14:40:00,3131.8347
5161,2013-12-28 14:50:00,3258.7268
5161,2013-12-28 15:00:00,3473.4614
5161,2013-12-28 15:10:00,3297.7805
5161,2013-12-28 15:20:00,3432.6318
5161,2013-12-28 15:30:00,3180.6904
5161,2013-12-28 15:40:00,3415.4636
5161,2013-12-28 15:50:00,3080.543
5161,2013-12-28 16:00:00,3044.4336
5161,2013-12-28 16:10:00,3138.557
5161,2013-12-28 16:20:00,3054.4714
5161,2013-12-28 16:30:00,3055.0754
5161,2013-12-28 16:40:00,2836.1294
5161,2013-12-28 16:50:00,2801.6694
5161,2013-12-28 17:00:00,2934.7861
5161,2013-12-28 17:10:00,2710.7747
5161,2013-12-28 17:20:00,2332.6313
5161,2013-12-28 17:30:00,2202.0605
5161,2013-12-28 17:40:00,2173.9856
5161,2013-12-28 17:50:00,2091.8198
5161,2013-12-28 18:00:00,1877.5806
5161,2013-12-28 18:10:00,1851.0612
5161,2013-12-28 18:20:00,1680.3823
5161,2013-12-28 18:30:00,1621.5739
5161,2013-12-28 18:40:00,1568.4885
5161,2013-12-28 18:50:00,1439.0989
5161,2013-12-28 19:00:00,1380.7557
5161,2013-12-28 19:10:00,1244.5964
5161,2013-12-28 19:20:00,1221.3396
5161,2013-12-28 19:30:00,975.4151
5161,2013-12-28 19:40:00,791.5003
5161,2013-12-28 19:50:00,860.1095
5161,2013-12-28 20:00:00,719.1161
5161,2013-12-28 20:10:00,674.58984
5161,2013-12-28 20:20:00,688.66925
5161,2013-12-28 20:30:00,682.3896
5161,2013-12-28 20:40:00,726.0313
5161,2013-12-28 20:50:00,758.67865
5161,2013-12-28 21:00:00,835.4304
5161,2013-12-28 21:10:00,699.4495
5161,2013-12-28 21:20:00,579.7551
5161,2013-12-28 21:30:00,478.3073
5161,2013-12-28 21:40:00,457.93158
5161,2013-12-28 21:50:00,396.68655
5161,2013-12-28 22:00:00,374.58286
5161,2013-12-28 22:10:00,503.89642
5161,2013-12-28 22:20:00,309.08365
5161,2013-12-28 22:30:00,309.2609
5161,2013-12-28 22:40:00,227.34706
5161,2013-12-28 22:50:00,285.90823
5161,2013-12-28 23:00:00,288.80142
5161,2013-12-28 23:10:00,204.77386
5161,2013-12-28 23:20:00,222.8302
5161,2013-12-28 23:30:00,158.76228
5161,2013-12-28 23:40:00,177.23506
5161,2013-12-28 23:50:00,153.6339
5161,2013-12-29 00:00:00,144.64568
5161,2013-12-29 00:10:00,130.02809
5161,2013-12-29 00:20:00,120.636375
5161,2013-12-29 00:30:00,106.616295
5161,2013-12-29 00:40:00,96.61804
5161,2013-12-29 00:50:00,94.42064
5161,2013-12-29 01:00:00,87.563484
5161,2013-12-29 01:10:00,109.315285
5161,2013-12-29 01:20:00,112.62058
5161,2013-12-29 01:30:00,103.639305
5161,2013-12-29 01:40:00,85.42359
5161,2013-12-29 01:50:00,94.76049
5161,2013-12-29 02:00:00,87.24418
5161,2013-12-29 02:10:00,92.87856
5161,2013-12-29 02:20:00,86.15949
5161,2013-12-29 02:30:00,105.07233
5161,2013-12-29 02:40:00,97.12953
5161,2013-12-29 02:50:00,118.36706
5161,2013-12-29 03:00:00,88.78643
5161,2013-12-29 03:10:00,80.05629
5161,2013-12-29 03:20:00,92.432846
5161,2013-12-29 03:30:00,102.89087
5161,2013-12-29 03:40:00,120.505516
5161,2013-12-29 03:50:00,96.10713
5161,2013-12-29 04:00:00,108.22171
5161,2013-12-29 04:10:00,103.83158
5161,2013-12-29 04:20:00,117.75122
5161,2013-12-29 04:30:00,114.938995
5161,2013-12-29 04:40:00,131.89165
5161,2013-12-29 04:50:00,149.63087
5161,2013-12-29 05:00:00,152.3001
5161,2013-12-29 05:10:00,98.485435
5161,2013-12-29 05:20:00,133.3728
5161,2013-12-29 05:30:00,102.04809
5161,2013-12-29 05:40:00,127.91924
5161,2013-12-29 05:50:00,179.54262
5161,2013-12-29 06:00:00,140.89528
5161,2013-12-29 06:10:00,114.41477
5161,2013-12-29 06:20:00,137.47551
5161,2013-12-29 06:30:00,140.04898
5161,2013-12-29 06:40:00,108.50425
5161,2013-12-29 06:50:00,159.15292
5161,2013-12-29 07:00:00,120.2753
5161,2013-12-29 07:10:00,110.28881
5161,2013-12-29 07:20:00,172.32619
5161,2013-12-29 07:30:00,151.87685
5161,2013-12-29 07:40:00,235.59482
5161,2013-12-29 07:50:00,206.69804
5161,2013-12-29 08:00:00,152.32051
5161,2013-12-29 08:10:00,223.0376
5161,2013-12-29 08:20:00,269.93213
5161,2013-12-29 08:30:00,227.93752
5161,2013-12-29 08:40:00,275.04892
5161,2013-12-29 08:50:00,322.15543
5161,2013-12-29 09:00:00,446.68417
5161,2013-12-29 09:10:00,582.6553
5161,2013-12-29 09:20:00,596.8278
5161,2013-12-29 09:30:00,606.3822
5161,2013-12-29 09:40:00,747.0645
5161,2013-12-29 09:50:00,886.42676
5161,2013-12-29 10:00:00,940.755
5161,2013-12-29 10:10:00,977.058
5161,2013-12-29 10:20:00,1221.586
5161,2013-12-29 10:30:00,1192.5787
5161,2013-12-29 10:40:00,1478.9926
5161,2013-12-29 10:50:00,1529.208
5161,2013-12-29 11:00:00,1659.4282
5161,2013-12-29 11:10:00,1801.9165
5161,2013-12-29 11:20:00,1746.1732
5161,2013-12-29 11:30:00,1940.0934
5161,2013-12-29 11:40:00,1769.2091
5161,2013-12-29 11:50:00,1920.4867
5161,2013-12-29 12:00:00,2055.6118
5161,2013-12-29 12:10:00,1944.237
5161,2013-12-29 12:20:00,2018.5823
5161,2013-12-29 12:30:00,2159.8435
5161,2013-12-29 12:40:00,2052.2087
5161,2013-12-29 12:50:00,2048.7942
5161,2013-12-29 13:00:00,2129.7646
5161,2013-12-29 13:10:00,2330.9724
5161,2013-12-29 13:20:00,2555.5046
5161,2013-12-29 13:30:00,2734.659
5161,2013-12-29 13:40:00,2460.1265
5161,2013-12-29 13:50:00,2730.6873
5161,2013-12-29 14:00:00,2960.806
5161,2013-12-29 14:10:00,3051.5305
5161,2013-12-29 14:20:00,3250.1533
5161,2013-12-29 14:30:00,3362.2288
5161,2013-12-29 14:40:00,3427.9587
5161,2013-12-29 14:50:00,3672.8965
5161,2013-12-29 15:00:00,3838.436
5161,2013-12-29 15:10:00,3956.0142
5161,2013-12-29 15:20:00,4245.139
5161,2013-12-29 15:30:00,4006.9785
5161,2013-12-29 15:40:00,4115.432
5161,2013-12-29 15:50:00,4005.5486
5161,2013-12-29 16:00:00,4160.5635
5161,2013-12-29 16:10:00,4125.932
5161,2013-12-29 16:20:00,3881.4985
5161,2013-12-29 16:30:00,3822.0889
5161,2013-12-29 16:40:00,4102.6133
5161,2013-12-29 16:50:00,3626.7214
5161,2013-12-29 17:00:00,3790.0308
5161,2013-12-29 17:10:00,3220.468
5161,2013-12-29 17:20:00,3088.7725
5161,2013-12-29 17:30:00,2764.569
5161,2013-12-29 17:40:00,2656.0088
5161,2013-12-29 17:50:00,2341.4895
5161,2013-12-29 18:00:00,2152.8525
5161,2013-12-29 18:10:00,1945.4832
5161,2013-12-29 18:20:00,1649.9868
5161,2013-12-29 18:30:00,1729.0381
5161,2013-12-29 18:40:00,1405.2513
5161,2013-12-29 18:50:00,1323.1653
5161,2013-12-29 19:00:00,1216.4026
5161,2013-12-29 19:10:00,1208.8047
5161,2013-12-29 19:20:00,915.63794
5161,2013-12-29 19:30:00,778.7471
5161,2013-12-29 19:40:00,803.4203
5161,2013-12-29 19:50:00,662.17285
5161,2013-12-29 20:00:00,458.15286
5161,2013-12-29 20:10:00,457.89505
5161,2013-12-29 20:20:00,366.4586
5161,2013-12-29 20:30:00,369.4153
5161,2013-12-29 20:40:00,356.003
5161,2013-12-29 20:50:00,348.4412
5161,2013-12-29 21:00:00,468.99866
5161,2013-12-29 21:10:00,382.37573
5161,2013-12-29 21:20:00,314.96085
5161,2013-12-29 21:30:00,239.85947
5161,2013-12-29 21:40:00,260.6758
5161,2013-12-29 21:50:00,311.04877
5161,2013-12-29 22:00:00,207.87802
5161,2013-12-29 22:10:00,205.95589
5161,2013-12-29 22:20:00,211.72423
5161,2013-12-29 22:30:00,154.7229
5161,2013-12-29 22:40:00,166.83102
5161,2013-12-29 22:50:00,250.89922
5161,2013-12-29 23:00:00,173.73404
5161,2013-12-29 23:10:00,135.36807
5161,2013-12-29 23:20:00,172.60887
5161,2013-12-29 23:30:00,158.9118
5161,2013-12-29 23:40:00,122.561134
5161,2013-12-29 23:50:00,136.58762
5161,2013-12-30 00:00:00,115.67315
5161,2013-12-30 00:10:00,104.17638
5161,2013-12-30 00:20:00,115.31351
5161,2013-12-30 00:30:00,94.989784
5161,2013-12-30 00:40:00,83.57766
5161,2013-12-30 00:50:00,104.54679
5161,2013-12-30 01:00:00,86.91003
5161,2013-12-30 01:10:00,72.42251
5161,2013-12-30 01:20:00,110.481674
5161,2013-12-30 01:30:00,92.85272
5161,2013-12-30 01:40:00,78.463135
5161,2013-12-30 01:50:00,103.296844
5161,2013-12-30 02:00:00,87.12143
5161,2013-12-30 02:10:00,72.785934
5161,2013-12-30 02:20:00,100.1773
5161,2013-12-30 02:30:00,77.40565
5161,2013-12-30 02:40:00,72.18956
5161,2013-12-30 02:50:00,92.12794
5161,2013-12-30 03:00:00,74.92064
5161,2013-12-30 03:10:00,75.83424
5161,2013-12-30 03:20:00,101.898605
5161,2013-12-30 03:30:00,91.434044
5161,2013-12-30 03:40:00,69.27308
5161,2013-12-30 03:50:00,103.80037
5161,2013-12-30 04:00:00,101.64743
5161,2013-12-30 04:10:00,116.34865
5161,2013-12-30 04:20:00,126.750916
5161,2013-12-30 04:30:00,76.39617
5161,2013-12-30 04:40:00,74.381836
5161,2013-12-30 04:50:00,111.70769
5161,2013-12-30 05:00:00,78.162186
5161,2013-12-30 05:10:00,86.48773
5161,2013-12-30 05:20:00,110.778305
5161,2013-12-30 05:30:00,108.12321
5161,2013-12-30 05:40:00,127.88629
5161,2013-12-30 05:50:00,136.12991
5161,2013-12-30 06:00:00,158.99312
5161,2013-12-30 06:10:00,126.19482
5161,2013-12-30 06:20:00,148.77621
5161,2013-12-30 06:30:00,148.15585
5161,2013-12-30 06:40:00,200.9867
5161,2013-12-30 06:50:00,192.82077
5161,2013-12-30 07:00:00,238.37132
5161,2013-12-30 07:10:00,224.21327
5161,2013-12-30 07:20:00,287.75595
5161,2013-12-30 07:30:00,256.8348
5161,2013-12-30 07:40:00,346.0997
5161,2013-12-30 07:50:00,393.30328
5161,2013-12-30 08:00:00,394.7191
5161,2013-12-30 08:10:00,456.31375
5161,2013-12-30 08:20:00,475.1616
5161,2013-12-30 08:30:00,505.595
5161,2013-12-30 08:40:00,603.1714
5161,2013-12-30 08:50:00,631.42365
5161,2013-12-30 09:00:00,697.3153
5161,2013-12-30 09:10:00,643.6248
5161,2013-12-30 09:20:00,786.90094
5161,2013-12-30 09:30:00,857.0807
5161,2013-12-30 09:40:00,999.90546
5161,2013-12-30 09:50:00,1176.2777
5161,2013-12-30 10:00:00,1263.6932
5161,2013-12-30 10:10:00,1364.851
5161,2013-12-30 10:20:00,1480.7339
5161,2013-12-30 10:30:00,1729.0629
5161,2013-12-30 10:40:00,1875.0237
5161,2013-12-30 10:50:00,1754.3787
5161,2013-12-30 11:00:00,1972.6143
5161,2013-12-30 11:10:00,1829.6223
5161,2013-12-30 11:20:00,2145.3625
5161,2013-12-30 11:30:00,2266.0796
5161,2013-12-30 11:40:00,2283.8767
5161,2013-12-30 11:50:00,2605.2861
5161,2013-12-30 12:00:00,2418.3486
5161,2013-12-30 12:10:00,2372.32
5161,2013-12-30 12:20:00,2585.404
5161,2013-12-30 12:30:00,2703.7354
5161,2013-12-30 12:40:00,2732.32
5161,2013-12-30 12:50:00,2722.631
5161,2013-12-30 13:00:00,2654.8792
5161,2013-12-30 13:10:00,2707.2903
5161,2013-12-30 13:20:00,2561.3774
5161,2013-12-30 13:30:00,2593.795
5161,2013-12-30 13:40:00,2620.946
5161,2013-12-30 13:50:00,2714.6572
5161,2013-12-30 14:00:00,2588.6548
5161,2013-12-30 14:10:00,2698.974
5161,2013-12-30 14:20:00,2802.2444
5161,2013-12-30 14:30:00,2751.3755
5161,2013-12-30 14:40:00,3087.442
5161,2013-12-30 14:50:00,2874.6484
5161,2013-12-30 15:00:00,3016.7776
5161,2013-12-30 15:10:00,2696.612
5161,2013-12-30 15:20:00,3013.8242
5161,2013-12-30 15:30:00,2889.6729
5161,2013-12-30 15:40:00,3040.8074
5161,2013-12-30 15:50:00,2949.9802
5161,2013-12-30 16:00:00,3096.0867
5161,2013-12-30 16:10:00,2801.8157
5161,2013-12-30 16:20:00,2822.5356
5161,2013-12-30 16:30:00,2695.809
5161,2013-12-30 16:40:00,2590.9785
5161,2013-12-30 16:50:00,2482.8489
5161,2013-12-30 17:00:00,2497.369
5161,2013-12-30 17:10:00,2238.3962
5161,2013-12-30 17:20:00,2206.6848
5161,2013-12-30 17:30:00,2205.9167
5161,2013-12-30 17:40:00,1952.9392
5161,2013-12-30 17:50:00,1762.7013
5161,2013-12-30 18:00:00,1502.8896
5161,2013-12-30 18:10:00,1426.5623
5161,2013-12-30 18:20:00,1358.505
5161,2013-12-30 18:30:00,1304.0723
5161,2013-12-30 18:40:00,971.1268
5161,2013-12-30 18:50:00,960.4438
5161,2013-12-30 19:00:00,1042.249
5161,2013-12-30 19:10:00,918.3337
5161,2013-12-30 19:20:00,801.9573
5161,2013-12-30 19:30:00,675.0664
5161,2013-12-30 19:40:00,631.98975
5161,2013-12-30 19:50:00,499.50003
5161,2013-12-30 20:00:00,552.84674
5161,2013-12-30 20:10:00,416.8521
5161,2013-12-30 20:20:00,367.7607
5161,2013-12-30 20:30:00,372.97183
5161,2013-12-30 20:40:00,288.83493
5161,2013-12-30 20:50:00,295.3989
5161,2013-12-30 21:00:00,354.97668
5161,2013-12-30 21:10:00,300.2633
5161,2013-12-30 21:20:00,342.27765
5161,2013-12-30 21:30:00,317.48416
5161,2013-12-30 21:40:00,250.39102
5161,2013-12-30 21:50:00,253.80516
5161,2013-12-30 22:00:00,293.27493
5161,2013-12-30 22:10:00,208.1725
5161,2013-12-30 22:20:00,188.07642
5161,2013-12-30 22:30:00,193.2061
5161,2013-12-30 22:40:00,211.0515
5161,2013-12-30 22:50:00,172.88683
5161,2013-12-30 23:00:00,200.09366
5161,2013-12-30 23:10:00,162.87025
5161,2013-12-30 23:20:00,118.0737
5161,2013-12-30 23:30:00,146.148
5161,2013-12-30 23:40:00,131.13623
5161,2013-12-30 23:50:00,121.38002
5161,2013-12-31 00:00:00,155.55853
5161,2013-12-31 00:10:00,100.87272
5161,2013-12-31 00:20:00,99.89815
5161,2013-12-31 00:30:00,101.16022
5161,2013-12-31 00:40:00,79.00063
5161,2013-12-31 00:50:00,101.32795
5161,2013-12-31 01:00:00,115.164116
5161,2013-12-31 01:10:00,75.34003
5161,2013-12-31 01:20:00,99.30224
5161,2013-12-31 01:30:00,99.62889
5161,2013-12-31 01:40:00,79.393394
5161,2013-12-31 01:50:00,86.09458
5161,2013-12-31 02:00:00,94.13419
5161,2013-12-31 02:10:00,63.747993
5161,2013-12-31 02:20:00,85.69305
5161,2013-12-31 02:30:00,88.152405
5161,2013-12-31 02:40:00,66.47695
5161,2013-12-31 02:50:00,75.479256
5161,2013-12-31 03:00:00,78.5772
5161,2013-12-31 03:10:00,63.19257
5161,2013-12-31 03:20:00,70.83855
5161,2013-12-31 03:30:00,77.61143
5161,2013-12-31 03:40:00,66.25653
5161,2013-12-31 03:50:00,76.11424
5161,2013-12-31 04:00:00,89.94071
5161,2013-12-31 04:10:00,74.00971
5161,2013-12-31 04:20:00,98.514626
5161,2013-12-31 04:30:00,113.21244
5161,2013-12-31 04:40:00,79.53456
5161,2013-12-31 04:50:00,111.47299
5161,2013-12-31 05:00:00,112.527
5161,2013-12-31 05:10:00,87.3585
5161,2013-12-31 05:20:00,103.38614
5161,2013-12-31 05:30:00,84.37189
5161,2013-12-31 05:40:00,116.972145
5161,2013-12-31 05:50:00,119.17975
5161,2013-12-31 06:00:00,128.42868
5161,2013-12-31 06:10:00,115.80816
5161,2013-12-31 06:20:00,143.73282
5161,2013-12-31 06:30:00,119.44049
5161,2013-12-31 06:40:00,114.81133
5161,2013-12-31 06:50:00,139.77412
5161,2013-12-31 07:00:00,168.49956
5161,2013-12-31 07:10:00,168.95306
5161,2013-12-31 07:20:00,200.11436
5161,2013-12-31 07:30:00,255.48213
5161,2013-12-31 07:40:00,316.2248
5161,2013-12-31 07:50:00,245.47093
5161,2013-12-31 08:00:00,337.32108
5161,2013-12-31 08:10:00,405.98932
5161,2013-12-31 08:20:00,376.41302
5161,2013-12-31 08:30:00,455.29816
5161,2013-12-31 08:40:00,553.04474
5161,2013-12-31 08:50:00,694.31274
5161,2013-12-31 09:00:00,556.6897
5161,2013-12-31 09:10:00,722.0833
5161,2013-12-31 09:20:00,625.2338
5161,2013-12-31 09:30:00,680.06573
5161,2013-12-31 09:40:00,820.28754
5161,2013-12-31 09:50:00,935.82745
5161,2013-12-31 10:00:00,911.1556
5161,2013-12-31 10:10:00,1103.2103
5161,2013-12-31 10:20:00,1238.5254
5161,2013-12-31 10:30:00,1092.184
5161,2013-12-31 10:40:00,1151.8065
5161,2013-12-31 10:50:00,1265.3225
5161,2013-12-31 11:00:00,1275.6366
5161,2013-12-31 11:10:00,1417.9
5161,2013-12-31 11:20:00,1290.2701
5161,2013-12-31 11:30:00,1333.3857
5161,2013-12-31 11:40:00,1479.7867
5161,2013-12-31 11:50:00,1623.4966
5161,2013-12-31 12:00:00,1671.8229
5161,2013-12-31 12:10:00,1624.0558
5161,2013-12-31 12:20:00,1678.5911
5161,2013-12-31 12:30:00,1617.7355
5161,2013-12-31 12:40:00,1905.239
5161,2013-12-31 12:50:00,1939.5059
5161,2013-12-31 13:00:00,1748.7543
5161,2013-12-31 13:10:00,1762.481
5161,2013-12-31 13:20:00,1754.4707
5161,2013-12-31 13:30:00,1774.9302
5161,2013-12-31 13:40:00,1807.315
5161,2013-12-31 13:50:00,1870.0865
5161,2013-12-31 14:00:00,1797.6172
5161,2013-12-31 14:10:00,1677.4644
5161,2013-12-31 14:20:00,1767.3717
5161,2013-12-31 14:30:00,1777.1191
5161,2013-12-31 14:40:00,1819.8816
5161,2013-12-31 14:50:00,1868.0789
5161,2013-12-31 15:00:00,1809.5778
5161,2013-12-31 15:10:00,1793.8499
5161,2013-12-31 15:20:00,1950.4169
5161,2013-12-31 15:30:00,1821.1636
5161,2013-12-31 15:40:00,1911.5938
5161,2013-12-31 15:50:00,1723.8577
5161,2013-12-31 16:00:00,1806.7549
5161,2013-12-31 16:10:00,1779.272
5161,2013-12-31 16:20:00,1696.8336
5161,2013-12-31 16:30:00,1663.5117
5161,2013-12-31 16:40:00,1585.1031
5161,2013-12-31 16:50:00,1490.8064
5161,2013-12-31 17:00:00,1364.1213
5161,2013-12-31 17:10:00,1369.1788
5161,2013-12-31 17:20:00,1159.4078
5161,2013-12-31 17:30:00,1091.2405
5161,2013-12-31 17:40:00,1162.6558
5161,2013-12-31 17:50:00,897.766
5161,2013-12-31 18:00:00,920.0246
5161,2013-12-31 18:10:00,851.0497
5161,2013-12-31 18:20:00,742.032
5161,2013-12-31 18:30:00,707.1329
5161,2013-12-31 18:40:00,717.6934
5161,2013-12-31 18:50:00,725.3193
5161,2013-12-31 19:00:00,766.3565
5161,2013-12-31 19:10:00,663.6279
5161,2013-12-31 19:20:00,690.70667
5161,2013-12-31 19:30:00,607.5601
5161,2013-12-31 19:40:00,593.3632
5161,2013-12-31 19:50:00,574.1865
5161,2013-12-31 20:00:00,571.2855
5161,2013-12-31 20:10:00,671.6736
5161,2013-12-31 20:20:00,638.68384
5161,2013-12-31 20:30:00,576.21533
5161,2013-12-31 20:40:00,654.51465
5161,2013-12-31 20:50:00,693.94055
5161,2013-12-31 21:00:00,765.39
5161,2013-12-31 21:10:00,705.09064
5161,2013-12-31 21:20:00,705.02
5161,2013-12-31 21:30:00,643.5426
5161,2013-12-31 21:40:00,682.3964
5161,2013-12-31 21:50:00,708.86273
5161,2013-12-31 22:00:00,671.4978
5161,2013-12-31 22:10:00,678.569
5161,2013-12-31 22:20:00,666.43506
5161,2013-12-31 22:30:00,791.7613
5161,2013-12-31 22:40:00,691.70355
5161,2013-12-31 22:50:00,773.2022
5161,2013-12-31 23:00:00,990.8813
5161,2013-12-31 23:10:00,1469.5521
5161,2013-12-31 23:20:00,1029.7084
5161,2013-12-31 23:30:00,1105.8287
5161,2013-12-31 23:40:00,1146.5463
5161,2013-12-31 23:50:00,674.70557
5161,2014-01-01 00:00:00,581.64624
5161,2014-01-01 00:10:00,425.82513
5161,2014-01-01 00:20:00,380.51968
5161,2014-01-01 00:30:00,274.2692
5161,2014-01-01 00:40:00,242.96223
5161,2014-01-01 00:50:00,232.65567
5161,2014-01-01 01:00:00,254.92308
5161,2014-01-01 01:10:00,235.01976
5161,2014-01-01 01:20:00,236.55362
5161,2014-01-01 01:30:00,208.79414
5161,2014-01-01 01:40:00,181.09402
5161,2014-01-01 01:50:00,186.84738
5161,2014-01-01 02:00:00,145.71101
5161,2014-01-01 02:10:00,209.98994
5161,2014-01-01 02:20:00,185.90578
5161,2014-01-01 02:30:00,152.15137
5161,2014-01-01 02:40:00,111.20115
5161,2014-01-01 02:50:00,89.98593
5161,2014-01-01 03:00:00,103.8472
5161,2014-01-01 03:10:00,87.634544
5161,2014-01-01 03:20:00,89.16624
5161,2014-01-01 03:30:00,104.52519
5161,2014-01-01 03:40:00,90.75302
5161,2014-01-01 03:50:00,90.54912
5161,2014-01-01 04:00:00,95.370056
5161,2014-01-01 04:10:00,98.84373
5161,2014-01-01 04:20:00,87.09856
5161,2014-01-01 04:30:00,90.185196
5161,2014-01-01 04:40:00,90.95168
5161,2014-01-01 04:50:00,83.51999
5161,2014-01-01 05:00:00,87.78111
5161,2014-01-01 05:10:00,66.46742
5161,2014-01-01 05:20:00,87.131805
5161,2014-01-01 05:30:00,89.79348
5161,2014-01-01 05:40:00,58.29959
5161,2014-01-01 05:50:00,99.56116
5161,2014-01-01 06:00:00,98.459335
5161,2014-01-01 06:10:00,76.11789
5161,2014-01-01 06:20:00,75.57218
5161,2014-01-01 06:30:00,83.231415
5161,2014-01-01 06:40:00,72.739204
5161,2014-01-01 06:50:00,75.33809
5161,2014-01-01 07:00:00,86.72138
5161,2014-01-01 07:10:00,73.63657
5161,2014-01-01 07:20:00,151.0033
5161,2014-01-01 07:30:00,129.4376
5161,2014-01-01 07:40:00,100.82854
5161,2014-01-01 07:50:00,86.79991
5161,2014-01-01 08:00:00,117.525826
5161,2014-01-01 08:10:00,94.95614
5161,2014-01-01 08:20:00,109.1668
5161,2014-01-01 08:30:00,129.06276
5161,2014-01-01 08:40:00,144.7399
5161,2014-01-01 08:50:00,181.48415
5161,2014-01-01 09:00:00,195.63374
5161,2014-01-01 09:10:00,216.14697
5161,2014-01-01 09:20:00,190.68494
5161,2014-01-01 09:30:00,187.01935
5161,2014-01-01 09:40:00,168.01944
5161,2014-01-01 09:50:00,202.28949
5161,2014-01-01 10:00:00,225.8961
5161,2014-01-01 10:10:00,246.71896
5161,2014-01-01 10:20:00,224.09705
5161,2014-01-01 10:30:00,273.32257
5161,2014-01-01 10:40:00,250.13159
5161,2014-01-01 10:50:00,307.2568
5161,2014-01-01 11:00:00,304.23807
5161,2014-01-01 11:10:00,331.79773
5161,2014-01-01 11:20:00,363.81982
5161,2014-01-01 11:30:00,405.91754
5161,2014-01-01 11:40:00,447.26562
5161,2014-01-01 11:50:00,365.45367
5161,2014-01-01 12:00:00,405.59897
5161,2014-01-01 12:10:00,531.16876
5161,2014-01-01 12:20:00,520.04315
5161,2014-01-01 12:30:00,436.87448
5161,2014-01-01 12:40:00,520.36847
5161,2014-01-01 12:50:00,558.1381
5161,2014-01-01 13:00:00,594.13794
5161,2014-01-01 13:10:00,580.488
5161,2014-01-01 13:20:00,633.1153
5161,2014-01-01 13:30:00,640.0752
5161,2014-01-01 13:40:00,603.15533
5161,2014-01-01 13:50:00,674.7957
5161,2014-01-01 14:00:00,692.71936
5161,2014-01-01 14:10:00,778.74774
5161,2014-01-01 14:20:00,717.9835
5161,2014-01-01 14:30:00,804.38556
5161,2014-01-01 14:40:00,733.3869
5161,2014-01-01 14:50:00,710.7843
5161,2014-01-01 15:00:00,820.121
5161,2014-01-01 15:10:00,941.6311
5161,2014-01-01 15:20:00,948.367
5161,2014-01-01 15:30:00,898.939
5161,2014-01-01 15:40:00,952.38794
5161,2014-01-01 15:50:00,1110.7849
5161,2014-01-01 16:00:00,1065.036
5161,2014-01-01 16:10:00,973.8333
5161,2014-01-01 16:20:00,977.8986
5161,2014-01-01 16:30:00,792.612
5161,2014-01-01 16:40:00,820.0131
5161,2014-01-01 16:50:00,911.6788
5161,2014-01-01 17:00:00,1054.6799
5161,2014-01-01 17:10:00,871.4438
5161,2014-01-01 17:20:00,845.229
5161,2014-01-01 17:30:00,743.5518
5161,2014-01-01 17:40:00,651.9272
5161,2014-01-01 17:50:00,688.45593
5161,2014-01-01 18:00:00,689.3252
5161,2014-01-01 18:10:00,643.8506
5161,2014-01-01 18:20:00,691.32324
5161,2014-01-01 18:30:00,625.204
5161,2014-01-01 18:40:00,546.9564
5161,2014-01-01 18:50:00,544.6556
5161,2014-01-01 19:00:00,625.211
5161,2014-01-01 19:10:00,526.8751
5161,2014-01-01 19:20:00,499.85828
5161,2014-01-01 19:30:00,433.13684
5161,2014-01-01 19:40:00,328.60394
5161,2014-01-01 19:50:00,315.24063
5161,2014-01-01 20:00:00,330.3862
5161,2014-01-01 20:10:00,298.22647
5161,2014-01-01 20:20:00,264.84573
5161,2014-01-01 20:30:00,284.9668
5161,2014-01-01 20:40:00,281.38004
5161,2014-01-01 20:50:00,315.6774
5161,2014-01-01 21:00:00,394.1103
5161,2014-01-01 21:10:00,435.97894
5161,2014-01-01 21:20:00,272.1184
5161,2014-01-01 21:30:00,264.3922
5161,2014-01-01 21:40:00,176.65552
5161,2014-01-01 21:50:00,185.3891
5161,2014-01-01 22:00:00,186.03781
5161,2014-01-01 22:10:00,194.556
5161,2014-01-01 22:20:00,183.1009
5161,2014-01-01 22:30:00,207.4555
5161,2014-01-01 22:40:00,141.79224
5161,2014-01-01 22:50:00,148.33173
